product_id,highlights
P473671,"['Unisex/ Genderless Scent', 'Warm &Spicy Scent', 'Woody & Earthy Scent', 'Fresh Scent']"
P473668,"['Unisex/ Genderless Scent', 'Layerable Scent', 'Warm &Spicy Scent']"
P473662,"['Unisex/ Genderless Scent', 'Layerable Scent', 'Woody & Earthy Scent']"
P473660,"['Unisex/ Genderless Scent', 'Layerable Scent', 'Warm &Spicy Scent']"
P473658,"['Unisex/ Genderless Scent', 'Layerable Scent', 'Woody & Earthy Scent']"
P473661,"['Warm &Spicy Scent', 'Unisex/ Genderless Scent', 'Layerable Scent']"
P473659,"['Unisex/ Genderless Scent', 'Layerable Scent', 'Woody & Earthy Scent']"
P473666,"['Unisex/ Genderless Scent', 'allure 2022 Best of Beauty Award Winner', 'Fresh Scent']"
P472300,"['Fresh Scent', 'Layerable Scent', 'Unisex/ Genderless Scent']"
P473667,"['Unisex/ Genderless Scent', 'allure 2022 Best of Beauty Award Winner', 'Fresh Scent']"
P473663,"['Unisex/ Genderless Scent', 'Layerable Scent', 'Woody & Earthy Scent']"
P473670,"['Unisex/ Genderless Scent', 'Layerable Scent', 'Fresh Scent']"
P473664,"['Fresh Scent', 'Unisex/ Genderless Scent', 'Layerable Scent']"
P473665,"['Unisex/ Genderless Scent', 'Layerable Scent', 'Fresh Scent']"
P476416,"['Clean at Sephora', 'Hydrating', 'Good for: Dryness', 'Without Parabens', 'Without Sulfates SLS & SLES', 'Black Owned at Sephora']"
P476418,"['Good for: Dryness', 'Clean at Sephora', 'Hydrating', 'Without Parabens', 'Without Sulfates SLS & SLES', 'Black Owned at Sephora']"
P476417,"['Good for: Dryness', 'Clean at Sephora', 'Hydrating', 'Without Parabens', 'Without Sulfates SLS & SLES', 'Black Owned at Sephora']"
P503832,"['Clean at Sephora', 'Hydrating', 'Good for: Dryness', 'Without Parabens', 'Without Sulfates SLS & SLES', 'Black Owned at Sephora']"
P483068,"['Vegan', 'Woody & Earthy Scent', 'Clean + Planet Positive', 'Floral Scent', 'Fresh Scent', 'Cruelty-Free']"
P483139,"['Clean + Planet Positive', 'Vegan', 'Cruelty-Free', 'Fresh Scent', 'Without Parabens', 'Without Phthalates']"
P483080,"['Vegan', 'Clean + Planet Positive', 'Fresh Scent', 'Without Phthalates', 'Without Parabens', 'Cruelty-Free']"
P483079,"['Vegan', 'Clean + Planet Positive', 'Fresh Scent', 'Without Phthalates', 'Without Parabens', 'Cruelty-Free']"
P483131,"['Vegan', 'Woody & Earthy Scent', 'Clean + Planet Positive', 'Without Phthalates', 'Without Parabens', 'Cruelty-Free']"
P483130,"['Clean + Planet Positive', 'Vegan', 'Cruelty-Free', 'Woody & Earthy Scent', 'Without Parabens', 'Without Phthalates']"
P483108,"['Vegan', 'Woody & Earthy Scent', 'Clean + Planet Positive', 'Without Phthalates', 'Without Parabens', 'Cruelty-Free']"
P483140,"['Vegan', 'Clean + Planet Positive', 'Fresh Scent', 'Without Phthalates', 'Without Parabens', 'Cruelty-Free']"
P483072,"['Vegan', 'Woody & Earthy Scent', 'Clean + Planet Positive', 'Without Phthalates', 'Without Parabens', 'Cruelty-Free']"
P483071,"['Clean + Planet Positive', 'Vegan', 'Cruelty-Free', 'Woody & Earthy Scent', 'Without Parabens', 'Without Phthalates']"
P483110,"['Vegan', 'Woody & Earthy Scent', 'Clean + Planet Positive', 'Without Phthalates', 'Without Parabens', 'Cruelty-Free']"
P483109,"['Clean + Planet Positive', 'Vegan', 'Cruelty-Free', 'Woody & Earthy Scent', 'Without Parabens', 'Without Phthalates']"
P483107,"['Woody & Earthy Scent', 'Clean + Planet Positive', 'Vegan', 'Cruelty-Free', 'Without Parabens', 'Without Phthalates']"
P443401,"['Unisex/ Genderless Scent', 'Fresh Scent']"
P307804,"['Unisex/ Genderless Scent', 'Fresh Scent']"
P375388,"['Unisex/ Genderless Scent', 'Fresh Scent']"
P163604,"['Unisex/ Genderless Scent', 'Fresh Scent']"
P252213,No Highlights
P456550,No Highlights
P377678,No Highlights
P269110,No Highlights
P448830,No Highlights
P380571,"['Stick Formula', 'Fresh Scent', 'Alcohol Free']"
P422289,No Highlights
P471526,No Highlights
P460438,No Highlights
P448828,No Highlights
P457232,"['Vegan', 'Clean at Sephora', 'All Hair Types', 'Coily Hair', 'Without Silicones', 'Good for: Flaky/Dry Scalp']"
P474806,"['Good for: Damage', 'Good for: Color Care', 'Clean at Sephora', 'All Hair Types', 'Good for: Frizz', 'Without Silicones']"
P457233,"['Clean at Sephora', 'All Hair Types', 'Curl-Enhancing', 'Coily Hair', 'Without Parabens']"
P474808,"['Good for: Damage', 'Vegan', 'Clean at Sephora', 'All Hair Types', 'Without Silicones', 'Increases Shine']"
P457234,"['Unisex/ Genderless Scent', 'Clean at Sephora', 'Coily Hair', 'Curly Hair', 'Without Sulfates SLS & SLES', 'Good for: Flaky/Dry Scalp']"
P474804,"['Clean at Sephora', 'All Hair Types', 'Without Silicones', 'Without Sulfates SLS & SLES', 'Increases Shine', 'Good for: Oily Scalp']"
P481372,"['Clean at Sephora', 'All Hair Types', 'Good for: Frizz', 'Good for: Dryness', 'Without Sulfates SLS & SLES', 'Increases Shine']"
P457237,"['Clean at Sephora', 'All Hair Types', 'Curly Hair', 'UV Protection', 'Increases Shine', 'Good for: Flaky/Dry Scalp']"
P457236,"['Clean at Sephora', 'Good for: Volume', 'All Hair Types', 'Curl-Enhancing', 'Coily Hair', 'Strong Hold']"
P474807,"['Heat Protection', 'Clean at Sephora', 'All Hair Types', 'Good for: Frizz', 'Without Silicones', 'Increases Shine']"
P457235,"['allure 2020 Best of Beauty Award Winner', 'Clean at Sephora', 'Curl-Enhancing', 'Coily Hair', 'Curly Hair', 'Strong Hold']"
P474805,"['Good for: Damage', 'Good for: Color Care', 'Clean at Sephora', 'All Hair Types', 'Without Silicones', 'Increases Shine']"
P473150,"['Vegan', 'Clean at Sephora', 'All Hair Types', 'Coily Hair', 'Without Silicones', 'Good for: Flaky/Dry Scalp']"
P473151,"['Hydrating', 'Good for: Frizz', 'Good for: Dryness', 'Increases Shine', 'Good for: Flaky/Dry Scalp']"
P398965,"['Hydrating', 'Good for: Dryness']"
P405269,"['Floral Scent', 'Layerable Scent', 'Fresh Scent']"
P405273,"['Floral Scent', 'Layerable Scent', 'Fresh Scent']"
P388770,"['Floral Scent', 'Layerable Scent', 'Warm &Spicy Scent']"
P398823,"['Floral Scent', 'Layerable Scent', 'Warm &Spicy Scent']"
P428454,"['Floral Scent', 'Layerable Scent', 'Fresh Scent']"
P388762,"['Floral Scent', 'Layerable Scent', 'Fresh Scent']"
P388766,"['Floral Scent', 'Layerable Scent', 'Fresh Scent']"
P395768,"['Layerable Scent', 'Floral Scent', 'Fresh Scent']"
P433906,"['Layerable Scent', 'Floral Scent']"
P433901,"['Layerable Scent', 'Floral Scent', 'Fresh Scent']"
P454826,"['Layerable Scent', 'Fresh Scent']"
P410846,No Highlights
P460780,"['Floral Scent', 'Layerable Scent', 'Fresh Scent']"
P481055,['Floral Scent']
P454825,"['Layerable Scent', 'Fresh Scent']"
P442516,No Highlights
P442515,No Highlights
P475043,No Highlights
P475042,No Highlights
P504686,No Highlights
P471527,No Highlights
P439055,"['Vegan', 'Good for: Loss of firmness', 'Collagen', 'Hypoallergenic', 'Without Parabens', 'Best for Dry, Combo, Normal Skin']"
P421277,"['Vegan', 'Good for: Loss of firmness', 'Collagen', 'Hypoallergenic', 'Without Parabens', 'Best for Dry, Combo, Normal Skin']"
P467602,No Highlights
P432045,"['Vegan', 'Good for: Loss of firmness', 'Plumping', 'Collagen', 'Hypoallergenic', 'Best for Dry, Combo, Normal Skin']"
P311143,"['Vegan', 'Hypoallergenic', 'UV Protection', 'SPF', 'Best for Dry, Combo, Normal Skin']"
P384537,"['Vegan', 'Collagen', 'Hypoallergenic', 'Good for: Loss of firmness', 'Best for Dry, Combo, Normal Skin']"
P388200,No Highlights
P296413,No Highlights
P500716,"['Vegan', 'Good for: Loss of firmness', 'Good for: Dark Circles', 'Collagen', 'Hydrating', 'Good for: Anti-Aging']"
P379907,No Highlights
P296415,No Highlights
P392945,"['Vegan', 'Collagen', 'Hypoallergenic', 'Good for: Loss of firmness', 'Best for Dry, Combo, Normal Skin']"
P282935,No Highlights
P474809,No Highlights
P416552,No Highlights
P471000,"['Liquid Formula', 'Best for Oily, Combo, Normal Skin', 'Good for: Dullness/Uneven Texture', 'Good for: Dryness', 'Niacinamide', 'Oil Free']"
P480274,"['Salicylic Acid', 'Collagen', 'Best for Oily, Combo, Normal Skin', 'Good for: Dullness/Uneven Texture', 'Good for: Loss of firmness', 'Vegan']"
P453818,"['Vegan', 'Collagen', 'Hypoallergenic', 'Good for: Redness', 'Best for Dry, Combo, Normal Skin']"
P442859,"['Vegan', 'Hypoallergenic', 'Good for: Acne/Blemishes', 'Best for Combination Skin']"
P388262,"['Vegan', 'Collagen', 'Hypoallergenic', 'Good for: Loss of firmness', 'Best for Dry, Combo, Normal Skin']"
P457694,"['Vegan', 'Vitamin C', 'Hypoallergenic', 'Good for: Dark spots', 'Best for Oily, Combo, Normal Skin']"
P447504,"['Vegan', 'Niacinamide', 'Hypoallergenic', 'Good for: Anti-Aging', 'Best for Dry, Combo, Normal Skin']"
P404169,No Highlights
P404168,No Highlights
P449163,"['Vegan', 'Collagen', 'Hypoallergenic', 'Good for: Dryness', 'Best for Dry, Combo, Normal Skin']"
P433469,"['Vegan', 'Retinol', 'Hypoallergenic', 'Good for: Dullness/Uneven Texture', 'Best for Oily, Combo, Normal Skin']"
P420638,No Highlights
P456990,"['Vegan', 'Good for: Loss of firmness', 'Collagen', 'Hypoallergenic', 'Without Parabens', 'Best for Dry, Combo, Normal Skin']"
P410809,No Highlights
P442860,No Highlights
P449164,"['Vegan', 'Retinol', 'Hypoallergenic', 'Good for: Anti-Aging', 'Best for Dry, Combo, Normal Skin']"
P504443,"['Vegan', 'Good for: Loss of firmness', 'Plumping', 'Collagen', 'Hypoallergenic', 'Best for Dry, Combo, Normal Skin']"
P440949,"['AHA/Glycolic Acid', 'Good for: Dullness/Uneven Texture', 'Good for: Anti-Aging', 'Good for: Dark spots', 'Cruelty-Free', 'Clean at Sephora']"
P442540,"['Vegan', 'Good for: Dullness/Uneven Texture', 'Good for: Loss of firmness', 'Clean at Sephora', 'Retinol', 'Good for: Anti-Aging']"
P442539,"['Hyaluronic Acid', 'Good for: Dullness/Uneven Texture', 'Good for: Pores', 'Hydrating', 'Clean at Sephora', 'Niacinamide']"
P442546,"['Best for Dry, Combo, Normal Skin', 'Good for: Redness', 'Good for: Dryness', 'Cruelty-Free', 'Clean at Sephora', 'allure 2021 Best of Beauty Award Winner']"
P442548,"['AHA/Glycolic Acid', 'Good for: Dullness/Uneven Texture', 'Good for: Anti-Aging', 'Good for: Dark spots', 'Cruelty-Free', 'Clean at Sephora']"
P442537,"['AHA/Glycolic Acid', 'Good for: Loss of firmness', 'Good for: Dark Circles', 'Good for: Anti-Aging', 'Cruelty-Free', 'Clean at Sephora']"
P480150,"['Good for: Dullness/Uneven Texture', 'Good for: Loss of firmness', 'Clean at Sephora', 'Good for: Anti-Aging', 'AHA/Glycolic Acid', 'Cruelty-Free']"
P442542,"['Good for: Dullness/Uneven Texture', 'Clean at Sephora', 'Retinol', 'Good for: Anti-Aging', 'AHA/Glycolic Acid', 'Cruelty-Free']"
P442545,"['Best for Oily, Combo, Normal Skin', 'Good for: Acne/Blemishes', 'Good for: Pores', 'Cruelty-Free', 'Clean at Sephora']"
P455237,"['Hyaluronic Acid', 'Best for Dry Skin', 'Good for: Loss of firmness', 'Clean + Planet Positive', 'Good for: Anti-Aging', 'Cruelty-Free']"
P465741,"['Good for: Dullness/Uneven Texture', 'Clean + Planet Positive', 'AHA/Glycolic Acid', 'Good for: Acne/Blemishes', 'Salicylic Acid', 'Best for Oily, Combo, Normal Skin']"
P472302,"['Good for: Loss of firmness', 'Clean + Planet Positive', 'Good for: Pores', 'Hydrating', 'Niacinamide', 'Cruelty-Free']"
P455613,"['Best for Dry Skin', 'Clean + Planet Positive', 'Vitamin C', 'Good for: Dark Circles', 'Good for: Anti-Aging', 'Cruelty-Free']"
P503197,"['Clean + Planet Positive', 'Good for: Pores', 'Hydrating', 'Collagen', 'Best for Dry, Combo, Normal Skin', 'Cruelty-Free']"
P477492,"['Best for Dry Skin', 'Vitamin C', 'Clean + Planet Positive', 'Plumping', 'Good for: Dark spots', 'Cruelty-Free']"
P455614,"['Good for: Dullness/Uneven Texture', 'Best for Dry Skin', 'Clean + Planet Positive', 'Good for: Pores', 'AHA/Glycolic Acid', 'Cruelty-Free']"
P455612,"['allure 2020 Best of Beauty Award Winner', 'Good for: Dullness/Uneven Texture', 'Vitamin C', 'Clean + Planet Positive', 'Good for: Anti-Aging', 'Good for: Dark spots']"
P483643,"['Hyaluronic Acid', 'Plumping', 'Clean + Planet Positive', 'Hydrating', 'Good for: Dryness', 'Cruelty-Free']"
P505338,"['Clean + Planet Positive', 'Good for: Pores', 'Good for: Acne/Blemishes', 'Salicylic Acid', 'Best for Oily, Combo, Normal Skin', 'Cruelty-Free']"
P481058,"['Hyaluronic Acid', 'Best for Dry Skin', 'Good for: Loss of firmness', 'Clean + Planet Positive', 'Good for: Anti-Aging', 'Cruelty-Free']"
P483644,"['Good for: Dullness/Uneven Texture', 'Clean + Planet Positive', 'AHA/Glycolic Acid', 'Good for: Acne/Blemishes', 'Salicylic Acid', 'Best for Oily, Combo, Normal Skin']"
P503262,"['Hyaluronic Acid', 'Good for: Dullness/Uneven Texture', 'Best for Dry Skin', 'Clean + Planet Positive', 'Good for: Anti-Aging', 'AHA/Glycolic Acid']"
P378716,"['All Hair Types', 'Good for: Dryness', 'UV Protection', 'Without Parabens', 'Without Sulfates SLS & SLES', 'Increases Shine']"
P269705,"['Without Phthalates', 'Good for: Dryness', 'Without Parabens', 'Without Sulfates SLS & SLES', 'Increases Shine']"
P269706,"['Good for: Dryness', 'Increases Shine', 'Hydrating', 'Without Sulfates SLS & SLES', 'Without Parabens']"
P309412,No Highlights
P405297,"['Good for: Volume', 'Increases Shine', 'Volumizing', 'Without Parabens', 'Without Sulfates SLS & SLES', 'Without Phthalates']"
P419632,No Highlights
P269714,No Highlights
P428076,No Highlights
P309411,"['Good for: Hair Thinning', 'Volumizing', 'Without Parabens', 'Without Sulfates SLS & SLES', 'Without Phthalates']"
P384770,No Highlights
P391910,"['Good for: Hair Thinning', 'Good for: Volume', 'Volumizing', 'Without Sulfates SLS & SLES', 'Without Parabens', 'Without Phthalates']"
P435932,"['Good for: Damage', 'Heat Protection', 'Hydrating', 'Without Parabens', 'Without Sulfates SLS & SLES', 'Without Phthalates']"
P405298,"['Good for: Volume', 'Volumizing', 'Without Parabens', 'Without Sulfates SLS & SLES', 'Without Phthalates']"
P441825,"['allure 2019 Best of Beauty Award Winner', 'All Hair Types', 'Good for: Frizz', 'Increases Shine', 'Curl-Enhancing', 'Without Parabens']"
P435934,"['Good for: Damage', 'Increases Shine', 'Hydrating', 'Without Parabens', 'Without Sulfates SLS & SLES', 'Without Phthalates']"
P410833,No Highlights
P435933,No Highlights
P374562,No Highlights
P405299,"['Good for: Volume', 'Hydrating', 'Good for: Dryness', 'Without Parabens', 'Without Sulfates SLS & SLES', 'Without Phthalates']"
P269707,No Highlights
P416598,No Highlights
P441826,No Highlights
P405300,No Highlights
P448859,No Highlights
P435931,No Highlights
P416404,No Highlights
P428074,No Highlights
P441638,No Highlights
P428075,No Highlights
P416403,No Highlights
P479628,"['Good for: Damage', 'Good for: Anti-Aging', 'Good for: Frizz', 'Without Parabens', 'Without Sulfates SLS & SLES', 'Increases Shine']"
P463601,No Highlights
P484022,"['Vegan', 'Hydrating', 'All Hair Types', 'Without Sulfates SLS & SLES', 'Good for: Flaky/Dry Scalp', 'Good for: Oily Scalp']"
P482656,"['Good for: Damage', 'Heat Protection', 'Good for: Anti-Aging', 'Good for: Dryness', 'UV Protection', 'Increases Shine']"
P476830,"['Vegan', 'Straight Hair', 'Good for: Oily Scalp', 'Good for: Color Care', 'Good for: Anti-Aging']"
P472305,No Highlights
P463015,"['Volumizing', 'Good for: Volume', 'Good for: Hair Thinning', 'Without Phthalates', 'Without Parabens', 'Without Sulfates SLS & SLES']"
P476826,"['Vegan', 'Straight Hair', 'Good for: Flaky/Dry Scalp', 'Good for: Color Care', 'Good for: Dryness', 'Good for: Anti-Aging']"
P472303,"['Good for: Damage', 'All Hair Types', 'Good for: Anti-Aging', 'Good for: Frizz', 'Without Sulfates SLS & SLES', 'Increases Shine']"
P484023,"['Vegan', 'Cream Formula', 'All Hair Types', 'Without Parabens', 'Without Sulfates SLS & SLES', 'Good for: Oily Scalp']"
P484024,"['Vegan', 'Cream Formula', 'All Hair Types', 'Without Parabens', 'Without Sulfates SLS & SLES', 'Good for: Oily Scalp']"
P476827,"['Vegan', 'Straight Hair', 'Increases Shine', 'Good for: Dryness', 'Good for: Color Care', 'Good for: Anti-Aging']"
P476828,"['Vegan', 'Straight Hair', 'Increases Shine', 'Good for: Dryness', 'Good for: Color Care', 'Good for: Anti-Aging']"
P476829,"['Vegan', 'Straight Hair', 'Good for: Frizz', 'Good for: Dryness', 'Good for: Color Care', 'Good for: Anti-Aging']"
P503741,"['Vegan', 'High Shine Finish', 'Clean at Sephora', 'Hydrating', 'Black Owned at Sephora', 'Cruelty-Free']"
P503754,"['Vegan', 'Natural Finish', 'Clean at Sephora', 'Medium Coverage', 'Black Owned at Sephora', 'Cruelty-Free']"
P503762,"['Vegan', 'allure 2022 Best of Beauty Award Winner', 'Clean at Sephora', 'Black Owned at Sephora', 'Cruelty-Free']"
P503732,"['Vegan', 'Loose Powder Formula', 'Clean at Sephora', 'Matte Finish', 'Black Owned at Sephora', 'Cruelty-Free']"
P503763,"['Vegan', 'Stick Formula', 'Clean at Sephora', 'Fragrance Free', 'Black Owned at Sephora', 'Cruelty-Free']"
P503767,"['Vegan', 'Good for: Dark Circles', 'Clean at Sephora', 'Medium Coverage', 'Good for: Dark spots', 'Black Owned at Sephora']"
P503759,"['Vegan', 'Clean at Sephora', 'Fragrance Free', 'Black Owned at Sephora', 'Cruelty-Free']"
P504779,"['Natural Finish', 'Cream Formula', 'Clean at Sephora', 'Fragrance Free', 'Black Owned at Sephora', 'Cruelty-Free']"
P503731,"['Vegan', 'Clean at Sephora', 'Customizable', 'Black Owned at Sephora', 'Cruelty-Free']"
P404916,"['Good for: Damage', 'Vegan', 'Community Favorite', 'Clean at Sephora', 'Good for: Dryness', 'Increases Shine']"
P393281,"['Vegan', 'Good for: Volume', 'Clean at Sephora', 'All Hair Types', 'Without Sulfates SLS & SLES', 'Good for: Oily Scalp']"
P484025,"['Good for: Damage', 'Vegan', 'Hyaluronic Acid', 'Clean at Sephora', 'All Hair Types', 'Good for: Dryness']"
P426173,"['Good for: Damage', 'Vegan', 'Community Favorite', 'Clean at Sephora', 'Good for: Dryness', 'Increases Shine']"
P474810,"['Good for: Damage', 'Vegan', 'Clean at Sephora', 'Without Phthalates', 'Good for: Dryness', 'Without Sulfates SLS & SLES']"
P500747,"['Vegan', 'Hyaluronic Acid', 'Hydrating', 'Clean at Sephora', 'Good for: Dryness', 'Cruelty-Free']"
P404913,"['Vegan', 'Good for: Volume', 'Clean at Sephora', 'All Hair Types', 'Matte Finish', 'Without Sulfates SLS & SLES']"
P442295,"['Good for: Volume', 'All Hair Types', 'Curl-Enhancing']"
P468627,"['Good for: Damage', 'Vegan', 'Clean at Sephora', 'All Hair Types', 'Good for: Dryness']"
P501442,"['Good for: Damage', 'Vegan', 'Hyaluronic Acid', 'Clean at Sephora', 'All Hair Types', 'Good for: Dryness']"
P468629,"['Good for: Damage', 'Vegan', 'Clean at Sephora', 'All Hair Types', 'Good for: Frizz', 'Without Sulfates SLS & SLES']"
P460000,"['Good for: Frizz', 'Good for: Volume', 'Increases Shine', 'All Hair Types']"
P471529,"['Good for: Damage', 'Vegan', 'Clean at Sephora', 'All Hair Types', 'Good for: Dryness', 'Reduces Brassiness']"
P431196,"['Vegan', 'Clean at Sephora', 'All Hair Types', 'Good for: Frizz', 'Good for: Dryness', 'Without Sulfates SLS & SLES']"
P501705,"['Vegan', 'High Shine Finish', 'Good for: Color Care', 'Clean at Sephora', 'Good for: Dryness', 'Increases Shine']"
P409703,"['Vegan', 'Good for: Volume', 'Clean at Sephora', 'All Hair Types', 'Matte Finish', 'Without Sulfates SLS & SLES']"
P431197,"['Vegan', 'Clean at Sephora', 'All Hair Types', 'Good for: Frizz', 'Good for: Dryness', 'Without Sulfates SLS & SLES']"
P431193,"['Vegan', 'Clean at Sephora', 'Coily Hair', 'Good for: Frizz', 'Curly Hair', 'Good for: Dryness']"
P501693,"['Vegan', 'Heat Protection', 'Clean at Sephora', 'Good for: Frizz', 'Without Sulfates SLS & SLES', 'Increases Shine']"
P426180,"['Vegan', 'Light Hold', 'Good for: Volume', 'Clean at Sephora', 'All Hair Types']"
P504002,"['Heat Protection', 'Clean at Sephora', 'Good for: Frizz', 'Good for: Dryness', 'Without Silicones', 'Increases Shine']"
P501708,"['Vegan', 'Clean at Sephora', 'All Hair Types', 'Without Sulfates SLS & SLES', 'Good for: Oily Scalp', 'Cruelty-Free']"
P420713,No Highlights
P500748,"['Vegan', 'Hyaluronic Acid', 'Hydrating', 'Clean at Sephora', 'Good for: Dryness', 'Cruelty-Free']"
P441833,"['Good for: Damage', 'All Hair Types', 'Good for: Frizz', 'Increases Shine']"
P431192,"['Vegan', 'Clean at Sephora', 'Coily Hair', 'Good for: Frizz', 'Curly Hair', 'Good for: Dryness']"
P478535,"['Vegan', 'Clean at Sephora', 'All Hair Types', 'Good for: Frizz', 'UV Protection', 'Increases Shine']"
P481409,"['Good for: Damage', 'Vegan', 'Clean at Sephora', 'All Hair Types', 'Good for: Dryness', 'Without Sulfates SLS & SLES']"
P500713,"['Vegan', 'Hyaluronic Acid', 'Hydrating', 'Clean at Sephora', 'Good for: Dryness', 'Cruelty-Free']"
P420708,No Highlights
P502586,"['Vegan', 'Clean at Sephora', 'All Hair Types', 'Without Sulfates SLS & SLES', 'Cruelty-Free']"
P471531,"['Good for: Damage', 'Vegan', 'Clean at Sephora', 'All Hair Types', 'Good for: Dryness', 'Reduces Brassiness']"
P501714,"['Good for: Damage', 'Vegan', 'Clean at Sephora', 'All Hair Types', 'Good for: Dryness', 'Without Sulfates SLS & SLES']"
P504128,"['Vegan', 'Hyaluronic Acid', 'Hydrating', 'Good for: Dryness', 'Without Silicones']"
P420709,"['Vegan', 'Good for: Color Care', 'Clean at Sephora', 'All Hair Types', 'Good for: Dryness', 'UV Protection']"
P458505,"['Vegan', 'Good for: Color Care', 'Clean at Sephora', 'All Hair Types', 'UV Protection']"
P473260,"['Vegan', 'Clean at Sephora', 'Coily Hair', 'Good for: Frizz', 'Curly Hair', 'Good for: Dryness']"
P501713,"['Vegan', 'Clean at Sephora', 'Salicylic Acid', 'Good for: Flaky/Dry Scalp', 'Good for: Oily Scalp', 'Cruelty-Free']"
P482657,"['Good for: Frizz', 'Increases Shine']"
P501717,"['Vegan', 'Good for: Volume', 'Clean at Sephora', 'Good for: Hair Thinning', 'Increases Shine', 'Cruelty-Free']"
P501689,"['Vegan', 'Clean at Sephora', 'Good for: Hair Thinning', 'Without Phthalates', 'Without Sulfates SLS & SLES', 'Cruelty-Free']"
P500290,"['Vegan', 'Good for: Volume', 'Curl-Enhancing', 'All Hair Types', 'Good for: Frizz', 'Cruelty-Free']"
P480275,"['Vegan', 'Good for: Volume', 'Clean at Sephora', 'All Hair Types', 'Without Sulfates SLS & SLES', 'Good for: Oily Scalp']"
P501698,"['Vegan', 'Clean at Sephora', 'All Hair Types', 'Without Sulfates SLS & SLES', 'Good for: Oily Scalp', 'Cruelty-Free']"
P449574,No Highlights
P501721,"['Good for: Damage', 'Vegan', 'All Hair Types', 'Good for: Dryness', 'Reduces Brassiness', 'Cruelty-Free']"
P455574,No Highlights
P449573,No Highlights
P501686,"['Vegan', 'Refill Available', 'Good for: Volume', 'Clean at Sephora', 'Good for: Hair Thinning', 'Increases Shine']"
P202633,"['Vegan', 'Natural Finish', 'Community Favorite']"
P384060,"['Vegan', 'Cream Formula', 'Community Favorite', 'Full Coverage', 'Waterproof']"
P404832,No Highlights
P404831,No Highlights
P409118,No Highlights
P58930227,"['Radiant Finish', 'Community Favorite', 'Shimmer Finish', 'Matte Finish', 'Full Coverage']"
P386335,No Highlights
P404827,"['Natural Finish', 'Good for: Volume', 'Stick Formula', 'Community Favorite']"
P404830,No Highlights
P406576,No Highlights
P69304,"['Vegan', 'Hyaluronic Acid', 'Community Favorite', 'Long-wearing', 'Strong Hold']"
P69300,"['Natural Finish', 'Pressed Powder Formula', 'Vegan', 'Fragrance Free', 'Community Favorite']"
P468341,"['Natural Finish', 'Vegan', 'Oil Free', 'Best for Oily, Combo, Normal Skin']"
P384059,No Highlights
P423925,No Highlights
P454751,"['Vegan', 'Hyaluronic Acid', 'Community Favorite', 'Long-wearing', 'Strong Hold']"
P69517,No Highlights
P410504,No Highlights
P452735,"['Cruelty-Free', 'Vegan']"
P187202,"['Vegan', 'Natural Finish', 'Long-wearing', 'Full Coverage']"
P441838,"['Full Coverage', 'Waterproof', 'Matte Finish', 'Long-wearing']"
P480576,"['Satin Finish', 'Matte Finish', 'Oil Free', 'Alcohol Free', 'Cruelty-Free']"
P420162,No Highlights
P386783,"['Full Coverage', 'Matte Finish', 'Stick Formula', 'Vegan', 'Without Parabens']"
P442999,"['Matte Finish', 'Long-wearing', 'Full Coverage', 'Waterproof']"
P449124,"['Vegan', 'Good for: Dullness/Uneven Texture', 'Liquid Formula', 'Hydrating', 'Long-wearing', 'Good for: Anti-Aging']"
P69305,No Highlights
P480575,No Highlights
P450846,"['Matte Finish', 'Shimmer Finish', 'Without Parabens', 'Without Phthalates', 'Cruelty-Free', 'Vegan']"
P462328,"['Waterproof', 'Natural Finish', 'Liquid Formula', 'Vegan', 'Fragrance Free']"
P443753,"['Radiant Finish', 'Best for Dry, Combo, Normal Skin', 'Floral Scent', 'Vegan']"
P448161,"['Matte Finish', 'Shimmer Finish', 'Without Parabens', 'Without Phthalates', 'Cruelty-Free', 'Vegan']"
P463420,No Highlights
P397498,No Highlights
P427916,No Highlights
P406574,No Highlights
P474813,"['Stick Formula', 'Radiant Finish', 'Natural Finish', 'Long-wearing', 'Without Parabens', 'Cruelty-Free']"
P450845,"['Matte Finish', 'Shimmer Finish', 'Without Parabens', 'Without Phthalates', 'Cruelty-Free', 'Vegan']"
P457246,"['Vegan', 'Shimmer Finish', 'Matte Finish', 'Without Parabens', 'Gluten Free', 'Cruelty-Free']"
P475045,"['Natural Finish', 'Liquid Formula', 'Good for: Dark Circles', 'Medium Coverage', 'Best for Oily, Combo, Normal Skin', 'Good for: Dark spots']"
P224610,No Highlights
P474812,"['Cream Formula', 'Matte Finish', 'Without Phthalates', 'Fragrance Free', 'Without Parabens', 'Without Sulfates SLS & SLES']"
P473261,"['Matte Finish', 'Shimmer Finish', 'Without Parabens', 'Without Sulfates SLS & SLES', 'Cruelty-Free', 'Vegan']"
P450720,No Highlights
P69600,No Highlights
P406577,No Highlights
P452412,"['Matte Finish', 'Metallic Finish', 'Without Phthalates', 'Without Parabens', 'Gluten Free', 'Cruelty-Free']"
P395205,No Highlights
P69502,No Highlights
P471219,No Highlights
P463783,No Highlights
P454992,"['Vegan', 'Metallic Finish', 'Matte Finish', 'Without Parabens', 'Gluten Free', 'Cruelty-Free']"
P449149,"['Matte Finish', 'Natural Finish', 'Loose Powder Formula', 'Best for Oily Skin', 'Vegan', 'Without Parabens']"
P69512,No Highlights
P468343,"['Without Phthalates', 'Without Parabens', 'Without Sulfates SLS & SLES', 'Cruelty-Free']"
P420204,No Highlights
P459508,"['Vegan', 'Radiant Finish', 'Floral Scent', 'Best for Dry, Combo, Normal Skin']"
P500629,"['Natural Finish', 'Metallic Finish', 'Matte Finish']"
P406283,No Highlights
P452413,"['Matte Finish', 'Metallic Finish', 'Without Phthalates', 'Without Parabens', 'Gluten Free', 'Cruelty-Free']"
P482659,"['Cruelty-Free', 'Vegan', 'Fragrance Free', 'Without Parabens', 'Recyclable Packaging', 'Without Formaldehydes']"
P468344,No Highlights
P446027,"['Community Favorite', 'Long-wearing']"
P503051,"['Natural Finish', 'Without Phthalates', 'Without Parabens', 'Alcohol Free', 'Cruelty-Free']"
P386784,No Highlights
P471735,"['Natural Finish', 'Radiant Finish', 'Long-wearing', 'Oil Free', 'Without Parabens']"
P478230,"['Cruelty-Free', 'Vegan', 'Waterproof', 'Gluten Free', 'Alcohol Free']"
P173317,No Highlights
P446344,No Highlights
P395206,No Highlights
P449151,No Highlights
P503114,"['Shimmer Finish', 'Matte Finish', 'Fragrance Free', 'Oil Free', 'Alcohol Free', 'Cruelty-Free']"
P503050,"['Natural Finish', 'Fragrance Free', 'Cruelty-Free']"
P477809,"['Metallic Finish', 'Matte Finish', 'Without Parabens', 'Without Sulfates SLS & SLES', 'Cruelty-Free']"
P69520,No Highlights
P455981,"['Volumizing', 'Lengthening', 'Curling', 'Cream Formula']"
P503556,"['Without Phthalates', 'Oil Free', 'Without Parabens', 'Alcohol Free', 'Cruelty-Free']"
P503092,"['Satin Finish', 'Without Phthalates', 'Matte Finish', 'Without Parabens', 'Cruelty-Free']"
P456591,"['Volumizing', 'Cream Formula', 'Lengthening', 'Curling']"
P423923,No Highlights
P500697,"['Radiant Finish', 'Satin Finish', 'Cruelty-Free']"
P390228,No Highlights
P468342,"['Liquid Formula', 'High Shine Finish', 'Vegan']"
P500604,"['Stick Formula', 'Cruelty-Free']"
P483069,"['Fragrance Free', 'Oil Free', 'Cruelty-Free']"
P410502,No Highlights
P500402,"['Without Phthalates', 'Without Parabens', 'Without Silicones', 'Cruelty-Free']"
P470000,"['Cruelty-Free', 'Vegan']"
P449148,No Highlights
P462330,"['Matte Finish', 'Natural Finish', 'Loose Powder Formula', 'Best for Oily Skin', 'Vegan', 'Without Parabens']"
P473262,"['Vegan', 'Natural Finish', 'Hydrating', 'Without Parabens', 'Cruelty-Free']"
P470504,"['Liquid Formula', 'Volumizing', 'Long-wearing', 'allure 2020 Best of Beauty Award Winner', 'Lengthening']"
P449150,No Highlights
P504629,"['Vegan', 'Long-wearing', 'Cruelty-Free']"
P502229,"['Good for: Damage', 'All Hair Types', 'Good for: Frizz', 'Increases Shine']"
P393401,"['Natural Finish', 'Liquid Formula', 'Community Favorite', 'allure 2018 Best of Beauty Award Winner', 'Medium Coverage', 'Oil Free']"
P393411,"['Cream Formula', 'Matte Finish', 'Long-wearing', 'Full Coverage']"
P425938,"['Natural Finish', 'Liquid Formula', 'Community Favorite', 'allure 2018 Best of Beauty Award Winner', 'Medium Coverage', 'Oil Free']"
P393434,"['Long-wearing', 'Fragrance Free', 'Oil Free']"
P416785,No Highlights
P471221,"['Stick Formula', 'Satin Finish', 'Hydrating', 'Long-wearing']"
P456158,"['Radiant Finish', 'allure 2020 Best of Beauty Award Winner', 'Hydrating', 'Medium Coverage', 'Best for Dry, Combo, Normal Skin']"
P271538,No Highlights
P461420,"['Refill Available', 'Floral Scent']"
P388029,No Highlights
P441817,No Highlights
P430871,No Highlights
P458270,"['Light Coverage', 'Natural Finish', 'Hyaluronic Acid', 'Hydrating', 'Without Parabens', 'Best for Dry, Combo, Normal Skin']"
P12430,No Highlights
P480151,"['Floral Scent', 'Fresh Scent']"
P461421,"['Refill Available', 'Floral Scent']"
P144212,No Highlights
P472016,"['Cream Formula', 'Matte Finish']"
P449793,"['Hydrating', 'Long-wearing', 'Without Parabens', 'Liquid Formula']"
P393671,No Highlights
P457884,No Highlights
P475046,No Highlights
P439633,No Highlights
P469846,"['Pressed Powder Formula', 'Natural Finish', 'Best for Dry, Combo, Normal Skin']"
P434327,No Highlights
P446794,No Highlights
P398665,No Highlights
P393672,No Highlights
P456972,No Highlights
P481814,"['Cream Formula', 'Matte Finish', 'Long-wearing', 'Full Coverage']"
P393669,No Highlights
P472017,"['Volumizing', 'Lengthening']"
P430348,No Highlights
P421783,No Highlights
P482507,No Highlights
P469176,No Highlights
P469177,No Highlights
P483112,"['Refill Available', 'Floral Scent']"
P465302,No Highlights
P481950,No Highlights
P503765,"['Stick Formula', 'Satin Finish', 'Hydrating', 'Long-wearing']"
P483111,"['Refill Available', 'Floral Scent']"
P482660,"['Refill Available', 'Fresh Scent']"
P503247,No Highlights
P503243,No Highlights
P465304,No Highlights
P503246,"['Refill Available', 'Woody & Earthy Scent']"
P469034,No Highlights
P503244,"['Cream Formula', 'Floral Scent', 'Hydrating', 'Matte Finish', 'Long-wearing']"
P418389,No Highlights
P446790,No Highlights
P380557,No Highlights
P505320,"['Layerable Scent', 'Floral Scent']"
P505214,['Woody & Earthy Scent']
P429271,"['Vegan', 'Loose Powder Formula', 'Shimmer Finish', 'Without Parabens']"
P456967,"['Vegan', 'Cream Formula', 'Satin Finish', 'Long-wearing', 'Without Parabens']"
P456966,"['Vegan', 'Pressed Powder Formula', 'Long-wearing', 'Without Parabens', 'Best for Dry, Combo, Normal Skin']"
P451642,"['Cream Formula', 'High Shine Finish', 'Vegan', 'Plumping', 'Long-wearing']"
P484029,"['Vegan', 'High Shine Finish', 'Hydrating', 'Cruelty-Free']"
P476833,"['Vegan', 'Pressed Powder Formula', 'Shimmer Finish', 'Matte Finish', 'Gluten Free', 'Cruelty-Free']"
P473181,"['Vegan', 'Pressed Powder Formula', 'Shimmer Finish', 'Matte Finish', 'Long-wearing']"
P482509,"['Vegan', 'Metallic Finish', 'Shimmer Finish', 'Matte Finish', 'Cruelty-Free']"
P479301,"['Vegan', 'Metallic Finish', 'Long-wearing', 'Without Phthalates', 'Without Parabens', 'Cruelty-Free']"
P472308,"['Light Coverage', 'Vegan', 'Pressed Powder Formula', 'Natural Finish', 'Best for Oily, Combo, Normal Skin']"
P448851,No Highlights
P472307,"['Vegan', 'Radiant Finish', 'Cream Formula', 'Good for: Pores', 'Hydrating', 'Good for: Dryness']"
P410197,"['Unisex/ Genderless Scent', 'Fresh Scent']"
P470506,"['Good for: Dark spots', 'Fragrance Free', 'Good for: Dullness/Uneven Texture', 'Good for: Redness', 'Good for: Pores', 'Vegan']"
P470509,"['Good for: Anti-Aging', 'Good for: Dryness', 'Good for: Loss of firmness', 'Good for: Dullness/Uneven Texture', 'Good for: Dark spots', 'Vegan']"
P470507,"['Vitamin C', 'Good for: Anti-Aging', 'Good for: Loss of firmness', 'Good for: Dullness/Uneven Texture', 'Good for: Dark spots', 'Best for Oily, Combo, Normal Skin']"
P500420,"['Vegan', 'Good for: Pores', 'Good for: Anti-Aging', 'Good for: Dryness', 'Without Parabens', 'Without Sulfates SLS & SLES']"
P482510,"['Vegan', 'Refill Available', 'Good for: Loss of firmness', 'Hydrating', 'Good for: Dryness', 'Without Sulfates SLS & SLES']"
P475907,"['Good for: Dryness', 'Good for: Anti-Aging', 'Good for: Loss of firmness', 'Vitamin C', 'Vegan']"
P475906,"['Vegan', 'Refill Available', 'Good for: Loss of firmness', 'Vitamin C', 'Good for: Dark Circles', 'Good for: Anti-Aging']"
P503926,"['Good for: Dullness/Uneven Texture', 'Good for: Loss of firmness', 'Plumping', 'Hydrating', 'Good for: Anti-Aging', 'Good for: Dryness']"
P470510,"['Vegan', 'Good for: Dullness/Uneven Texture', 'Good for: Loss of firmness', 'Good for: Anti-Aging', 'Good for: Dryness', 'Good for: Dark spots']"
P470508,"['Good for: Dullness/Uneven Texture', 'Good for: Loss of firmness', 'Vitamin C', 'Good for: Anti-Aging', 'Best for Oily, Combo, Normal Skin', 'Good for: Dark spots']"
P502588,"['Hyaluronic Acid', 'Hydrating', 'Fragrance Free', 'Lengthening', 'Curling', 'Without Sulfates SLS & SLES']"
P480154,"['All Hair Types', 'Good for: Hair Thinning', 'Good for: Damage', 'Hydrating', 'Without Sulfates SLS & SLES', 'Increases Shine']"
P482511,"['Good for: Damage', 'Vegan', 'Hydrating', 'All Hair Types', 'Without Parabens', 'Without Sulfates SLS & SLES']"
P480152,"['Good for: Damage', 'Good for: Hair Thinning', 'Good for: Flaky/Dry Scalp', 'Hydrating', 'Without Sulfates SLS & SLES', 'Increases Shine']"
P482661,"['Vegan', 'Good for: Dullness/Uneven Texture', 'Good for: Pores', 'Hydrating', 'Salicylic Acid', 'Cruelty-Free']"
P502235,"['Best for Combination Skin', 'Good for: Loss of firmness', 'Plumping', 'Good for: Anti-Aging', 'Without Parabens']"
P480153,"['Good for: Frizz', 'Good for: Damage', 'Good for: Hair Thinning', 'Hydrating', 'Without Sulfates SLS & SLES', 'Increases Shine']"
P501140,"['Vegan', 'Good for: Loss of firmness', 'Hydrating', 'Fragrance Free', 'Without Parabens', 'Without Sulfates SLS & SLES']"
P504018,"['Vegan', 'Good for: Redness', 'Hydrating', 'Good for: Anti-Aging', 'Good for: Dryness', 'Best for Dry, Combo, Normal Skin']"
P503815,No Highlights
P503817,No Highlights
P460779,"['Vegan', 'Good for: Dullness/Uneven Texture', 'Clean at Sephora', 'Good for: Anti-Aging', 'Best for Dry, Combo, Normal Skin', 'Niacinamide']"
P393356,"['Light Coverage', 'Vegan', 'Natural Finish', 'Cream Formula', 'Community Favorite', 'Hydrating']"
P61004,"['Loose Powder Formula', 'Without Parabens', 'Without Phthalates', 'Vegan', 'Clean at Sephora']"
P410543,"['Vegan', 'Pressed Powder Formula', 'Clean at Sephora', 'Matte Finish', 'Long-wearing', 'Full Coverage']"
P61005,"['Loose Powder Formula', 'Radiant Finish', 'Vegan', 'Without Parabens', 'Without Sulfates SLS & SLES', 'Without Silicones', 'Clean at Sephora']"
P469839,"['Vegan', 'Pressed Powder Formula', 'Clean at Sephora', 'Fragrance Free', 'Gluten Free']"
P455324,"['Satin Finish', 'Hydrating', 'Vegan', 'Without Parabens', 'Without Sulfates SLS & SLES', 'Without Silicones', 'Clean at Sephora']"
P427652,"['Vegan', 'Pressed Powder Formula', 'Natural Finish', 'Clean at Sephora', 'Without Parabens', 'Without Silicones', 'Without Sulfates SLS & SLES']"
P469847,"['Vegan', 'High Shine Finish', 'Hydrating', 'Clean at Sephora']"
P396527,No Highlights
P470512,"['Vegan', 'Natural Finish', 'Liquid Formula', 'Good for: Dark Circles', 'Medium Coverage', 'Cruelty-Free']"
P473848,"['Pressed Powder Formula', 'Matte Finish', 'Good for: Pores', 'Best for Oily, Combo, Normal Skin', 'Vegan', 'Clean at Sephora']"
P461132,"['Lengthening', 'Volumizing', 'Vegan', 'Without Sulfates SLS & SLES', 'Without Parabens']"
P473841,"['Vegan', 'Pressed Powder Formula', 'Clean at Sephora', 'Long-wearing', 'Cruelty-Free']"
P501215,"['Vegan', 'Liquid Formula', 'Clean at Sephora', 'Long-wearing', 'Matte Finish', 'Cruelty-Free']"
P473842,"['Vegan', 'Clean at Sephora', 'Long-wearing', 'Waterproof', 'Without Silicones', 'Cruelty-Free']"
P501217,"['Vegan', 'Clean at Sephora', 'Hydrating', 'Long-wearing', 'Cruelty-Free']"
P481951,['Clean at Sephora']
P502965,"['Vegan', 'Volumizing', 'Clean at Sephora', 'Long-wearing', 'Waterproof', 'Cruelty-Free']"
P504122,"['Liquid Formula', 'Good for: Pores', 'Matte Finish', 'Without Parabens', 'Without Sulfates SLS & SLES', 'Gluten Free']"
P158509,"['Vegan', 'Loose Powder Formula', 'Radiant Finish', 'Clean at Sephora', 'Without Parabens', 'Without Silicones', 'Without Sulfates SLS & SLES']"
P504153,"['Liquid Formula', 'Good for: Pores', 'Matte Finish', 'Without Parabens', 'Without Sulfates SLS & SLES', 'Gluten Free']"
P438637,"['Good for: Dullness/Uneven Texture', 'Good for: Loss of firmness', 'Clean at Sephora', 'Good for: Dark Circles', 'Collagen', 'Cruelty-Free']"
P455623,"['Good for: Redness', 'Good for: Pores', 'Clean at Sephora', 'Good for: Acne/Blemishes', 'Best for Oily, Combo, Normal Skin', 'Cruelty-Free']"
P472448,"['Good for: Dullness/Uneven Texture', 'Vitamin C', 'Hydrating', 'Clean at Sephora', 'Good for: Dryness']"
P477961,"['Good for: Anti-Aging', 'Good for: Pores', 'Good for: Dullness/Uneven Texture', 'Good for: Redness', 'Good for: Loss of firmness']"
P438631,No Highlights
P463793,"['Clean at Sephora', 'Good for: Hair Thinning', 'Good for: Damage', 'Good for: Oily Scalp', 'Good for: Flaky/Dry Scalp', 'Cruelty-Free']"
P438643,"['Clean at Sephora', 'Good for: Acne/Blemishes', 'Good for: Dullness/Uneven Texture', 'Alcohol Free', 'Good for: Pores', 'Cruelty-Free']"
P438628,No Highlights
P438635,"['Clean at Sephora', 'Plumping', 'Volumizing', 'Hyaluronic Acid', 'Collagen', 'Cruelty-Free']"
P481060,"['Vegan', 'High Shine Finish', 'Vitamin C', 'Good for: Dark Circles', 'Clean at Sephora', 'Cruelty-Free']"
P438648,"['Clean at Sephora', 'Best for Dry Skin', 'Good for: Anti-Aging', 'Good for: Dullness/Uneven Texture', 'Good for: Loss of firmness', 'Cruelty-Free']"
P503562,"['Good for: Pores', 'Plumping', 'Hydrating', 'Clean at Sephora', 'Good for: Acne/Blemishes', 'Cruelty-Free']"
P444988,"['Clean at Sephora', 'Good for: Dullness/Uneven Texture', 'Good for: Dryness', 'Good for: Anti-Aging', 'Cruelty-Free']"
P505145,"['Vegan', 'Good for: Redness', 'Plumping', 'Hydrating', 'Alcohol Free', 'Cruelty-Free']"
P467106,No Highlights
P438642,"['Clean at Sephora', 'Good for: Dullness/Uneven Texture']"
P443810,"['Clean at Sephora', 'Vitamin C', 'Good for: Dullness/Uneven Texture', 'Good for: Dark spots', 'Fragrance Free', 'Cruelty-Free']"
P438632,No Highlights
P463792,No Highlights
P443812,No Highlights
P463791,No Highlights
P438629,"['Clean at Sephora', 'Best for Dry Skin', 'Good for: Anti-Aging', 'Good for: Redness', 'Good for: Dryness', 'Cruelty-Free']"
P438640,"['Clean at Sephora', 'Retinol', 'Good for: Anti-Aging', 'Good for: Dullness/Uneven Texture', 'Cruelty-Free']"
P467107,No Highlights
P438634,No Highlights
P438638,No Highlights
P503552,"['Good for: Dullness/Uneven Texture', 'Hyaluronic Acid', 'Plumping', 'Hydrating', 'Salicylic Acid', 'Niacinamide']"
P438630,No Highlights
P503560,"['Good for: Pores', 'Plumping', 'Hydrating', 'Good for: Acne/Blemishes']"
P502237,"['Good for: Redness', 'Good for: Loss of firmness', 'Plumping', 'Good for: Anti-Aging', 'Without Parabens', 'Cruelty-Free']"
P483141,No Highlights
P483089,"['Good for: Dullness/Uneven Texture', 'Good for: Dark Circles', 'Good for: Loss of firmness', 'Good for: Anti-Aging']"
P228913,"['Vegan', 'Best for Oily, Combo, Normal Skin', 'Without Parabens', 'Best for Dry, Combo, Normal Skin', 'Without Sulfates SLS & SLES']"
P379832,"['Best for Dry, Combo, Normal Skin', 'Best for Oily, Combo, Normal Skin', 'Vegan', 'Without Sulfates SLS & SLES', 'Without Parabens', 'Without Phthalates']"
P433987,"['Vegan', 'Natural Finish', 'Liquid Formula', 'Full Coverage', 'Best for Oily, Combo, Normal Skin', 'Cruelty-Free']"
P379449,"['Vegan', 'Without Sulfates SLS & SLES', 'Without Parabens', 'Without Phthalates']"
P434014,No Highlights
P405602,"['Best for Dry, Combo, Normal Skin', 'Best for Oily, Combo, Normal Skin', 'Vegan', 'Without Sulfates SLS & SLES', 'Without Parabens', 'Without Phthalates']"
P228914,"['Vegan', 'Without Sulfates SLS & SLES', 'Without Parabens', 'Without Phthalates']"
P433996,No Highlights
P477136,"['Liquid Formula', 'Long-wearing', 'Light Coverage', 'Natural Finish', 'Hyaluronic Acid', 'Best for Combination Skin']"
P471746,"['Vegan', 'Best for Combination Skin', 'Without Phthalates', 'Without Parabens', 'Without Sulfates SLS & SLES', 'Cruelty-Free']"
P455325,"['Vegan', 'Natural Finish', 'Liquid Formula', 'Hydrating', 'Long-wearing', 'Full Coverage']"
P429235,No Highlights
P468345,No Highlights
P475051,"['Cream Formula', 'Natural Finish', 'Hyaluronic Acid', 'Vegan', 'Without Parabens', 'Without Sulfates SLS & SLES']"
P504160,"['Vegan', 'Without Parabens', 'Without Sulfates SLS & SLES', 'Cruelty-Free']"
P484031,"['Vegan', 'Cream Formula', 'Hyaluronic Acid', 'Shimmer Finish', 'Vitamin C', 'Matte Finish']"
P500981,"['Vegan', 'Without Formaldehydes', 'Without Parabens', 'Without Sulfates SLS & SLES', 'Cruelty-Free']"
P471744,"['Vegan', 'Without Sulfates SLS & SLES', 'Without Parabens', 'Without Phthalates']"
P449140,No Highlights
P449144,No Highlights
P470004,"['Loose Powder Formula', 'Light Coverage', 'Best for Oily Skin', 'Hyaluronic Acid']"
P505019,"['Vegan', 'Without Parabens', 'Without Sulfates SLS & SLES', 'Cruelty-Free']"
P394639,No Highlights
P394624,No Highlights
P422905,No Highlights
P475908,"['Radiant Finish', 'High Shine Finish', 'Best for Dry Skin', 'Hydrating', 'Best for Dry, Combo, Normal Skin']"
P462336,No Highlights
P471535,"['Radiant Finish', 'Good for: Dullness/Uneven Texture', 'Hydrating', 'Good for: Dryness', 'Best for Oily, Combo, Normal Skin']"
P449175,No Highlights
P433443,No Highlights
P444057,No Highlights
P500019,No Highlights
P481952,"['Hyaluronic Acid', 'Good for: Dullness/Uneven Texture', 'Hydrating', 'Good for: Dryness', 'Best for Dry, Combo, Normal Skin', 'Niacinamide']"
P435801,No Highlights
P504888,"['Good for: Dullness/Uneven Texture', 'Hydrating', 'Without Mineral Oil', 'Without Phthalates', 'Best for Dry, Combo, Normal Skin', 'SPF']"
P290636,"['allure 2020 Best of Beauty Award Winner', 'Pressed Powder Formula', 'Matte Finish']"
P264900,"['Community Favorite', 'Good for: Pores', 'Matte Finish', 'Long-wearing', 'Best for Oily, Combo, Normal Skin']"
P289307,"['Volumizing', 'Long-wearing', 'Lengthening']"
P409239,"['Natural Finish', 'Community Favorite', 'Long-wearing']"
P408219,"['Community Favorite', 'Long-wearing', 'Waterproof']"
P392516,"['Community Favorite', 'Satin Finish', 'Long-wearing', 'Curling']"
P1272,"['Natural Finish', 'Long-wearing']"
P408218,No Highlights
P440700,"['Natural Finish', 'Community Favorite', 'Long-wearing']"
P427517,No Highlights
P409242,"['Natural Finish', 'Long-wearing']"
P427712,"['Community Favorite', 'Long-wearing', 'Waterproof']"
P447375,"['Pressed Powder Formula', 'Shimmer Finish']"
P443327,No Highlights
P38347,"['Pressed Powder Formula', 'Satin Finish', 'Long-wearing']"
P425601,"['Community Favorite', 'Good for: Pores', 'Matte Finish', 'Long-wearing', 'Best for Oily, Combo, Normal Skin']"
P500253,"['Pressed Powder Formula', 'Shimmer Finish', 'Satin Finish', 'Matte Finish']"
P1273,No Highlights
P461925,"['Natural Finish', 'Long-wearing', 'Waterproof']"
P450856,"['Natural Finish', 'Long-wearing']"
P448162,"['Natural Finish', 'Liquid Formula', 'Good for: Dark Circles', 'Long-wearing', 'Full Coverage', 'Waterproof']"
P425947,"['Community Favorite', 'Satin Finish', 'Long-wearing', 'Curling']"
P505031,"['Good for: Dullness/Uneven Texture', 'Good for: Pores', 'Good for: Dryness', 'Best for Oily, Combo, Normal Skin', 'Best for Dry, Combo, Normal Skin', 'Niacinamide']"
P417320,"['Pressed Powder Formula', 'Shimmer Finish']"
P428505,"['Volumizing', 'allure 2019 Best of Beauty Award Winner', 'Community Favorite']"
P505023,"['Good for: Dullness/Uneven Texture', 'Good for: Pores']"
P505009,"['Good for: Dullness/Uneven Texture', 'Good for: Pores']"
P440952,"['Long-wearing', 'Matte Finish', 'Waterproof']"
P440951,"['Long-wearing', 'Matte Finish', 'Waterproof']"
P425933,No Highlights
P425953,"['Volumizing', 'Long-wearing', 'Lengthening']"
P466656,"['Good for: Pores', 'Long-wearing', 'Waterproof', 'Best for Oily, Combo, Normal Skin', 'Alcohol Free', 'Best for Dry, Combo, Normal Skin']"
P425923,"['Pressed Powder Formula', 'Satin Finish', 'Long-wearing']"
P505024,"['Good for: Dullness/Uneven Texture', 'Good for: Pores']"
P505054,"['Good for: Dullness/Uneven Texture', 'Good for: Pores']"
P505020,"['Good for: Dullness/Uneven Texture', 'Good for: Pores']"
P429905,"['Pressed Powder Formula', 'Shimmer Finish']"
P408312,No Highlights
P474932,"['Long-wearing', 'allure 2021 Best of Beauty Award Winner', 'Waterproof']"
P466657,"['Good for: Pores', 'Long-wearing', 'Waterproof', 'Best for Oily, Combo, Normal Skin', 'Alcohol Free', 'Best for Dry, Combo, Normal Skin']"
P482664,"['Liquid Formula', 'Satin Finish', 'Long-wearing', 'Waterproof']"
P469203,"['Long-wearing', 'Without Phthalates', 'Lengthening', 'Without Parabens', 'Without Silicones', 'Without Sulfates SLS & SLES']"
P503681,"['Volumizing', 'Natural Finish', 'Long-wearing', 'Waterproof']"
P503687,"['Volumizing', 'Natural Finish', 'Long-wearing', 'Waterproof']"
P500840,"['allure 2022 Best of Beauty Award Winner', 'Natural Finish', 'Long-wearing', 'Waterproof']"
P408313,No Highlights
P475910,"['Stick Formula', 'Shimmer Finish', 'Matte Finish']"
P408314,No Highlights
P469438,"['Long-wearing', 'Without Phthalates', 'Lengthening', 'Without Parabens', 'Without Silicones', 'Without Sulfates SLS & SLES']"
P501450,"['Volumizing', 'Long-wearing', 'Lengthening', 'Curling']"
P457461,"['Natural Finish', 'Community Favorite', 'Long-wearing']"
P453917,"['Natural Finish', 'Hyaluronic Acid', 'Good for: Pores', 'Hydrating', 'Long-wearing', 'Best for Dry, Combo, Normal Skin']"
P447358,No Highlights
P447122,No Highlights
P447371,No Highlights
P453269,"['Natural Finish', 'Hyaluronic Acid', 'Good for: Pores', 'Hydrating', 'Long-wearing', 'Best for Dry, Combo, Normal Skin']"
P502233,"['Volumizing', 'Long-wearing']"
P447121,No Highlights
P484032,"['Volumizing', 'Long-wearing', 'Waterproof']"
P475911,No Highlights
P479828,"['Natural Finish', 'Good for: Pores', 'Long-wearing', 'Fragrance Free', 'Best for Oily, Combo, Normal Skin']"
P500099,"['Pressed Powder Formula', 'Customizable']"
P479827,"['Natural Finish', 'Good for: Pores', 'Long-wearing', 'Fragrance Free', 'Best for Oily, Combo, Normal Skin']"
P501426,"['allure 2022 Best of Beauty Award Winner', 'Natural Finish', 'Long-wearing', 'Waterproof']"
P501435,"['Volumizing', 'Long-wearing']"
P447368,No Highlights
P504131,"['Volumizing', 'Long-wearing', 'Lengthening']"
P505006,"['Good for: Dullness/Uneven Texture', 'Good for: Pores']"
P505052,"['Good for: Dullness/Uneven Texture', 'Good for: Pores']"
P505026,"['Good for: Dullness/Uneven Texture', 'Good for: Pores']"
P505007,"['Good for: Dullness/Uneven Texture', 'Good for: Pores']"
P418120,No Highlights
P406232,"['All Hair Types', 'Increases Shine', 'Good for: Frizz', 'High Shine Finish', 'Good for: Dryness']"
P406532,"['All Hair Types', 'Curling', 'Increases Shine', 'Good for: Frizz', 'High Shine Finish', 'Good for: Dryness']"
P474019,"['Increases Shine', 'Good for: Frizz', 'Good for: Dryness', 'Curling', 'All Hair Types']"
P414981,"['All Hair Types', 'Curling', 'Increases Shine', 'Good for: Frizz', 'High Shine Finish', 'Good for: Dryness']"
P393317,"['All Hair Types', 'Increases Shine', 'Good for: Frizz', 'Straight Hair', 'High Shine Finish']"
P406533,No Highlights
P421270,"['All Hair Types', 'Increases Shine', 'Good for: Frizz', 'High Shine Finish', 'Good for: Dryness']"
P442577,"['All Hair Types', 'Increases Shine', 'Good for: Frizz', 'Good for: Dryness']"
P442579,"['All Hair Types', 'Curling', 'Increases Shine', 'Good for: Frizz', 'High Shine Finish', 'Good for: Dryness']"
P460859,"['All Hair Types', 'Curling', 'Increases Shine', 'Good for: Frizz', 'High Shine Finish', 'Good for: Dryness']"
P442581,"['All Hair Types', 'Increases Shine', 'Good for: Frizz', 'High Shine Finish', 'Good for: Dryness']"
P442580,"['All Hair Types', 'Increases Shine', 'Good for: Frizz', 'High Shine Finish', 'Good for: Dryness']"
P460864,"['All Hair Types', 'Increases Shine', 'Good for: Frizz', 'High Shine Finish', 'Good for: Dryness']"
P433887,"['Vegan', 'Hyaluronic Acid', 'Clean + Planet Positive', 'Fragrance Free', 'Good for: Dryness', 'Best for Dry, Combo, Normal Skin']"
P416563,"['Vegan', 'Good for: Loss of firmness', 'Vitamin C', 'Clean + Planet Positive', 'Good for: Dryness', 'Best for Dry, Combo, Normal Skin']"
P447210,"['Vegan', 'allure 2020 Best of Beauty Award Winner', 'Good for: Loss of firmness', 'Clean + Planet Positive', 'Good for: Anti-Aging', 'Fragrance Free']"
P453224,"['Vegan', 'Good for: Dullness/Uneven Texture', 'Good for: Pores', 'Clean + Planet Positive', 'AHA/Glycolic Acid', 'Best for Oily, Combo, Normal Skin']"
P416561,"['Vegan', 'Good for: Redness', 'Hyaluronic Acid', 'Clean + Planet Positive', 'Fragrance Free', 'Good for: Dryness']"
P416562,"['Vegan', 'Hyaluronic Acid', 'Good for: Loss of firmness', 'Clean + Planet Positive', 'Good for: Dark Circles', 'Fragrance Free']"
P456410,"['Vegan', 'Clean + Planet Positive', 'Good for: Anti-Aging', 'Fragrance Free', 'Reef Safe SPF', 'Without Parabens']"
P416560,"['Vegan', 'Clean + Planet Positive', 'Fragrance Free', 'Good for: Dryness', 'Best for Dry, Combo, Normal Skin', 'Cruelty-Free']"
P467110,"['Vegan', 'Hyaluronic Acid', 'Vitamin C', 'Clean + Planet Positive', 'Fragrance Free', 'Good for: Dark spots']"
P471003,"['Vegan', 'Hyaluronic Acid', 'Good for: Pores', 'Clean + Planet Positive', 'AHA/Glycolic Acid', 'Alcohol Free']"
P474304,"['Vegan', 'Good for: Pores', 'Clean + Planet Positive', 'Without Parabens', 'Best for Dry, Combo, Normal Skin', 'Cruelty-Free']"
P479304,"['Vegan', 'Hyaluronic Acid', 'Good for: Loss of firmness', 'Plumping', 'Clean + Planet Positive', 'Best for Dry, Combo, Normal Skin']"
P416564,"['Vegan', 'Clean + Planet Positive', 'Fragrance Free', 'Good for: Dryness', 'Best for Dry, Combo, Normal Skin', 'Cruelty-Free']"
P474022,"['Vegan', 'Good for: Loss of firmness', 'Clean + Planet Positive', 'Fragrance Free', 'Good for: Dryness', 'Niacinamide']"
P503642,"['Vegan', 'Best for Normal Skin', 'Vitamin C', 'Clean + Planet Positive', 'Good for: Anti-Aging', 'Good for: Dryness']"
P469439,"['Hyaluronic Acid', 'Clean + Planet Positive', 'Plumping', 'Fragrance Free', 'Good for: Dryness', 'allure 2021: Clean Beauty Winner']"
P462829,"['Vegan', 'Clean + Planet Positive', 'Good for: Dryness', 'Without Parabens', 'Best for Dry, Combo, Normal Skin', 'Cruelty-Free']"
P501213,"['Vegan', 'Good for: Dullness/Uneven Texture', 'Clean + Planet Positive', 'Good for: Anti-Aging', 'Retinol', 'Best for Dry, Combo, Normal Skin']"
P483650,"['Vegan', 'Good for: Dullness/Uneven Texture', 'Clean + Planet Positive', 'Hydrating', 'Good for: Dryness', 'Cruelty-Free']"
P480278,"['Vegan', 'Good for: Dullness/Uneven Texture', 'Clean + Planet Positive', 'Good for: Dryness', 'Without Parabens', 'Best for Dry, Combo, Normal Skin']"
P429659,"['Vegan', 'Hyaluronic Acid', 'Clean + Planet Positive', 'Hydrating', 'Good for: Dryness', 'Best for Dry, Combo, Normal Skin']"
P484033,"['Vegan', 'Good for: Loss of firmness', 'Vitamin C', 'Clean + Planet Positive', 'Good for: Dryness', 'Best for Dry, Combo, Normal Skin']"
P480280,"['Vegan', 'Hyaluronic Acid', 'Clean + Planet Positive', 'Fragrance Free', 'Good for: Dryness', 'Best for Dry, Combo, Normal Skin']"
P480279,"['Hyaluronic Acid', 'Vitamin C', 'Clean at Sephora', 'Good for: Dryness', 'Without Parabens', 'Cruelty-Free']"
P503892,"['Vegan', 'allure 2020 Best of Beauty Award Winner', 'Hyaluronic Acid', 'Clean + Planet Positive', 'Good for: Dryness', 'Best for Dry, Combo, Normal Skin']"
P377750,No Highlights
P46017,No Highlights
P385531,No Highlights
P501265,"['Vegan', 'Volumizing', 'Long-wearing', 'Lengthening', 'Gluten Free', 'Cruelty-Free']"
P471004,"['Vegan', 'Volumizing', 'Long-wearing', 'allure 2021 Best of Beauty Award Winner', 'Lengthening']"
P270594,"['Hyaluronic Acid', 'Plumping', 'Vitamin C', 'Hydrating', 'Without Parabens', 'Gluten Free']"
P378145,"['Stick Formula', 'allure 2022 Best of Beauty Award Winner', 'Shimmer Finish', 'Long-wearing', 'Waterproof']"
P270539,"['Matte Finish', 'Long-wearing', 'Waterproof']"
P270555,"['Good for: Redness', 'Community Favorite', 'Good for: Dark Circles', 'Hydrating', 'Long-wearing', 'Waterproof']"
P401602,"['Radiant Finish', 'Pressed Powder Formula', 'Shimmer Finish', 'Without Phthalates', 'Without Parabens', 'Without Sulfates SLS & SLES']"
P431505,"['Hyaluronic Acid', 'Plumping', 'Vitamin C', 'Hydrating', 'Without Parabens', 'Gluten Free']"
P427430,"['Natural Finish', 'Long-wearing', 'Medium Coverage', 'SPF', 'Gluten Free']"
P270549,"['Stick Formula', 'Medium Coverage', 'Natural Finish', 'Best for Oily, Combo, Normal Skin', 'Gluten Free', 'Without Parabens']"
P422224,No Highlights
P400625,"['Satin Finish', 'Hydrating', 'Long-wearing']"
P439913,No Highlights
P270545,No Highlights
P270548,"['Matte Finish', 'Gluten Free', 'Without Parabens', 'Without Sulfates SLS & SLES']"
P404241,"['Hydrating', 'Plumping', 'Natural Finish', 'Gluten Free', 'Good for: Dryness']"
P454116,"['allure 2020 Best of Beauty Award Winner', 'Hyaluronic Acid', 'High Shine Finish', 'Hydrating', 'Without Parabens', 'Gluten Free']"
P270551,"['Light Coverage', 'Natural Finish', 'Liquid Formula', 'Hydrating', 'Oil Free', 'Best for Oily, Combo, Normal Skin']"
P434532,"['Radiant Finish', 'Without Parabens', 'Without Phthalates', 'Without Mineral Oil', 'Without Formaldehydes']"
P270540,"['Oil Free', 'Pressed Powder Formula', 'Long-wearing', 'Matte Finish', 'Without Parabens']"
P270580,No Highlights
P480282,"['Stick Formula', 'Medium Coverage', 'Natural Finish', 'Long-wearing', 'Good for: Dark spots', 'Good for: Dark Circles']"
P385586,"['Waterproof', 'Long-wearing', 'Gluten Free', 'Without Parabens', 'Without Sulfates SLS & SLES']"
P434383,No Highlights
P382581,"['Volumizing', 'Long-wearing', 'Lengthening', 'Gluten Free', 'Without Parabens', 'Without Sulfates SLS & SLES']"
P270544,"['Hydrating', 'Plumping']"
P422076,No Highlights
P480281,"['Stick Formula', 'Medium Coverage', 'Natural Finish', 'Good for: Dark Circles', 'Good for: Dark spots', 'Long-wearing']"
P270559,No Highlights
P501412,"['Natural Finish', 'Liquid Formula', 'Long-wearing', 'Full Coverage', 'Without Parabens', 'Without Sulfates SLS & SLES']"
P420900,No Highlights
P503555,"['Cream Formula', 'Long-wearing', 'Waterproof']"
P445416,No Highlights
P465745,"['Hyaluronic Acid', 'Liquid Formula', 'Plumping', 'Vitamin C', 'UV Protection', 'Alcohol Free']"
P462339,"['Hydrating', 'Plumping', 'Good for: Dark Circles', 'Vitamin C', 'Hyaluronic Acid', 'Community Favorite']"
P390431,No Highlights
P270543,"['Hydrating', 'Plumping', 'Without Sulfates SLS & SLES', 'Cream Formula', 'Without Parabens', 'Without Phthalates']"
P455195,No Highlights
P388664,No Highlights
P392648,"['Vegan', 'Hydrating', 'Plumping', 'Gluten Free', 'Without Parabens', 'Without Phthalates']"
P432842,No Highlights
P383334,No Highlights
P504216,"['Hyaluronic Acid', 'High Shine Finish', 'Plumping', 'Hydrating']"
P403974,No Highlights
P502815,"['Plumping', 'Hydrating', 'Long-wearing', 'Without Parabens', 'Without Silicones', 'Without Sulfates SLS & SLES']"
P500606,"['Liquid Formula', 'High Shine Finish', 'Shimmer Finish', 'Hydrating', 'Long-wearing']"
P446518,"['Without Mineral Oil', 'Without Phthalates', 'Without Parabens', 'Gluten Free', 'Without Sulfates SLS & SLES']"
P468634,"['Hyaluronic Acid', 'Plumping', 'Vitamin C', 'Hydrating', 'Without Parabens', 'Gluten Free']"
P455332,No Highlights
P504597,"['Stick Formula', 'Shimmer Finish', 'All Hair Types', 'Long-wearing', 'Waterproof']"
P270600,"['Hydrating', 'Plumping', 'Hyaluronic Acid', 'Good for: Dark Circles', 'Without Phthalates', 'Without Parabens']"
P503887,"['Stick Formula', 'Shimmer Finish', 'Long-wearing']"
P474024,"['Waterproof', 'Long-wearing', 'Without Parabens', 'Without Sulfates SLS & SLES', 'Without Phthalates']"
P504452,"['Natural Finish', 'Plumping', 'Hydrating']"
P395507,"['Hydrating', 'Plumping', 'Hyaluronic Acid', 'Good for: Dryness', 'Vitamin C']"
P504080,"['Pressed Powder Formula', 'Matte Finish', 'Long-wearing', 'Oil Free', 'Without Parabens']"
P501695,No Highlights
P501700,"['Unisex/ Genderless Scent', 'Layerable Scent', 'Without Parabens', 'Cruelty-Free']"
P501413,"['Unisex/ Genderless Scent', 'Layerable Scent', 'Without Parabens', 'Cruelty-Free']"
P501694,"['Unisex/ Genderless Scent', 'Layerable Scent', 'Without Parabens', 'Cruelty-Free']"
P501422,"['Unisex/ Genderless Scent', 'Layerable Scent', 'Without Parabens', 'Cruelty-Free']"
P501716,"['Unisex/ Genderless Scent', 'Layerable Scent', 'Without Parabens', 'Cruelty-Free']"
P501696,"['Unisex/ Genderless Scent', 'Layerable Scent', 'Without Parabens', 'Cruelty-Free']"
P501709,"['Unisex/ Genderless Scent', 'Layerable Scent', 'Without Parabens', 'Cruelty-Free']"
P501728,"['Unisex/ Genderless Scent', 'Layerable Scent', 'Without Parabens', 'Cruelty-Free']"
P501687,"['Unisex/ Genderless Scent', 'Layerable Scent', 'Without Parabens', 'Cruelty-Free']"
P501723,"['Unisex/ Genderless Scent', 'Layerable Scent', 'Without Parabens', 'Cruelty-Free']"
P501715,"['Unisex/ Genderless Scent', 'Layerable Scent', 'Without Parabens', 'Cruelty-Free']"
P501719,"['Unisex/ Genderless Scent', 'Layerable Scent', 'Without Parabens', 'Cruelty-Free']"
P501699,"['Unisex/ Genderless Scent', 'Layerable Scent', 'Without Parabens', 'Cruelty-Free']"
P501697,"['Unisex/ Genderless Scent', 'Layerable Scent', 'Without Parabens', 'Cruelty-Free']"
P501685,"['Unisex/ Genderless Scent', 'Layerable Scent', 'Without Parabens', 'Cruelty-Free']"
P501711,"['Unisex/ Genderless Scent', 'Layerable Scent', 'Without Parabens', 'Cruelty-Free']"
P475063,"['Vegan', 'Good for: Color Care', 'Good for: Volume', 'Fresh Scent', 'Clean at Sephora', 'Good for: Hair Thinning']"
P475066,"['Vegan', 'Good for: Color Care', 'Heat Protection', 'Clean at Sephora', 'All Hair Types']"
P500759,"['Vegan', 'Hyaluronic Acid', 'Good for: Color Care', 'Good for: Volume', 'Hydrating', 'Clean at Sephora']"
P475059,"['Vegan', 'Good for: Color Care', 'Good for: Volume', 'Clean at Sephora', 'Good for: Hair Thinning', 'Fragrance Free']"
P475064,"['Vegan', 'Good for: Color Care', 'Good for: Volume', 'Clean at Sephora', 'Good for: Hair Thinning', 'All Hair Types']"
P475058,"['Vegan', 'Good for: Color Care', 'Good for: Volume', 'Clean at Sephora', 'Good for: Hair Thinning', 'Fragrance Free']"
P475065,"['Vegan', 'Good for: Color Care', 'Good for: Volume', 'Fresh Scent', 'Clean at Sephora', 'Good for: Hair Thinning']"
P500715,"['Vegan', 'Good for: Color Care', 'Good for: Volume', 'Collagen', 'Hydrating', 'Clean at Sephora']"
P500723,"['Vegan', 'Good for: Color Care', 'Good for: Volume', 'Collagen', 'Clean at Sephora', 'Good for: Dryness']"
P500749,"['Vegan', 'Hyaluronic Acid', 'Good for: Color Care', 'Good for: Volume', 'Hydrating', 'Clean at Sephora']"
P500714,"['Vegan', 'Good for: Color Care', 'Clean at Sephora', 'Good for: Frizz', 'Good for: Dryness']"
P475062,"['Good for: Damage', 'Vegan', 'Good for: Color Care', 'Hydrating', 'Clean at Sephora', 'Good for: Dryness']"
P475061,"['Good for: Damage', 'Vegan', 'Good for: Color Care', 'Hydrating', 'Clean at Sephora', 'Good for: Dryness']"
P475074,"['Vegan', 'Good for: Color Care', 'Clean at Sephora', 'All Hair Types', 'Good for: Flaky/Dry Scalp', 'Good for: Oily Scalp']"
P475060,"['Good for: Damage', 'Vegan', 'Good for: Color Care', 'Hydrating', 'Clean at Sephora', 'Good for: Dryness']"
P501404,"['Good for: Damage', 'Vegan', 'Good for: Color Care', 'Hydrating', 'Clean at Sephora', 'Good for: Dryness']"
P475073,"['Vegan', 'Medium Hold', 'Good for: Color Care', 'Good for: Volume', 'Clean at Sephora', 'Curl-Enhancing']"
P475068,"['Vegan', 'Good for: Color Care', 'Hydrating', 'Clean at Sephora', 'Reduces Brassiness']"
P475070,"['Vegan', 'Clean at Sephora', 'Curl-Enhancing', 'Good for: Frizz', 'Curly Hair', 'Increases Shine']"
P504000,"['Vegan', 'Good for: Color Care', 'Clean at Sephora', 'All Hair Types', 'Good for: Frizz', 'Good for: Dryness']"
P475071,"['Vegan', 'Clean at Sephora', 'Curl-Enhancing', 'Good for: Frizz', 'Curly Hair', 'Increases Shine']"
P504427,"['Vegan', 'Good for: Color Care', 'Good for: Volume', 'Clean at Sephora', 'Good for: Hair Thinning', 'Cruelty-Free']"
P475069,"['Vegan', 'Good for: Color Care', 'Hydrating', 'Clean at Sephora', 'Reduces Brassiness']"
P475067,"['Vegan', 'Good for: Color Care', 'Hydrating', 'Clean at Sephora', 'Reduces Brassiness']"
P475072,"['Vegan', 'Clean at Sephora', 'Curl-Enhancing', 'Good for: Frizz', 'Curly Hair', 'Increases Shine']"
P504010,"['Vegan', 'Good for: Color Care', 'Clean at Sephora', 'All Hair Types', 'Good for: Frizz', 'Good for: Dryness']"
P504004,"['Vegan', 'Good for: Color Care', 'Clean at Sephora', 'All Hair Types', 'Good for: Frizz', 'Good for: Dryness']"
P504418,"['Vegan', 'Good for: Color Care', 'Good for: Volume', 'Clean at Sephora', 'Good for: Hair Thinning', 'Cruelty-Free']"
P504024,"['Vegan', 'Good for: Color Care', 'Clean at Sephora', 'All Hair Types', 'Good for: Frizz', 'Good for: Dryness']"
P504027,"['Vegan', 'Good for: Color Care', 'Clean at Sephora', 'All Hair Types', 'Good for: Frizz', 'Good for: Dryness']"
P504009,"['Vegan', 'Good for: Color Care', 'Clean at Sephora', 'All Hair Types', 'Good for: Frizz', 'Good for: Dryness']"
P504014,"['Vegan', 'Good for: Color Care', 'Clean at Sephora', 'All Hair Types', 'Good for: Frizz', 'Good for: Dryness']"
P504019,"['Vegan', 'Good for: Color Care', 'Clean at Sephora', 'All Hair Types', 'Good for: Frizz', 'Good for: Dryness']"
P504005,"['Vegan', 'Good for: Color Care', 'Clean at Sephora', 'All Hair Types', 'Good for: Frizz', 'Good for: Dryness']"
P501710,"['Vegan', 'Unisex/ Genderless Scent', 'Without Phthalates', 'Without Parabens', 'Cruelty-Free']"
P501733,"['Vegan', 'Unisex/ Genderless Scent', 'Warm &Spicy Scent', 'Without Phthalates', 'Without Parabens', 'Cruelty-Free']"
P501743,"['Unisex/ Genderless Scent', 'Without Phthalates', 'Without Parabens']"
P501742,"['Unisex/ Genderless Scent', 'Floral Scent', 'Without Phthalates', 'Without Parabens']"
P504205,"['Vegan', 'Unisex/ Genderless Scent', 'Floral Scent', 'Without Phthalates', 'Without Parabens', 'Cruelty-Free']"
P504201,"['Vegan', 'Unisex/ Genderless Scent', 'Floral Scent', 'Without Phthalates', 'Without Parabens', 'Cruelty-Free']"
P501729,"['Vegan', 'Unisex/ Genderless Scent', 'Without Phthalates', 'Without Parabens', 'Cruelty-Free']"
P501703,"['Unisex/ Genderless Scent', 'Woody & Earthy Scent', 'Floral Scent', 'Without Phthalates', 'Without Parabens']"
P501764,"['Unisex/ Genderless Scent', 'Woody & Earthy Scent', 'Without Parabens']"
P501212,"['Unisex/ Genderless Scent', 'Warm &Spicy Scent', 'Woody & Earthy Scent', 'Floral Scent', 'Without Phthalates', 'Without Parabens']"
P501740,"['Without Phthalates', 'Without Parabens']"
P501736,"['Unisex/ Genderless Scent', 'Floral Scent', 'Without Parabens']"
P501767,"['Vegan', 'Unisex/ Genderless Scent', 'Floral Scent', 'Without Phthalates', 'Without Parabens', 'Cruelty-Free']"
P501746,"['Vegan', 'Unisex/ Genderless Scent', 'Floral Scent', 'Without Phthalates', 'Without Parabens', 'Cruelty-Free']"
P501753,"['Unisex/ Genderless Scent', 'Woody & Earthy Scent', 'Without Phthalates', 'Without Parabens']"
P501690,"['Vegan', 'Unisex/ Genderless Scent', 'Floral Scent', 'Without Phthalates', 'Without Parabens', 'Cruelty-Free']"
P501718,"['Unisex/ Genderless Scent', 'Woody & Earthy Scent', 'Floral Scent', 'Without Phthalates', 'Without Parabens']"
P501712,"['Vegan', 'Unisex/ Genderless Scent', 'Floral Scent', 'Without Phthalates', 'Without Parabens', 'Cruelty-Free']"
P501704,"['Vegan', 'Woody & Earthy Scent', 'Without Phthalates', 'Without Parabens', 'Cruelty-Free']"
P501720,"['Unisex/ Genderless Scent', 'Warm &Spicy Scent', 'Without Phthalates', 'Without Parabens']"
P501737,"['Unisex/ Genderless Scent', 'Woody & Earthy Scent', 'Without Phthalates', 'Without Parabens']"
P501739,"['Unisex/ Genderless Scent', 'Fresh Scent', 'Without Phthalates', 'Without Parabens']"
P501724,"['Unisex/ Genderless Scent', 'Warm &Spicy Scent', 'Without Phthalates', 'Without Parabens']"
P501701,"['Unisex/ Genderless Scent', 'Floral Scent', 'Without Parabens']"
P501754,"['Unisex/ Genderless Scent', 'Fresh Scent', 'Without Phthalates', 'Without Parabens']"
P501730,"['Vegan', 'Woody & Earthy Scent', 'Without Phthalates', 'Without Parabens', 'Cruelty-Free']"
P501735,"['Unisex/ Genderless Scent', 'Floral Scent', 'Without Phthalates', 'Without Parabens']"
P460551,"['Good for: Damage', 'allure 2020 Best of Beauty Award Winner', 'Clean at Sephora', 'All Hair Types', 'Without Silicones', 'Increases Shine']"
P467938,"['Good for: Damage', 'allure 2020 Best of Beauty Award Winner', 'Clean at Sephora', 'All Hair Types', 'Without Silicones', 'Increases Shine']"
P476477,"['Vegan', 'Clean at Sephora', 'All Hair Types', 'Good for: Frizz', 'Without Silicones', 'Without Sulfates SLS & SLES']"
P477820,"['Lactic Acid', 'Clean at Sephora', 'Good for: Hair Thinning', 'All Hair Types', 'Curly Hair', 'Good for: Flaky/Dry Scalp']"
P477797,"['Clean at Sephora', 'Curl-Enhancing', 'All Hair Types', 'Without Silicones', 'Increases Shine', 'Good for: Flaky/Dry Scalp']"
P460550,"['Good for: Damage', 'Clean at Sephora', 'Curly Hair', 'Without Silicones']"
P473264,"['Clean at Sephora', 'Curl-Enhancing', 'Coily Hair', 'Curly Hair', 'Wavy Hair', 'Without Silicones']"
P460552,"['allure 2020 Best of Beauty Award Winner', 'Clean at Sephora', 'Good for: Frizz', 'Without Silicones', 'Increases Shine']"
P501225,"['Vegan', 'Clean at Sephora', 'All Hair Types', 'Curly Hair', 'Cruelty-Free']"
P469027,"['Clean at Sephora', 'All Hair Types', 'Good for: Frizz', 'Good for: Dryness', 'Fragrance Free', 'Without Silicones']"
P460549,"['Vegan', 'Clean at Sephora', 'Good for: Frizz', 'Curly Hair', 'Without Sulfates SLS & SLES']"
P479469,"['Vegan', 'Clean at Sephora', 'Curl-Enhancing', 'All Hair Types', 'Without Sulfates SLS & SLES', 'Good for: Flaky/Dry Scalp']"
P483105,"['Clean at Sephora', 'Curl-Enhancing', 'Coily Hair', 'Curly Hair', 'Wavy Hair', 'Without Silicones']"
P473824,"['Vegan', 'Clean at Sephora', 'All Hair Types', 'Coily Hair', 'Curly Hair', 'Cruelty-Free']"
P503157,"['Clean at Sephora', 'Good for: Frizz', 'Coily Hair', 'Curly Hair', 'Without Silicones', 'Increases Shine']"
P388628,"['Good for: Damage', 'Vegan', 'Community Favorite', 'Clean + Planet Positive', 'All Hair Types', 'Increases Shine']"
P418507,"['Vegan', 'Clean + Planet Positive', 'allure 2018 Best of Beauty Award Winner', 'Good for: Flaky/Dry Scalp', 'Good for: Oily Scalp']"
P396733,"['Clean + Planet Positive', 'All Hair Types', 'Good for: Frizz', 'Good for: Dryness', 'Gluten Free', 'Increases Shine']"
P479700,"['Good for: Damage', 'Vegan', 'Clean + Planet Positive', 'All Hair Types', 'Good for: Dryness', 'Increases Shine']"
P418506,"['Clean + Planet Positive', 'All Hair Types', 'Gluten Free', 'Good for: Flaky/Dry Scalp', 'Good for: Oily Scalp']"
P457415,"['Good for: Damage', 'Vegan', 'allure 2020 Best of Beauty Award Winner', 'All Hair Types', 'Without Silicones', 'Increases Shine']"
P411359,"['Clean + Planet Positive', 'Heat Protection', 'All Hair Types', 'Good for: Frizz', 'Gluten Free']"
P458943,"['allure 2020 Best of Beauty Award Winner', 'Clean + Planet Positive', 'All Hair Types', 'Good for: Dryness', 'Gluten Free', 'Increases Shine']"
P427718,"['Good for: Damage', 'Clean + Planet Positive', 'All Hair Types', 'Good for: Dryness', 'Gluten Free', 'Increases Shine']"
P429962,"['Clean + Planet Positive', 'All Hair Types', 'Good for: Flaky/Dry Scalp']"
P388626,"['Clean + Planet Positive', 'Good for: Dryness', 'Good for: Frizz', 'Fragrance Free', 'Curly Hair', 'Gluten Free']"
P446343,"['Vegan', 'Clean + Planet Positive', 'All Hair Types', 'Good for: Dryness', 'Gluten Free', 'Without Sulfates SLS & SLES']"
P427715,"['Vegan', 'allure 2018 Best of Beauty Award Winner', 'All Hair Types', 'Good for: Flaky/Dry Scalp', 'Good for: Oily Scalp']"
P418505,"['Vegan', 'Clean + Planet Positive', 'All Hair Types', 'Alcohol Free', 'Without Silicones', 'Good for: Oily Scalp']"
P426204,"['Good for: Damage', 'Vegan', 'Community Favorite', 'Clean + Planet Positive', 'All Hair Types', 'Increases Shine']"
P503697,"['Good for: Damage', 'Clean + Planet Positive', 'All Hair Types', 'Good for: Hair Thinning', 'Fragrance Free', 'Cruelty-Free']"
P469440,"['Vegan', 'Clean + Planet Positive', 'All Hair Types', 'Fragrance Free', 'Good for: Flaky/Dry Scalp', 'Good for: Oily Scalp']"
P431542,No Highlights
P470202,"['Vegan', 'allure 2019 Best of Beauty Award Winner', 'Clean + Planet Positive', 'All Hair Types', 'Good for: Flaky/Dry Scalp', 'Good for: Oily Scalp']"
P402071,"['Vegan', 'Clean + Planet Positive', 'Good for: Volume', 'All Hair Types', 'Without Sulfates SLS & SLES', 'Good for: Oily Scalp']"
P467242,"['Good for: Damage', 'Clean + Planet Positive', 'All Hair Types', 'Good for: Dryness', 'Gluten Free', 'Increases Shine']"
P447355,"['Clean + Planet Positive', 'All Hair Types', 'Good for: Frizz', 'Good for: Dryness', 'Gluten Free', 'Increases Shine']"
P388629,No Highlights
P500163,"['Clean at Sephora', 'All Hair Types', 'Good for: Dryness', 'UV Protection', 'Without Silicones', 'Increases Shine']"
P471538,"['Clean + Planet Positive', 'All Hair Types', 'Without Silicones', 'Without Sulfates SLS & SLES', 'Increases Shine', 'Good for: Oily Scalp']"
P479735,"['Good for: Damage', 'Clean + Planet Positive', 'All Hair Types', 'Good for: Dryness', 'Without Silicones', 'Increases Shine']"
P408411,"['Clean + Planet Positive', 'Curl-Enhancing', 'Good for: Frizz', 'Curly Hair', 'Alcohol Free', 'Strong Hold']"
P461430,"['Vegan', 'Clean + Planet Positive', 'Good for: Dryness', 'Fragrance Free', 'Hypoallergenic', 'Gluten Free']"
P388625,"['Vegan', 'Clean + Planet Positive', 'Good for: Volume', 'All Hair Types']"
P501722,"['Good for: Damage', ""allure Readers' Choice Award Winner: Original Foundation bareMinerals"", 'All Hair Types', 'Good for: Dryness', 'Good for: Flaky/Dry Scalp', 'Increases Shine']"
P449579,"['Vegan', 'Clean + Planet Positive', 'All Hair Types']"
P431543,"['allure 2019: Clean Beauty Winner', 'Clean + Planet Positive', 'All Hair Types', 'Good for: Dryness', 'Without Sulfates SLS & SLES']"
P402074,"['Clean + Planet Positive', 'Curl-Enhancing', 'Good for: Dryness', 'Curly Hair', 'Without Sulfates SLS & SLES', 'Increases Shine']"
P388627,"['Clean + Planet Positive', 'Curl-Enhancing', 'Good for: Dryness', 'Good for: Frizz', 'Curly Hair', 'Increases Shine']"
P396734,"['Vegan', 'Clean + Planet Positive', 'Good for: Volume', 'All Hair Types', 'Alcohol Free', 'Without Silicones']"
P402073,"['Vegan', 'Clean + Planet Positive', 'All Hair Types', 'Good for: Frizz', 'Gluten Free', 'Increases Shine']"
P500174,"['Clean at Sephora', 'Curl-Enhancing', 'All Hair Types', 'Good for: Dryness', 'Alcohol Free']"
P431544,"['Vegan', 'allure 2019: Clean Beauty Winner', 'Clean + Planet Positive', 'All Hair Types', 'Good for: Dryness', 'Increases Shine']"
P402072,"['Clean + Planet Positive', 'All Hair Types', 'Good for: Frizz', 'Gluten Free', 'Without Sulfates SLS & SLES', 'Increases Shine']"
P469441,"['Vegan', 'allure 2019 Best of Beauty Award Winner', 'Clean + Planet Positive', 'All Hair Types', 'Good for: Flaky/Dry Scalp', 'Good for: Oily Scalp']"
P446340,"['Vegan', 'Clean + Planet Positive', 'All Hair Types', 'Good for: Dryness', 'Gluten Free', 'Without Sulfates SLS & SLES']"
P446341,"['Vegan', 'Clean + Planet Positive', 'All Hair Types', 'Good for: Dryness', 'Gluten Free']"
P474305,"['Good for: Damage', 'Clean + Planet Positive', 'Curl-Enhancing', 'Good for: Dryness', 'Curly Hair', 'Without Silicones']"
P467745,"['Good for: Damage', 'Clean + Planet Positive', 'All Hair Types', 'Good for: Dryness', 'Increases Shine']"
P461428,"['Clean + Planet Positive', 'All Hair Types', 'Good for: Dryness', 'Fragrance Free', 'Hypoallergenic', 'Without Sulfates SLS & SLES']"
P503684,"['Clean + Planet Positive', 'Good for: Hair Thinning', 'All Hair Types', 'Without Parabens', 'Without Silicones', 'Without Sulfates SLS & SLES']"
P474306,"['Clean + Planet Positive', 'Curl-Enhancing', 'Good for: Dryness', 'Curly Hair', 'Without Silicones', 'Without Sulfates SLS & SLES']"
P435402,"['Clean + Planet Positive', 'Curl-Enhancing', 'Good for: Dryness', 'Good for: Frizz', 'Coily Hair', 'Increases Shine']"
P471536,"['Vegan', 'Clean + Planet Positive', 'All Hair Types', 'Without Sulfates SLS & SLES', 'Increases Shine', 'Good for: Oily Scalp']"
P461429,"['Clean + Planet Positive', 'All Hair Types', 'Good for: Dryness', 'Fragrance Free', 'Hypoallergenic', 'Increases Shine']"
P503682,"['Clean + Planet Positive', 'Good for: Hair Thinning', 'All Hair Types', 'Without Parabens', 'Without Silicones', 'Without Sulfates SLS & SLES']"
P474027,"['Vegan', 'Clean + Planet Positive', 'All Hair Types', 'Good for: Frizz', 'Good for: Dryness', 'Increases Shine']"
P471537,"['Vegan', 'Clean + Planet Positive', 'All Hair Types', 'Without Sulfates SLS & SLES', 'Increases Shine', 'Good for: Oily Scalp']"
P480578,"['Vegan', 'Clean + Planet Positive', 'Good for: Volume', 'All Hair Types', 'Gluten Free', 'Cruelty-Free']"
P505040,"['All Hair Types', 'Fragrance Free', 'Hypoallergenic', 'Without Sulfates SLS & SLES', 'Good for: Flaky/Dry Scalp']"
P386464,"['Hydrating', 'Heat Protection', 'All Hair Types', 'Good for: Frizz', 'UV Protection', 'Prevents Color Fading']"
P375391,"['Heat Protection', 'Good for: Frizz', 'UV Protection', 'Without Sulfates SLS & SLES', 'Increases Shine', 'Cruelty-Free']"
P381033,"['allure 2019 Best of Beauty Award Winner', 'Good for: Volume', 'All Hair Types', 'Without Parabens', 'Strong Hold']"
P426163,"['Hydrating', 'Heat Protection', 'All Hair Types', 'Good for: Frizz', 'UV Protection', 'Prevents Color Fading']"
P280513,['Vegan']
P397351,['Vegan']
P384541,['Vegan']
P280564,"['Vegan', 'All Hair Types', 'Good for: Oily Scalp']"
P280566,['Vegan']
P280537,No Highlights
P449139,"['Good for: Damage', 'Good for: Color Care', 'Heat Protection', 'Hydrating', 'All Hair Types', 'Good for: Frizz']"
P386463,"['All Hair Types', 'Good for: Dryness', 'Without Parabens', 'Without Sulfates SLS & SLES', 'Increases Shine', 'Cruelty-Free']"
P386462,"['All Hair Types', 'Good for: Frizz', 'Good for: Dryness', 'Without Sulfates SLS & SLES', 'Increases Shine', 'Cruelty-Free']"
P422339,"['Good for: Volume', 'UV Protection', 'Without Parabens', 'Without Sulfates SLS & SLES', 'Good for: Oily Scalp', 'Cruelty-Free']"
P391796,['Vegan']
P425490,No Highlights
P297554,No Highlights
P394825,['Vegan']
P436391,"['allure 2019 Best of Beauty Award Winner', 'Good for: Volume', 'All Hair Types', 'Without Parabens', 'Strong Hold']"
P456160,"['All Hair Types', 'Without Phthalates', 'UV Protection', 'Without Parabens', 'Good for: Oily Scalp', 'Cruelty-Free']"
P407072,['Vegan']
P280573,['Vegan']
P410733,No Highlights
P280528,"['Without Mineral Oil', 'Without Phthalates', 'Without Formaldehydes', 'Without Parabens', 'Increases Shine', 'Cruelty-Free']"
P280530,"['Without Mineral Oil', 'Without Phthalates', 'Without Formaldehydes', 'Without Parabens', 'Increases Shine', 'Cruelty-Free']"
P391797,['Vegan']
P421496,['Vegan']
P462839,No Highlights
P425617,['Vegan']
P280568,['Vegan']
P425468,No Highlights
P415754,['Vegan']
P280512,No Highlights
P421497,['Vegan']
P456161,"['All Hair Types', 'Without Phthalates', 'UV Protection', 'Without Parabens', 'Good for: Oily Scalp', 'Cruelty-Free']"
P286106,"['Good for: Volume', 'Matte Finish', 'All Hair Types', 'Without Parabens', 'Cruelty-Free']"
P378842,['Vegan']
P280567,No Highlights
P280508,"['Medium Hold', 'All Hair Types', 'Without Parabens', 'Without Mineral Oil', 'Without Formaldehydes', 'Cruelty-Free']"
P461139,No Highlights
P422338,"['Good for: Dryness', 'Without Formaldehydes', 'UV Protection', 'Without Parabens', 'Good for: Oily Scalp', 'Cruelty-Free']"
P475914,"['Good for: Damage', 'Hydrating', 'All Hair Types', 'Good for: Dryness', 'Without Sulfates SLS & SLES', 'Cruelty-Free']"
P280572,No Highlights
P443339,['Vegan']
P280511,No Highlights
P425464,['Vegan']
P280544,No Highlights
P462832,No Highlights
P280526,['Vegan']
P280562,['Vegan']
P419713,"['Hydrating', 'Good for: Frizz', 'Good for: Dryness', 'UV Protection', 'Cruelty-Free']"
P378841,['Vegan']
P436392,"['Good for: Volume', 'Wavy Hair', 'Without Parabens', 'Straight Hair', 'Increases Shine', 'Cruelty-Free']"
P280533,No Highlights
P462837,No Highlights
P399118,No Highlights
P454344,No Highlights
P280548,['Vegan']
P479832,"['Increases Shine', 'Good for: Frizz', 'Cruelty-Free', 'All Hair Types', 'Good for: Dryness', 'Good for: Damage']"
P462835,No Highlights
P449138,No Highlights
P479834,"['Good for: Damage', 'Good for: Color Care', 'Heat Protection', 'Hydrating', 'All Hair Types', 'Good for: Frizz']"
P425463,No Highlights
P479830,"['Increases Shine', 'Good for: Frizz', 'Cruelty-Free', 'All Hair Types', 'Hydrating', 'Good for: Damage']"
P479831,"['Increases Shine', 'Good for: Frizz', 'Cruelty-Free', 'All Hair Types', 'Hydrating', 'Good for: Damage']"
P462834,No Highlights
P471006,"['Heat Protection', 'All Hair Types', 'Good for: Frizz', 'Good for: Dryness', 'Without Sulfates SLS & SLES']"
P474310,No Highlights
P436395,['Vegan']
P477727,"['Hydrating', 'Curl-Enhancing', 'Good for: Frizz', 'Curly Hair', 'Without Parabens', 'Cruelty-Free']"
P474031,"['Good for: Color Care', 'Heat Protection', 'All Hair Types', 'Without Parabens', 'Reduces Brassiness', 'Cruelty-Free']"
P426164,No Highlights
P462838,No Highlights
P399120,No Highlights
P425471,['Vegan']
P377208,No Highlights
P426165,No Highlights
P417615,['Vegan']
P479829,"['Good for: Damage', 'Hydrating', 'All Hair Types', 'Good for: Frizz', 'Increases Shine', 'Cruelty-Free']"
P413039,No Highlights
P436393,"['Good for: Volume', 'Heat Protection', 'Hydrating', 'Without Parabens', 'Cruelty-Free']"
P399119,No Highlights
P280563,['Vegan']
P462833,No Highlights
P474307,"['Vegan', 'All Hair Types', 'Good for: Oily Scalp']"
P280525,['Vegan']
P476041,"['Good for: Damage', 'Good for: Color Care', 'Hydrating', 'All Hair Types', 'Without Sulfates SLS & SLES', 'Cruelty-Free']"
P280551,['Vegan']
P451214,No Highlights
P479833,"['Good for: Damage', 'Heat Protection', 'All Hair Types', 'Good for: Frizz', 'Increases Shine', 'Cruelty-Free']"
P449753,"['Good for: Volume', 'UV Protection', 'Without Parabens', 'Without Sulfates SLS & SLES', 'Good for: Oily Scalp', 'Cruelty-Free']"
P475913,"['Hydrating', 'Good for: Damage', 'All Hair Types', 'Good for: Dryness', 'Without Sulfates SLS & SLES', 'Good for: Color Care']"
P481816,"['Good for: Volume', 'Plumping', 'Cruelty-Free', 'Good for: Frizz', 'Hydrating', 'Heat Protection']"
P462836,No Highlights
P454343,No Highlights
P425469,No Highlights
P500302,"['Plumping', 'Good for: Volume', 'Hydrating', 'All Hair Types', 'Without Parabens', 'Cruelty-Free']"
P474309,No Highlights
P504163,"['Lactic Acid', 'Good for: Color Care', 'All Hair Types', 'Without Sulfates SLS & SLES', 'Good for: Oily Scalp', 'Cruelty-Free']"
P474030,['Vegan']
P417614,"['Unisex/ Genderless Scent', 'High Shine Finish', 'All Hair Types', 'Increases Shine', 'Cruelty-Free']"
P474029,['Vegan']
P474308,No Highlights
P500177,"['Without Phthalates', 'Without Formaldehydes', 'UV Protection', 'Without Parabens', 'Cruelty-Free']"
P477822,"['Curl-Enhancing', 'Good for: Frizz', 'Curly Hair', 'UV Protection', 'Increases Shine', 'Cruelty-Free']"
P504140,"['Lactic Acid', 'Good for: Color Care', 'All Hair Types', 'Without Sulfates SLS & SLES', 'Good for: Oily Scalp', 'Cruelty-Free']"
P504146,"['Good for: Color Care', 'Salicylic Acid', 'Without Sulfates SLS & SLES', 'Good for: Oily Scalp', 'Cruelty-Free']"
P437631,"['Layerable Scent', 'Floral Scent']"
P466422,No Highlights
P421296,"['Floral Scent', 'Layerable Scent']"
P437632,"['Layerable Scent', 'Floral Scent']"
P502245,"['Layerable Scent', 'Floral Scent']"
P504241,"['Layerable Scent', 'Floral Scent']"
P410239,"['Layerable Scent', 'Warm &Spicy Scent', 'Floral Scent']"
P388218,"['Floral Scent', 'Layerable Scent', 'Warm &Spicy Scent']"
P479713,"['Layerable Scent', 'Floral Scent']"
P445411,"['Floral Scent', 'Layerable Scent']"
P461140,"['Floral Scent', 'Layerable Scent']"
P136025,No Highlights
P6986,"['Warm &Spicy Scent', 'Layerable Scent']"
P445412,"['Floral Scent', 'Layerable Scent']"
P418386,"['Woody & Earthy Scent', 'Layerable Scent']"
P162529,"['Warm &Spicy Scent', 'Layerable Scent']"
P475076,"['Layerable Scent', 'Woody & Earthy Scent']"
P408037,No Highlights
P501489,No Highlights
P79502,No Highlights
P383082,No Highlights
P399255,No Highlights
P503677,"['Layerable Scent', 'Woody & Earthy Scent']"
P174213,"['Metallic Finish', 'Plumping', 'Without Phthalates', 'Without Parabens', 'Without Sulfates SLS & SLES']"
P305132,No Highlights
P420163,"['Light Coverage', 'Plumping', 'Without Mineral Oil', 'Without Parabens', 'Cruelty-Free']"
P228204,No Highlights
P374159,No Highlights
P471224,"['Vegan', 'Hyaluronic Acid', 'Plumping', 'Collagen', 'Without Mineral Oil', 'Without Parabens']"
P473265,"['Plumping', 'Matte Finish', 'Long-wearing', 'Full Coverage', 'Waterproof', 'Without Parabens']"
P431441,"['Floral Scent', 'Clean + Planet Positive', 'Vegan']"
P481959,"['allure 2022 Best of Beauty Award Winner', 'Clean + Planet Positive', 'Clean at Sephora', 'Without Phthalates', 'Without Parabens', 'Cruelty-Free']"
P431765,"['Floral Scent', 'Clean + Planet Positive', 'Vegan']"
P431444,"['Vegan', 'Layerable Scent', 'Warm &Spicy Scent', 'Clean + Planet Positive', 'Hypoallergenic']"
P479736,"['Best for Normal Skin', 'Clean + Planet Positive', 'Good for: Anti-Aging', 'Vegan']"
P503667,"['Vegan', 'Layerable Scent', 'Clean + Planet Positive', 'Cruelty-Free']"
P431443,"['Woody & Earthy Scent', 'Clean + Planet Positive', 'Unisex/ Genderless Scent', 'Vegan']"
P479697,"['Best for Normal Skin', 'Clean + Planet Positive', 'Good for: Anti-Aging', 'Vegan']"
P436758,"['Layerable Scent', 'Warm &Spicy Scent', 'Clean + Planet Positive', 'Hypoallergenic', 'Alcohol Free']"
P431768,"['Vegan', 'Layerable Scent', 'Clean + Planet Positive', 'Fresh Scent', 'Hypoallergenic']"
P436761,"['Vegan', 'Floral Scent', 'Clean + Planet Positive', 'Alcohol Free']"
P459401,"['Fresh Scent', 'Clean + Planet Positive', 'Vegan']"
P465313,"['Vegan', 'Unisex/ Genderless Scent', 'Woody & Earthy Scent', 'Clean + Planet Positive', 'Alcohol Free']"
P431767,"['Woody & Earthy Scent', 'Clean + Planet Positive', 'Unisex/ Genderless Scent', 'Vegan']"
P471540,"['Good for: Anti-Aging', 'Clean + Planet Positive', 'Floral Scent', 'Vegan', 'Best for Normal Skin']"
P503074,['Clean + Planet Positive']
P465314,"['Vegan', 'Unisex/ Genderless Scent', 'Woody & Earthy Scent', 'Clean + Planet Positive', 'Alcohol Free']"
P451243,"['Woody & Earthy Scent', 'Clean + Planet Positive', 'Vegan']"
P459402,"['Fresh Scent', 'Clean + Planet Positive', 'Vegan']"
P503633,"['Vegan', 'Layerable Scent', 'Clean at Sephora', 'Without Phthalates', 'Without Parabens', 'Cruelty-Free']"
P463424,"['Clean + Planet Positive', 'Without Parabens', 'Without Phthalates']"
P436759,"['Vegan', 'Unisex/ Genderless Scent', 'Woody & Earthy Scent', 'Clean + Planet Positive', 'Alcohol Free']"
P436850,"['Vegan', 'Floral Scent', 'Clean + Planet Positive']"
P435107,"['Vegan', 'Floral Scent', 'Clean + Planet Positive']"
P501144,"['Vegan', 'Clean + Planet Positive', 'Without Phthalates', 'Without Parabens', 'Cruelty-Free']"
P503061,['Clean + Planet Positive']
P432401,['Clean + Planet Positive']
P451242,"['Woody & Earthy Scent', 'Clean + Planet Positive', 'Vegan']"
P503198,"['Vegan', 'Layerable Scent', 'Clean at Sephora', 'Without Phthalates', 'Without Parabens', 'Cruelty-Free']"
P479731,"['Best for Normal Skin', 'Clean + Planet Positive', 'Good for: Anti-Aging', 'Vegan', 'Floral Scent']"
P501139,"['Vegan', 'Clean + Planet Positive', 'Without Phthalates', 'Without Parabens', 'Cruelty-Free']"
P471539,"['Good for: Anti-Aging', 'Clean + Planet Positive', 'Woody & Earthy Scent', 'Vegan', 'Best for Normal Skin']"
P503069,['Clean + Planet Positive']
P501066,"['allure 2022 Best of Beauty Award Winner', 'Clean + Planet Positive', 'Without Phthalates', 'Without Parabens', 'Cruelty-Free']"
P476657,"['Vegan', 'Floral Scent', 'Clean + Planet Positive', 'Cruelty-Free']"
P463425,"['Clean + Planet Positive', 'Without Parabens', 'Without Phthalates']"
P436757,"['Clean + Planet Positive', 'Without Phthalates', 'Without Parabens']"
P457889,"['Vegan', 'Clean + Planet Positive', 'Fresh Scent', 'Alcohol Free']"
P465315,"['Vegan', 'Unisex/ Genderless Scent', 'Woody & Earthy Scent', 'Clean + Planet Positive']"
P452678,"['Vegan', 'Woody & Earthy Scent', 'Clean + Planet Positive', 'Alcohol Free']"
P503206,"['Vegan', 'Layerable Scent', 'Warm &Spicy Scent', 'Clean at Sephora', 'Cruelty-Free']"
P460443,['Clean + Planet Positive']
P504811,No Highlights
P503220,"['Vegan', 'Layerable Scent', 'Floral Scent', 'Clean at Sephora', 'Without Parabens', 'Cruelty-Free']"
P501569,"['Good for: Pores', 'Clean + Planet Positive', 'Hydrating', 'Collagen', 'Matte Finish', 'Niacinamide']"
P480580,"['Vegan', 'High Shine Finish', 'Plumping', 'Clean + Planet Positive', 'Hydrating', 'Cruelty-Free']"
P479308,"['Volumizing', 'allure 2022 Best of Beauty Award Winner', 'Clean + Planet Positive', 'Long-wearing', 'Lengthening', 'Cruelty-Free']"
P480579,"['Light Coverage', 'Natural Finish', 'Liquid Formula', 'Clean + Planet Positive', 'Hydrating', 'Without Silicones']"
P479309,"['Volumizing', 'allure 2022 Best of Beauty Award Winner', 'Clean + Planet Positive', 'Long-wearing', 'Lengthening', 'Cruelty-Free']"
P504293,"['Natural Finish', 'Clean + Planet Positive', 'Hydrating', 'Long-wearing', 'Best for Dry, Combo, Normal Skin', 'Cruelty-Free']"
P479835,"['Clean + Planet Positive', 'Long-wearing', 'Without Phthalates', 'Waterproof', 'Without Parabens', 'Cruelty-Free']"
P500246,"['Vegan', 'Radiant Finish', 'Liquid Formula', 'Clean + Planet Positive', 'Hydrating', 'Cruelty-Free']"
P503176,"['Volumizing', 'Sustainable Packaging', 'Clean + Planet Positive', 'Long-wearing', 'Lengthening', 'Cruelty-Free']"
P504288,"['Good for: Dullness/Uneven Texture', 'Good for: Loss of firmness', 'Clean + Planet Positive', 'Good for: Anti-Aging', 'Good for: Dryness', 'Best for Dry, Combo, Normal Skin']"
P503922,"['Radiant Finish', 'Clean + Planet Positive', 'Hydrating', 'Long-wearing', 'Best for Dry, Combo, Normal Skin', 'Cruelty-Free']"
P504896,"['Pressed Powder Formula', 'Shimmer Finish', 'Clean + Planet Positive', 'Long-wearing', 'Matte Finish', 'Cruelty-Free']"
P117410,No Highlights
P4095,No Highlights
P396308,No Highlights
P4099,No Highlights
P4103,No Highlights
P424553,No Highlights
P164302,No Highlights
P281425,No Highlights
P481408,"['Good for: Redness', 'Refill Available', 'Good for: Dullness/Uneven Texture', 'Best for Oily Skin', 'Good for: Dryness']"
P504518,"['Unisex/ Genderless Scent', 'Refill Available', 'Customizable']"
P504414,"['Woody & Earthy Scent', 'Without Mineral Oil', 'Without Phthalates', 'Without Parabens', 'Without Sulfates SLS & SLES', 'Cruelty-Free']"
P459006,No Highlights
P459003,No Highlights
P420533,No Highlights
P501216,"['Layerable Scent', 'Warm &Spicy Scent', 'Floral Scent']"
P434500,No Highlights
P474032,"['Layerable Scent', 'Floral Scent']"
P460444,No Highlights
P438526,No Highlights
P484038,"['Layerable Scent', 'Floral Scent']"
P500017,"['Layerable Scent', 'Warm &Spicy Scent', 'Floral Scent']"
P504996,"['Vegan', 'Layerable Scent', 'Floral Scent']"
P502297,"['Layerable Scent', 'Warm &Spicy Scent', 'Floral Scent']"
P474033,"['Layerable Scent', 'Floral Scent']"
P440909,No Highlights
P471747,No Highlights
P482517,"['Layerable Scent', 'Floral Scent']"
P472310,No Highlights
P481961,"['Layerable Scent', 'Warm &Spicy Scent', 'Woody & Earthy Scent']"
P481817,"['Vegan', 'Good for: Dullness/Uneven Texture', 'Good for: Pores', 'Clean + Planet Positive', 'Fresh Scent', 'Best for Oily, Combo, Normal Skin']"
P94421,"['Vegan', 'Good for: Dullness/Uneven Texture', 'Clean + Planet Positive', 'Oil Free', 'Good for: Dark spots']"
P472454,"['Vegan', 'Good for: Redness', 'Clean + Planet Positive', 'Hydrating', 'Without Mineral Oil', 'Without Silicones']"
P12045,"['Good for: Redness', 'Best for Dry Skin', 'Clean + Planet Positive', 'Hydrating', 'Good for: Dryness']"
P474938,"['Good for: Pores', 'Clean + Planet Positive', 'Fragrance Free', 'Good for: Acne/Blemishes', 'Salicylic Acid', 'Best for Oily, Combo, Normal Skin']"
P395615,"['Vegan', 'Good for: Dullness/Uneven Texture', 'Clean + Planet Positive', 'Good for: Pores', 'Good for: Acne/Blemishes', 'Best for Oily, Combo, Normal Skin']"
P152203,"['Clean + Planet Positive', 'Good for: Dryness']"
P474937,"['Vegan', 'Good for: Pores', 'Clean + Planet Positive', 'Fragrance Free', 'Good for: Acne/Blemishes', 'Best for Oily, Combo, Normal Skin']"
P471226,"['Vegan', 'Good for: Dullness/Uneven Texture', 'Clean + Planet Positive', 'Oil Free', 'Good for: Dark spots']"
P381020,"['Clean + Planet Positive', 'Good for: Dryness']"
P420224,"['Vegan', 'Good for: Dullness/Uneven Texture', 'Best for Dry Skin', 'Clean + Planet Positive', 'AHA/Glycolic Acid', 'Good for: Dark spots']"
P472453,"['Vegan', 'Best for Dry Skin', 'Clean + Planet Positive', 'Hydrating', 'Without Mineral Oil', 'Without Silicones']"
P474939,"['Vegan', 'Good for: Pores', 'Clean + Planet Positive', 'Fragrance Free', 'Good for: Acne/Blemishes', 'Best for Oily, Combo, Normal Skin']"
P468637,"['Vegan', 'Clean + Planet Positive', 'Without Mineral Oil', 'Good for: Dryness']"
P480285,"['Vegan', 'Good for: Loss of firmness', 'Clean + Planet Positive', 'Good for: Dark Circles', 'Good for: Anti-Aging', 'Fragrance Free']"
P466114,"['Vegan', 'Hyaluronic Acid', 'Good for: Loss of firmness', 'Clean + Planet Positive', 'Good for: Dryness']"
P467750,"['Vegan', 'Hyaluronic Acid', 'Good for: Loss of firmness', 'Clean + Planet Positive', 'Good for: Dryness']"
P458757,"['Vegan', 'Good for: Loss of firmness', 'Best for Dry Skin', 'Clean + Planet Positive', 'Good for: Dryness', 'Without Parabens']"
P480160,"['Vegan', 'Refill Available', 'Good for: Dullness/Uneven Texture', 'Good for: Loss of firmness', 'Clean + Planet Positive', 'Good for: Anti-Aging']"
P471227,"['Vegan', 'Good for: Dullness/Uneven Texture', 'Clean + Planet Positive', 'AHA/Glycolic Acid', 'Good for: Dark spots']"
P6028,"['Clean + Planet Positive', 'Good for: Pores']"
P504887,"['Vegan', 'Good for: Dullness/Uneven Texture', 'Good for: Pores', 'Clean + Planet Positive', 'Good for: Acne/Blemishes', 'Best for Oily, Combo, Normal Skin']"
P480284,"['Vegan', 'Good for: Dullness/Uneven Texture', 'Good for: Loss of firmness', 'Clean + Planet Positive', 'Good for: Anti-Aging', 'Good for: Dark spots']"
P481818,"['Vegan', 'Good for: Dullness/Uneven Texture', 'Good for: Pores', 'Clean + Planet Positive', 'Fresh Scent', 'Best for Oily, Combo, Normal Skin']"
P471009,"['Vegan', 'Good for: Dullness/Uneven Texture', 'Clean + Planet Positive', 'AHA/Glycolic Acid', 'Good for: Dark spots']"
P472455,"['Hydrating', 'Without Silicones', 'Oil Free', 'Vegan', 'Hyaluronic Acid', 'Clean + Planet Positive']"
P471541,"['Vegan', 'Clean + Planet Positive', 'Hydrating', 'Without Mineral Oil', 'Best for Oily, Combo, Normal Skin', 'Without Silicones']"
P468813,"['Vegan', 'Clean + Planet Positive', 'Good for: Dryness', 'Alcohol Free']"
P469444,"['Good for: Redness', 'Clean + Planet Positive', 'Hydrating', 'Good for: Dryness']"
P467748,"['Vegan', 'Hyaluronic Acid', 'Good for: Loss of firmness', 'Clean + Planet Positive', 'Good for: Dryness']"
P503657,"['Vegan', 'Refill Available', 'Good for: Dullness/Uneven Texture', 'Clean + Planet Positive', 'Good for: Anti-Aging', 'Good for: Dark spots']"
P467749,"['Vegan', 'Hyaluronic Acid', 'Good for: Loss of firmness', 'Clean + Planet Positive', 'Good for: Dryness']"
P472451,"['Vegan', 'Best for Dry Skin', 'Clean + Planet Positive', 'Hydrating', 'Good for: Dryness', 'Without Silicones']"
P470007,"['Vegan', 'Good for: Redness', 'Clean + Planet Positive', 'Hydrating', 'Good for: Dryness']"
P478239,"['Vegan', 'Best for Oily Skin', 'Clean + Planet Positive', 'Hydrating', 'Fragrance Free', 'Good for: Acne/Blemishes']"
P474936,"['Vegan', 'Good for: Pores', 'Clean + Planet Positive', 'Hydrating', 'Fragrance Free', 'Good for: Acne/Blemishes']"
P472452,"['Vegan', 'Clean + Planet Positive', 'Fresh Scent', 'Long-wearing', 'Fragrance Free', 'Alcohol Free']"
P481386,"['Vegan', 'Cream Formula', 'Clean + Planet Positive', 'Hydrating', 'Good for: Dryness', 'Without Silicones']"
P500016,"['Good for: Dullness/Uneven Texture', 'Radiant Finish', 'Vegan', 'Fresh Scent', 'Clean + Planet Positive']"
P503655,"['Good for: Redness', 'Best for Dry Skin', 'Clean + Planet Positive', 'Hydrating', 'Good for: Dryness']"
P504881,"['Good for: Dullness/Uneven Texture', 'Clean + Planet Positive', 'AHA/Glycolic Acid', 'Good for: Dark spots', 'Niacinamide']"
P504848,"['Hyaluronic Acid', 'Good for: Loss of firmness', 'Clean + Planet Positive', 'Good for: Anti-Aging', 'Oil Free']"
P504850,"['Good for: Loss of firmness', 'Clean + Planet Positive', 'Good for: Anti-Aging', 'Good for: Dryness', 'Good for: Dark spots']"
P481366,"['Vegan', 'Hydrating', 'Clean at Sephora', 'SPF', 'Without Silicones', 'Niacinamide']"
P481367,"['Vegan', 'Clean at Sephora', 'UV Protection', 'SPF', 'Without Silicones', 'Cruelty-Free']"
P501587,"['Recyclable Packaging', 'Good for: Dullness/Uneven Texture', 'Hydrating', 'Clean at Sephora', 'Without Silicones']"
P500399,"['Vegan', 'Clean at Sephora', 'Fragrance Free', 'UV Protection', 'SPF', 'Without Silicones']"
P501577,"['Good for: Dullness/Uneven Texture', 'Vitamin C', 'Hydrating', 'Clean at Sephora', 'Without Silicones', 'Niacinamide']"
P500287,"['Vegan', 'Hydrating', 'Clean at Sephora', 'UV Protection', 'SPF', 'Without Silicones']"
P500845,"['Woody & Earthy Scent', 'Clean + Planet Positive', 'All Hair Types', 'Without Silicones', 'Good for: Flaky/Dry Scalp', 'Good for: Oily Scalp']"
P500849,"['All Hair Types', 'Good for: Flaky/Dry Scalp', 'Good for: Oily Scalp']"
P500870,"['Good for: Damage', 'Clean + Planet Positive', 'All Hair Types', 'Good for: Frizz', 'Good for: Dryness', 'UV Protection']"
P500841,"['Good for: Damage', 'Clean + Planet Positive', 'All Hair Types', 'allure 2021 Best of Beauty Award Winner', 'Good for: Frizz', 'Good for: Dryness']"
P500891,"['Woody & Earthy Scent', 'Clean + Planet Positive', 'All Hair Types', 'Without Sulfates SLS & SLES', 'Good for: Flaky/Dry Scalp', 'Good for: Oily Scalp']"
P500844,"['Clean + Planet Positive', 'Good for: Volume', 'Curl-Enhancing', 'Wavy Hair', 'Straight Hair', 'Without Sulfates SLS & SLES']"
P500884,"['Clean + Planet Positive', 'Heat Protection', 'All Hair Types', 'Good for: Frizz', 'UV Protection', 'Without Sulfates SLS & SLES']"
P500839,"['Vegan', 'Woody & Earthy Scent', 'Clean + Planet Positive', 'All Hair Types', 'Good for: Frizz', 'Good for: Dryness']"
P503156,"['Clean at Sephora', 'Curl-Enhancing', 'Coily Hair', 'Curly Hair', 'Wavy Hair', 'Without Silicones']"
P500895,"['Woody & Earthy Scent', 'Clean + Planet Positive', 'All Hair Types', 'Without Silicones', 'Good for: Flaky/Dry Scalp', 'Good for: Oily Scalp']"
P500875,"['Clean + Planet Positive', 'All Hair Types', 'Good for: Frizz', 'Without Sulfates SLS & SLES', 'Good for: Flaky/Dry Scalp', 'Increases Shine']"
P500899,"['Woody & Earthy Scent', 'Clean + Planet Positive', 'All Hair Types', 'Good for: Frizz', 'Good for: Dryness', 'Increases Shine']"
P500877,"['Woody & Earthy Scent', 'Clean + Planet Positive', 'Curl-Enhancing', 'Good for: Frizz', 'Without Silicones', 'Increases Shine']"
P500873,"['Woody & Earthy Scent', 'Clean + Planet Positive', 'All Hair Types', 'Good for: Dryness', 'Without Silicones', 'Without Sulfates SLS & SLES']"
P500886,"['Woody & Earthy Scent', 'Clean + Planet Positive', 'All Hair Types', 'Good for: Frizz', 'Good for: Dryness', 'Without Sulfates SLS & SLES']"
P500852,"['Curl-Enhancing', 'Good for: Frizz', 'Coily Hair', 'Curly Hair', 'Wavy Hair']"
P504123,"['Clean at Sephora', 'Hydrating', 'All Hair Types', 'Good for: Flaky/Dry Scalp', 'Good for: Oily Scalp']"
P503279,"['Clean + Planet Positive', 'Good for: Volume', 'Good for: Frizz', 'Without Silicones', 'Without Sulfates SLS & SLES', 'Good for: Oily Scalp']"
P500878,"['Medium Hold', 'Clean + Planet Positive', 'All Hair Types', 'Good for: Frizz', 'Without Silicones', 'Increases Shine']"
P503281,"['Volumizing', 'Clean + Planet Positive', 'Good for: Volume', 'Without Silicones', 'Without Sulfates SLS & SLES', 'Good for: Oily Scalp']"
P500869,"['Warm &Spicy Scent', 'Woody & Earthy Scent', 'Without Phthalates']"
P12495,No Highlights
P258612,No Highlights
P440093,No Highlights
P257900,No Highlights
P394949,No Highlights
P429692,No Highlights
P65510,No Highlights
P270302,No Highlights
P422299,No Highlights
P449555,No Highlights
P138300,No Highlights
P392141,No Highlights
P412038,No Highlights
P36680,No Highlights
P227402,No Highlights
P461928,No Highlights
P249815,No Highlights
P424076,No Highlights
P246502,No Highlights
P399166,No Highlights
P463025,No Highlights
P457660,No Highlights
P383438,No Highlights
P500720,No Highlights
P9576,No Highlights
P226914,No Highlights
P20375,No Highlights
P432089,No Highlights
P12481,No Highlights
P70400,No Highlights
P9549,No Highlights
P48601,No Highlights
P12542,No Highlights
P377719,No Highlights
P9550,No Highlights
P168609,No Highlights
P377718,No Highlights
P9577,No Highlights
P416960,No Highlights
P12539,No Highlights
P464219,No Highlights
P479695,No Highlights
P447142,No Highlights
P434104,"['Radiant Finish', 'Liquid Formula', 'Without Parabens', 'Community Favorite']"
P433526,"['Pressed Powder Formula', 'Natural Finish', 'Community Favorite', 'Medium Coverage', 'Best for Oily, Combo, Normal Skin', 'Without Sulfates SLS & SLES']"
P444154,"['Liquid Formula', 'Radiant Finish', 'Vegan', 'Without Parabens']"
P433516,"['Vegan', 'Community Favorite', 'Matte Finish', 'Long-wearing', 'Without Parabens']"
P458268,"['Matte Finish', 'Long-wearing', 'Without Parabens']"
P434002,No Highlights
P433530,"['Vegan', 'Community Favorite', 'Matte Finish', 'Long-wearing', 'Without Parabens']"
P467607,"['Radiant Finish', 'Liquid Formula', 'Without Parabens', 'Community Favorite', 'Vegan']"
P448869,"['Vegan', 'Cruelty-Free']"
P461147,No Highlights
P433523,"['Shimmer Finish', 'Without Parabens', 'Vegan']"
P467754,No Highlights
P434101,"['Vegan', 'Cream Formula', 'Shimmer Finish', 'Long-wearing', 'Without Parabens', 'Cruelty-Free']"
P433520,"['Refill Available', 'Hyaluronic Acid', 'Best for Dry Skin', 'Good for: Anti-Aging', 'Good for: Dryness', 'Without Sulfates SLS & SLES']"
P461148,"['Long-wearing', 'Alcohol Free', 'Oil Free', 'Without Parabens', 'Vegan']"
P480286,"['Long-wearing', 'Medium Coverage', 'Natural Finish', 'Hyaluronic Acid', 'Best for Dry, Combo, Normal Skin', 'Cruelty-Free']"
P459144,"['Refill Available', 'Pressed Powder Formula', 'Matte Finish', 'Hyaluronic Acid', 'Without Sulfates SLS & SLES', 'Vegan']"
P433527,"['Radiant Finish', 'Vegan', 'Without Parabens']"
P446609,No Highlights
P433531,"['Without Parabens', 'Satin Finish', 'Refill Available', 'Long-wearing', 'Vegan']"
P463822,No Highlights
P468347,"['Hydrating', 'High Shine Finish', 'Hyaluronic Acid', 'Without Parabens', 'Vegan']"
P434100,No Highlights
P454509,"['Vegan', 'Community Favorite', 'Matte Finish', 'Long-wearing', 'Without Parabens']"
P449571,No Highlights
P500285,"['Hyaluronic Acid', 'Long-wearing', 'Best for Dry, Combo, Normal Skin', 'Cruelty-Free']"
P433528,"['Pressed Powder Formula', 'Radiant Finish', 'Vegan', 'Without Parabens']"
P500407,"['Radiant Finish', 'Hyaluronic Acid', 'Good for: Dark Circles', 'Long-wearing', 'Medium Coverage', 'Best for Dry, Combo, Normal Skin']"
P455321,"['Shimmer Finish', 'Without Parabens']"
P456368,No Highlights
P434009,No Highlights
P504020,"['Liquid Formula', 'Matte Finish', 'Long-wearing', 'Without Sulfates SLS & SLES', 'Cruelty-Free']"
P475919,"['Vegan', 'Community Favorite', 'Matte Finish', 'Long-wearing', 'Without Parabens']"
P503729,"['Pressed Powder Formula', 'Shimmer Finish', 'Without Parabens', 'Cruelty-Free']"
P434526,"['Natural Finish', 'Long-wearing', 'Without Parabens', 'Vegan']"
P462841,"['Volumizing', 'Lengthening', 'Without Parabens']"
P454046,No Highlights
P458755,"['Good for: Loss of firmness', 'Vitamin C', 'Good for: Pores', 'Hydrating', 'Best for Dry, Combo, Normal Skin', 'Niacinamide']"
P433864,No Highlights
P433521,"['Refill Available', 'Vitamin C', 'Good for: Dark Circles', 'Retinol', 'Good for: Anti-Aging']"
P454508,"['Vegan', 'Community Favorite', 'Matte Finish', 'Long-wearing', 'Without Parabens']"
P454506,"['Radiant Finish', 'Vegan', 'Without Parabens']"
P446610,No Highlights
P455323,No Highlights
P461433,"['Matte Finish', 'Without Sulfates SLS & SLES', 'Cruelty-Free']"
P470203,"['Refill Available', 'Natural Finish', 'Long-wearing', 'Waterproof', 'Vegan', 'Without Parabens']"
P434004,No Highlights
P462843,No Highlights
P454505,No Highlights
P476843,"['Good for: Anti-Aging', 'Good for: Dark Circles', 'Good for: Dullness/Uneven Texture', 'Without Sulfates SLS & SLES', 'Cruelty-Free', 'Vegan']"
P433525,No Highlights
P502270,"['Vegan', 'Pressed Powder Formula', 'Refill Available', 'Good for: Dark Circles', 'Best for Oily, Combo, Normal Skin', 'Cruelty-Free']"
P462842,"['Volumizing', 'Lengthening', 'Without Parabens']"
P462845,"['Shimmer Finish', 'Without Parabens']"
P434008,No Highlights
P455322,No Highlights
P434010,No Highlights
P434012,No Highlights
P433863,"['Refill Available', 'Natural Finish', 'Long-wearing', 'Waterproof', 'Vegan', 'Without Parabens']"
P454351,No Highlights
P434527,No Highlights
P435975,"['Hyaluronic Acid', 'Good for: Dryness', 'Best for Dry, Combo, Normal Skin', 'Without Sulfates SLS & SLES']"
P433532,No Highlights
P471749,"['Vegan', 'Refill Available', 'Community Favorite', 'Matte Finish', 'Long-wearing', 'Without Parabens']"
P459260,No Highlights
P472458,"['Without Parabens', 'Satin Finish', 'Refill Available', 'Long-wearing', 'Vegan']"
P434528,No Highlights
P462847,No Highlights
P470208,"['Long-wearing', 'Without Parabens']"
P500739,"['Vegan', 'Good for: Pores', 'Niacinamide', 'Cruelty-Free']"
P433519,"['Refill Available', 'Good for: Dryness', 'Plumping', 'Good for: Loss of firmness', 'Best for Dry Skin', 'Retinol']"
P462844,"['Radiant Finish', 'Vegan', 'Without Parabens']"
P433529,No Highlights
P470204,"['Natural Finish', 'Long-wearing', 'Waterproof', 'Vegan', 'Without Parabens']"
P462846,No Highlights
P460744,No Highlights
P500753,"['Vegan', 'Good for: Pores', 'Niacinamide', 'Cruelty-Free']"
P433522,No Highlights
P446612,No Highlights
P459835,"['Good for: Loss of firmness', 'Vitamin C', 'Good for: Pores', 'Hydrating', 'Best for Dry, Combo, Normal Skin', 'Niacinamide']"
P433524,No Highlights
P502261,"['Liquid Formula', 'Fragrance Free', 'Oil Free', 'Best for Oily, Combo, Normal Skin', 'Without Parabens', 'Cruelty-Free']"
P470206,"['Natural Finish', 'Long-wearing', 'Waterproof', 'Vegan', 'Without Parabens']"
P476842,"['Good for: Loss of firmness', 'Good for: Anti-Aging', 'Good for: Dark Circles', 'Vegan']"
P472460,No Highlights
P502275,"['Pressed Powder Formula', 'Natural Finish', 'Medium Coverage', 'Best for Oily, Combo, Normal Skin', 'Without Sulfates SLS & SLES', 'Cruelty-Free']"
P440505,No Highlights
P500248,"['Good for: Loss of firmness', 'Plumping', 'Collagen', 'Without Parabens', 'Gluten Free', 'Cruelty-Free']"
P451728,No Highlights
P502248,"['Liquid Formula', 'Fragrance Free', 'Oil Free', 'Best for Oily, Combo, Normal Skin', 'Without Parabens', 'Cruelty-Free']"
P451727,No Highlights
P472459,No Highlights
P500238,"['Good for: Loss of firmness', 'Plumping', 'Collagen', 'Without Parabens', 'Gluten Free', 'Cruelty-Free']"
P502603,['Cruelty-Free']
P477812,"['Refill Available', 'Hyaluronic Acid', 'Good for: Anti-Aging', 'Good for: Dryness', 'Without Sulfates SLS & SLES']"
P462849,No Highlights
P462848,"['Community Favorite', 'Matte Finish', 'Long-wearing', 'Without Parabens']"
P462850,"['Vegan', 'Community Favorite', 'Matte Finish', 'Long-wearing', 'Without Parabens']"
P256308,"['allure 2020 Best of Beauty Award Winner', 'Layerable Scent', 'Floral Scent']"
P384710,"['Floral Scent', 'Layerable Scent']"
P428451,"['Floral Scent', 'Layerable Scent']"
P393664,"['Floral Scent', 'Layerable Scent']"
P428450,"['Floral Scent', 'Layerable Scent']"
P400324,"['Floral Scent', 'Layerable Scent']"
P377459,"['allure 2020 Best of Beauty Award Winner', 'Layerable Scent', 'Floral Scent']"
P502634,"['allure 2020 Best of Beauty Award Winner', 'Layerable Scent', 'Floral Scent']"
P449749,"['Layerable Scent', 'Floral Scent']"
P461931,"['Floral Scent', 'Layerable Scent']"
P419112,No Highlights
P400560,No Highlights
P419022,"['Volumizing', 'Good for: Volume', 'Good for: Hair Thinning', 'All Hair Types', 'allure 2021 Best of Beauty Award Winner', 'Without Silicones']"
P434541,"['allure 2018 Best of Beauty Award Winner', 'Good for: Color Care', 'All Hair Types', 'Without Silicones', 'Without Phthalates', 'Vegan']"
P502163,"['Hydrating', 'Without Parabens', 'Without Silicones', 'Without Sulfates SLS & SLES', 'Good for: Flaky/Dry Scalp', 'Cruelty-Free']"
P390961,No Highlights
P394935,No Highlights
P411532,No Highlights
P425939,No Highlights
P475520,No Highlights
P481964,"['Liquid Formula', 'Oil Free', 'Cruelty-Free']"
P455420,No Highlights
P421235,"['Good for: Dullness/Uneven Texture', 'Good for: Loss of firmness', 'Without Mineral Oil', 'Good for: Anti-Aging', 'Best for Dry, Combo, Normal Skin', 'Without Sulfates SLS & SLES']"
P475921,"['Good for: Loss of firmness', 'Hydrating', 'Good for: Dark Circles', 'Good for: Anti-Aging', 'Good for: Dryness']"
P94812,"['Good for: Dullness/Uneven Texture', 'Good for: Pores', 'Without Mineral Oil', 'Without Parabens']"
P95070,"['Good for: Loss of firmness', 'Without Mineral Oil', 'Good for: Anti-Aging', 'Good for: Dryness', 'Without Sulfates SLS & SLES']"
P462666,"['Good for: Dark Circles', 'Without Mineral Oil', 'Good for: Anti-Aging', 'Without Parabens', 'Without Sulfates SLS & SLES']"
P415749,"['Good for: Loss of firmness', 'Hydrating', 'Without Mineral Oil', 'Without Sulfates SLS & SLES']"
P475084,"['Good for: Dullness/Uneven Texture', 'Good for: Loss of firmness', 'Good for: Anti-Aging', 'Good for: Dryness', 'Without Parabens', 'Without Sulfates SLS & SLES']"
P130909,No Highlights
P456194,No Highlights
P408230,"['Good for: Dullness/Uneven Texture', 'Good for: Loss of firmness', 'Without Phthalates', 'Without Parabens', 'Best for Dry, Combo, Normal Skin']"
P407417,No Highlights
P379064,No Highlights
P247517,No Highlights
P392004,No Highlights
P399675,No Highlights
P406941,No Highlights
P94902,No Highlights
P406942,"['Good for: Dullness/Uneven Texture', 'Without Mineral Oil', 'Good for: Anti-Aging', 'Good for: Dryness', 'Best for Oily, Combo, Normal Skin', 'Without Parabens']"
P456195,No Highlights
P483060,"['Light Coverage', 'High Shine Finish', 'Plumping', 'Hydrating', 'Good for: Dryness']"
P392522,No Highlights
P430338,"['Good for: Loss of firmness', 'Without Mineral Oil', 'Good for: Anti-Aging', 'SPF', 'Without Sulfates SLS & SLES']"
P469449,"['Cream Formula', 'Best for Dry Skin', 'Without Mineral Oil', 'Without Parabens', 'Without Sulfates SLS & SLES']"
P405589,No Highlights
P469448,"['Without Parabens', 'Best for Dry, Combo, Normal Skin', 'Without Silicones', 'Without Sulfates SLS & SLES']"
P410657,No Highlights
P446111,"['Good for: Loss of firmness', 'Hydrating', 'Without Mineral Oil', 'Without Sulfates SLS & SLES']"
P467755,"['Best for Dry Skin', 'Without Parabens', 'Without Silicones', 'Without Sulfates SLS & SLES']"
P208309,No Highlights
P429504,"['Good for: Loss of firmness', 'Without Mineral Oil', 'Good for: Anti-Aging', 'Good for: Dryness', 'Best for Dry, Combo, Normal Skin', 'Without Sulfates SLS & SLES']"
P469450,"['Good for: Dullness/Uneven Texture', 'Best for Dry Skin', 'Good for: Dryness', 'Without Parabens', 'Without Sulfates SLS & SLES']"
P467756,"['Good for: Redness', 'Best for Dry Skin']"
P409227,No Highlights
P479946,"['Natural Finish', 'Hydrating', 'Best for Oily, Combo, Normal Skin', 'Best for Dry, Combo, Normal Skin']"
P467757,"['Without Mineral Oil', 'Without Parabens', 'Best for Dry, Combo, Normal Skin', 'Without Sulfates SLS & SLES']"
P479947,"['Natural Finish', 'Cream Formula', 'Hydrating', 'Best for Oily, Combo, Normal Skin', 'Best for Dry, Combo, Normal Skin']"
P501566,"['Good for: Dullness/Uneven Texture', 'Good for: Loss of firmness', 'Hydrating', 'Good for: Anti-Aging', 'Good for: Dryness']"
P475083,"['Good for: Dullness/Uneven Texture', 'Good for: Loss of firmness', 'Good for: Dark Circles', 'Good for: Anti-Aging', 'Without Parabens', 'Without Sulfates SLS & SLES']"
P501585,"['Good for: Dullness/Uneven Texture', 'Good for: Loss of firmness', 'Hydrating', 'Good for: Anti-Aging', 'Good for: Dryness']"
P404356,"['Vegan', 'Without Phthalates', 'Gluten Free']"
P456552,"['Clean at Sephora', 'Without Phthalates']"
P425661,"['Vegan', 'Without Phthalates', 'Gluten Free']"
P294713,"['Clean at Sephora', 'Without Phthalates']"
P179007,"['Vegan', 'Without Phthalates', 'Gluten Free']"
P456553,"['Vegan', 'Without Phthalates', 'Gluten Free']"
P474819,"['Vegan', 'Layerable Scent', 'Clean at Sephora', 'Cruelty-Free']"
P404358,"['Vegan', 'Without Phthalates', 'Gluten Free']"
P429079,"['Vegan', 'Clean at Sephora', 'Without Phthalates', 'Gluten Free']"
P429078,"['Vegan', 'Without Phthalates', 'Gluten Free']"
P425662,"['Without Phthalates', 'Gluten Free', 'Vegan']"
P503857,"['Vegan', 'Layerable Scent', 'Clean at Sephora', 'Without Phthalates', 'Without Parabens', 'Cruelty-Free']"
P425663,"['Without Phthalates', 'Gluten Free', 'Vegan']"
P503859,"['Vegan', 'Layerable Scent', 'Clean at Sephora', 'Without Phthalates', 'Without Parabens', 'Cruelty-Free']"
P404354,"['Without Phthalates', 'Gluten Free', 'Vegan']"
P468816,"['Vegan', 'Layerable Scent', 'Clean at Sephora', 'Without Phthalates']"
P415222,"['Without Phthalates', 'Gluten Free', 'Vegan']"
P442521,No Highlights
P442520,"['Without Phthalates', 'Gluten Free', 'Vegan']"
P504292,"['Vegan', 'Layerable Scent', 'Clean at Sephora', 'Without Phthalates', 'Without Parabens', 'Cruelty-Free']"
P468817,"['Vegan', 'Layerable Scent', 'Clean at Sephora', 'Without Phthalates']"
P502239,No Highlights
P426097,"['Clean at Sephora', 'Without Phthalates']"
P504281,"['Vegan', 'Layerable Scent', 'Clean at Sephora', 'Without Phthalates', 'Without Parabens', 'Cruelty-Free']"
P126301,"['Vegan', 'Community Favorite', 'Fragrance Free', 'allure 2021: Clean Beauty Winner', 'Best for Dry, Combo, Normal Skin', 'Without Sulfates SLS & SLES']"
P453816,"['Vegan', 'Community Favorite', 'Fragrance Free', 'allure 2021: Clean Beauty Winner', 'Best for Dry, Combo, Normal Skin', 'Without Sulfates SLS & SLES']"
P122900,"['Best for Oily Skin', 'Without Phthalates', 'Fragrance Free', 'Oil Free', 'Without Parabens']"
P122751,No Highlights
P384996,"['Pressed Powder Formula', 'Without Phthalates', 'Long-wearing', 'Without Parabens']"
P139000,"['Oil Free', 'Fragrance Free', 'Without Parabens', 'Without Phthalates']"
P381030,"['Hyaluronic Acid', 'Best for Dry Skin', 'Fragrance Free', 'Good for: Dryness', 'Without Parabens', 'Without Sulfates SLS & SLES']"
P393325,No Highlights
P479734,"['Good for: Anti-Aging', 'Hyaluronic Acid', 'Fragrance Free', 'Without Parabens', 'Cream Formula', 'Hydrating']"
P279113,No Highlights
P500718,"['Hyaluronic Acid', 'Hydrating', 'Good for: Anti-Aging', 'Fragrance Free', 'Oil Free', 'Without Parabens']"
P468351,"['Hyaluronic Acid', 'Vitamin C', 'Good for: Dryness', 'Fragrance Free', 'Oil Free', 'Without Parabens']"
P473267,"['Hyaluronic Acid', 'Good for: Anti-Aging', 'Retinol', 'Fragrance Free', 'Oil Free', 'Without Sulfates SLS & SLES']"
P122735,No Highlights
P122774,"['Good for: Dark Circles', 'Without Sulfates SLS & SLES', 'Fragrance Free', 'Without Parabens', 'Without Phthalates']"
P174502,"['Good for: Dark Circles', 'Oil Free', 'Without Mineral Oil', 'Alcohol Free', 'Fragrance Free', 'Without Sulfates SLS & SLES']"
P234967,"['Natural Finish', 'Liquid Formula', 'Hydrating', 'Long-wearing', 'Medium Coverage', 'SPF']"
P122882,No Highlights
P122718,"['Best for Oily Skin', 'Good for: Dullness/Uneven Texture', 'Without Phthalates', 'Fragrance Free', 'Without Parabens']"
P385432,"['Good for: Acne/Blemishes', 'Salicylic Acid', 'Oil Free', 'Gluten Free', 'Fragrance Free']"
P188309,"['Good for: Acne/Blemishes', 'Salicylic Acid', 'Oil Free', 'Gluten Free', 'Fragrance Free', 'Without Sulfates SLS & SLES']"
P188307,"['Good for: Acne/Blemishes', 'Salicylic Acid', 'Oil Free', 'Gluten Free', 'Fragrance Free', 'Without Parabens']"
P403817,No Highlights
P122881,No Highlights
P384505,No Highlights
P257537,No Highlights
P122912,"['Volumizing', 'Without Phthalates', 'Lengthening', 'Without Parabens']"
P206900,No Highlights
P122762,"['Hyaluronic Acid', 'Gluten Free', 'Oil Free', 'Fragrance Free', 'Without Sulfates SLS & SLES', 'Without Parabens']"
P122661,No Highlights
P122748,No Highlights
P310726,No Highlights
P279510,No Highlights
P432241,No Highlights
P188306,No Highlights
P378639,No Highlights
P305114,No Highlights
P393633,No Highlights
P201440,"['Good for: Redness', 'Oil Free', 'Fragrance Free', 'Without Sulfates SLS & SLES', 'Without Parabens', 'Without Phthalates']"
P432242,No Highlights
P384821,No Highlights
P122736,No Highlights
P501008,"['Hyaluronic Acid', 'High Shine Finish', 'Hydrating', 'Without Phthalates', 'Fragrance Free', 'Without Parabens']"
P196542,No Highlights
P387634,No Highlights
P428662,"['allure 2019 Best of Beauty Award Winner', 'High Shine Finish']"
P377577,No Highlights
P196524,No Highlights
P122866,No Highlights
P406924,No Highlights
P425860,"['Best for Oily Skin', 'Oil Free', 'Fragrance Free', 'Without Parabens', 'Without Phthalates']"
P122765,No Highlights
P122740,No Highlights
P282920,No Highlights
P122641,No Highlights
P393634,No Highlights
P425857,"['Best for Dry Skin', 'Fragrance Free', 'Hyaluronic Acid', 'Without Sulfates SLS & SLES', 'Without Parabens', 'Good for: Dryness']"
P374841,No Highlights
P422881,No Highlights
P122914,No Highlights
P415773,No Highlights
P468639,"['Hyaluronic Acid', 'Vitamin C', 'Matte Finish', 'Full Coverage', 'Salicylic Acid', 'Oil Free']"
P381918,No Highlights
P461436,No Highlights
P122668,No Highlights
P502266,"['Volumizing', 'Without Phthalates', 'Fragrance Free', 'Lengthening', 'Without Parabens']"
P425858,"['Good for: Acne/Blemishes', 'Salicylic Acid', 'Oil Free', 'Gluten Free', 'Fragrance Free']"
P122694,No Highlights
P377219,No Highlights
P201439,No Highlights
P122727,No Highlights
P244701,No Highlights
P421227,No Highlights
P439643,"['allure 2019 Best of Beauty Award Winner', 'Without Parabens']"
P122782,No Highlights
P385631,No Highlights
P503747,"['Fragrance Free', 'Gluten Free', 'Without Sulfates SLS & SLES']"
P293010,No Highlights
P417984,No Highlights
P232327,No Highlights
P122876,No Highlights
P283304,No Highlights
P411552,No Highlights
P122651,No Highlights
P432243,No Highlights
P411531,No Highlights
P385632,No Highlights
P433652,No Highlights
P122767,No Highlights
P398717,No Highlights
P416824,"['allure 2018 Best of Beauty Award Winner', 'Vitamin C']"
P122654,No Highlights
P377576,No Highlights
P457692,No Highlights
P443383,No Highlights
P122807,No Highlights
P302900,No Highlights
P223704,No Highlights
P382504,No Highlights
P122834,No Highlights
P392472,No Highlights
P407040,No Highlights
P122749,No Highlights
P122739,No Highlights
P122763,No Highlights
P374580,No Highlights
P393501,No Highlights
P463613,No Highlights
P374115,No Highlights
P455622,"['Good for: Dark spots', 'Vitamin C', 'Salicylic Acid', 'Fragrance Free', 'Without Phthalates', 'Without Parabens']"
P474940,"['Good for: Dark spots', 'Vitamin C', 'Salicylic Acid', 'Fragrance Free', 'Without Phthalates', 'Without Parabens']"
P456991,No Highlights
P410101,No Highlights
P277401,No Highlights
P400708,No Highlights
P407381,No Highlights
P381916,No Highlights
P446874,No Highlights
P426374,No Highlights
P122675,No Highlights
P468818,"['Good for: Dryness', 'Hyaluronic Acid', 'Fragrance Free', 'Vitamin C', 'Without Parabens', 'Oil Free']"
P407483,No Highlights
P448563,No Highlights
P433472,No Highlights
P409920,No Highlights
P309409,No Highlights
P417323,No Highlights
P122665,No Highlights
P385254,No Highlights
P405286,No Highlights
P398713,No Highlights
P257804,No Highlights
P431738,No Highlights
P479715,"['Volumizing', 'Without Phthalates', 'Lengthening', 'Without Parabens']"
P439648,"['allure 2019 Best of Beauty Award Winner', 'Without Parabens']"
P481065,"['Volumizing', 'Hyaluronic Acid', 'Without Phthalates', 'Fragrance Free', 'Lengthening', 'Without Parabens']"
P481064,"['Liquid Formula', 'Long-wearing', 'Fragrance Free', 'Without Parabens']"
P469451,"['Good for: Pores', 'Good for: Dullness/Uneven Texture', 'Salicylic Acid', 'Fragrance Free', 'Without Parabens', 'Without Phthalates']"
P122699,No Highlights
P122635,No Highlights
P435207,No Highlights
P122806,No Highlights
P122761,No Highlights
P471011,"['Vegan', 'Without Phthalates', 'Fragrance Free', 'Without Parabens', 'Gluten Free', 'Without Sulfates SLS & SLES']"
P122770,No Highlights
P456992,No Highlights
P500771,"['Hyaluronic Acid', 'Hydrating', 'Good for: Anti-Aging', 'Fragrance Free', 'Oil Free', 'Without Parabens']"
P448564,No Highlights
P122683,No Highlights
P376946,No Highlights
P503737,"['Fragrance Free', 'Gluten Free', 'Without Sulfates SLS & SLES']"
P385256,No Highlights
P390987,No Highlights
P448561,No Highlights
P501526,"['Natural Finish', 'Hyaluronic Acid', 'Vitamin C', 'Good for: Dark Circles', 'Long-wearing', 'Niacinamide']"
P122809,No Highlights
P448565,No Highlights
P122772,No Highlights
P474942,"['Hyaluronic Acid', 'Hydrating', 'Without Phthalates', 'Fragrance Free', 'Without Parabens']"
P448560,No Highlights
P122682,No Highlights
P467608,No Highlights
P469452,"['Good for: Pores', 'Good for: Dullness/Uneven Texture', 'Without Phthalates', 'Without Parabens', 'Fragrance Free']"
P405825,No Highlights
P483653,"['Without Phthalates', 'Fragrance Free', 'Without Parabens']"
P439099,No Highlights
P405285,No Highlights
P439098,No Highlights
P480289,"['Good for: Acne/Blemishes', 'Salicylic Acid', 'Oil Free', 'Gluten Free', 'Fragrance Free', 'Without Sulfates SLS & SLES']"
P481668,"['Good for: Pores', 'Good for: Dullness/Uneven Texture', 'AHA/Glycolic Acid', 'Fragrance Free', 'Without Parabens', 'Without Phthalates']"
P481062,"['Good for: Acne/Blemishes', 'Salicylic Acid', 'Fragrance Free', 'Without Parabens', 'Without Phthalates']"
P500790,"['Hyaluronic Acid', 'Hydrating', 'Good for: Anti-Aging', 'Fragrance Free', 'Oil Free', 'Without Parabens']"
P122626,No Highlights
P481066,"['Curling', 'Lengthening', 'Long-wearing', 'Fragrance Free', 'Without Parabens']"
P406656,No Highlights
P474941,"['Best for Combination Skin', 'Best for Dry Skin', 'Hydrating', 'Without Phthalates', 'Fragrance Free', 'Without Parabens']"
P433827,No Highlights
P469065,"['High Shine Finish', 'Good for: Color Care', 'Heat Protection', 'Long-wearing', 'Good for: Frizz']"
P469067,"['High Shine Finish', 'Good for: Color Care', 'Heat Protection', 'Long-wearing', 'Good for: Frizz']"
P469131,"['allure 2022 Best of Beauty Award Winner', 'Hydrating', 'Good for: Frizz']"
P469149,"['Volumizing', 'Medium Hold', 'Good for: Color Care', 'Heat Protection', 'Good for: Hair Thinning']"
P474314,"['Volumizing', 'Heat Protection', 'Long-wearing', 'Good for: Hair Thinning', 'Alcohol Free', 'Gluten Free']"
P469143,"['High Shine Finish', 'Hydrating', 'Heat Protection', 'Good for: Frizz', 'UV Protection', 'Prevents Color Fading']"
P469154,"['Natural Finish', 'Good for: Color Care', 'allure 2021 Best of Beauty Award Winner', 'Good for: Hair Thinning', 'Waterproof', 'Without Parabens']"
P469066,"['High Shine Finish', 'Curl-Enhancing', 'Good for: Frizz', 'Curly Hair', 'Good for: Dryness', 'Wavy Hair']"
P469139,"['Good for: Dullness/Uneven Texture', 'Hydrating', 'Heat Protection', 'Good for: Frizz', 'Good for: Dryness', 'Increases Shine']"
P469083,"['High Shine Finish', 'Good for: Color Care', 'Heat Protection', 'Hydrating', 'All Hair Types', 'Good for: Dryness']"
P469058,"['Medium Hold', 'Good for: Color Care', 'Good for: Volume', 'All Hair Types', 'UV Protection', 'Increases Shine']"
P469184,"['Good for: Damage', 'Good for: Color Care', 'Heat Protection', 'Good for: Dryness', 'Alcohol Free', 'Gluten Free']"
P469070,"['Good for: Damage', 'Good for: Color Care', 'Hydrating', 'Heat Protection', 'Good for: Dryness', 'Increases Shine']"
P469187,"['Vegan', 'Volumizing', 'Good for: Color Care', 'Heat Protection', 'Curling', 'Gluten Free']"
P469072,"['Good for: Damage', 'Vegan', 'Good for: Color Care', 'Heat Protection', 'All Hair Types', 'Good for: Dryness']"
P469054,"['Good for: Color Care', 'All Hair Types', 'Good for: Hair Thinning', 'Without Silicones', 'Prevents Color Fading', 'Without Sulfates SLS & SLES']"
P501981,No Highlights
P469068,"['Volumizing', 'Good for: Color Care', 'Plumping', 'Heat Protection', 'Good for: Hair Thinning', 'Gluten Free']"
P469071,"['Good for: Damage', 'Good for: Color Care', 'Hydrating', 'Heat Protection', 'Good for: Dryness', 'Increases Shine']"
P469074,"['allure 2019 Best of Beauty Award Winner', 'Good for: Color Care', 'All Hair Types', 'Prevents Color Fading', 'Reduces Brassiness', 'Increases Shine']"
P501976,No Highlights
P469073,"['Good for: Damage', 'Vegan', 'Good for: Color Care', 'Heat Protection', 'All Hair Types', 'Good for: Dryness']"
P469075,"['allure 2019 Best of Beauty Award Winner', 'Good for: Color Care', 'All Hair Types', 'Prevents Color Fading', 'Reduces Brassiness', 'Increases Shine']"
P469069,"['Volumizing', 'Good for: Color Care', 'Plumping', 'Heat Protection', 'Good for: Hair Thinning', 'Gluten Free']"
P469052,"['Good for: Damage', 'Good for: Color Care', 'Hydrating', 'Heat Protection', 'Prevents Color Fading', 'Increases Shine']"
P469051,"['Good for: Color Care', 'Heat Protection', 'Good for: Volume', 'Prevents Color Fading', 'Alcohol Free', 'Reduces Brassiness']"
P469053,"['Good for: Damage', 'Good for: Color Care', 'Hydrating', 'Heat Protection', 'Good for: Frizz', 'Good for: Dryness']"
P502271,"['Good for: Damage', 'Curl-Enhancing', 'Coily Hair', 'Good for: Frizz', 'Curly Hair', 'Good for: Dryness']"
P469050,"['Good for: Color Care', 'Heat Protection', 'Good for: Volume', 'Prevents Color Fading', 'Alcohol Free', 'Reduces Brassiness']"
P502281,"['Good for: Damage', 'Curl-Enhancing', 'Coily Hair', 'Curly Hair', 'Good for: Dryness', 'Without Silicones']"
P502259,"['Good for: Color Care', 'Curl-Enhancing', 'Coily Hair', 'Curly Hair', 'Without Silicones', 'Without Sulfates SLS & SLES']"
P502252,"['Curl-Enhancing', 'Coily Hair', 'Good for: Frizz', 'Curly Hair', 'Without Silicones', 'Increases Shine']"
P502258,"['Good for: Damage', 'Curl-Enhancing', 'Good for: Frizz', 'Coily Hair', 'Curly Hair', 'Without Sulfates SLS & SLES']"
P395022,"['Vegan', 'Unisex/ Genderless Scent', 'Clean at Sephora', 'Cruelty-Free']"
P395000,"['Vegan', 'Unisex/ Genderless Scent', 'Clean at Sephora', 'Cruelty-Free']"
P502280,"['Vegan', 'Unisex/ Genderless Scent', 'Clean at Sephora', 'Cruelty-Free']"
P502242,"['Vegan', 'Unisex/ Genderless Scent', 'Clean at Sephora', 'Cruelty-Free']"
P501573,"['Vegan', 'Unisex/ Genderless Scent', 'Clean at Sephora', 'Cruelty-Free']"
P395032,"['Vegan', 'Unisex/ Genderless Scent', 'Clean at Sephora', 'Cruelty-Free']"
P501326,"['Vegan', 'Unisex/ Genderless Scent', 'Clean at Sephora', 'Cruelty-Free']"
P395002,"['Vegan', 'Unisex/ Genderless Scent', 'Clean at Sephora', 'Cruelty-Free']"
P395008,"['Vegan', 'Unisex/ Genderless Scent', 'Clean at Sephora', 'Cruelty-Free']"
P502255,"['Vegan', 'Unisex/ Genderless Scent', 'Clean at Sephora', 'Cruelty-Free']"
P428440,"['Vegan', 'Unisex/ Genderless Scent', 'Clean at Sephora', 'Cruelty-Free']"
P428439,"['Vegan', 'Unisex/ Genderless Scent', 'Clean at Sephora', 'Cruelty-Free']"
P502315,"['Vegan', 'Unisex/ Genderless Scent', 'Clean at Sephora', 'Cruelty-Free']"
P399961,"['Vegan', 'Unisex/ Genderless Scent', 'Clean at Sephora', 'Cruelty-Free']"
P502251,"['Vegan', 'Unisex/ Genderless Scent', 'Clean at Sephora', 'Cruelty-Free']"
P395028,"['Vegan', 'Unisex/ Genderless Scent', 'Clean at Sephora', 'Cruelty-Free']"
P428441,"['Vegan', 'Unisex/ Genderless Scent', 'Clean at Sephora', 'Cruelty-Free']"
P395006,"['Vegan', 'Unisex/ Genderless Scent', 'Clean at Sephora', 'Cruelty-Free']"
P394998,"['Vegan', 'Unisex/ Genderless Scent', 'Clean at Sephora', 'Cruelty-Free']"
P501965,"['Vegan', 'Unisex/ Genderless Scent', 'Clean at Sephora', 'Cruelty-Free']"
P501228,"['Vegan', 'Unisex/ Genderless Scent', 'Clean at Sephora', 'Cruelty-Free']"
P402666,"['Vegan', 'Unisex/ Genderless Scent', 'Clean at Sephora', 'Cruelty-Free']"
P395004,"['Vegan', 'Unisex/ Genderless Scent', 'Clean at Sephora', 'Cruelty-Free']"
P501233,"['Vegan', 'Unisex/ Genderless Scent', 'Clean at Sephora', 'Cruelty-Free']"
P502304,"['Vegan', 'Unisex/ Genderless Scent', 'Clean at Sephora', 'Cruelty-Free']"
P501954,"['Vegan', 'Unisex/ Genderless Scent', 'Clean at Sephora', 'Cruelty-Free']"
P501985,"['Vegan', 'Unisex/ Genderless Scent', 'Clean at Sephora', 'Cruelty-Free']"
P501222,"['Vegan', 'Unisex/ Genderless Scent', 'Clean at Sephora', 'Cruelty-Free']"
P502351,"['Vegan', 'Unisex/ Genderless Scent', 'Clean at Sephora', 'Cruelty-Free']"
P502226,"['Vegan', 'Unisex/ Genderless Scent', 'Clean at Sephora', 'Cruelty-Free']"
P502316,"['Vegan', 'Unisex/ Genderless Scent', 'Clean at Sephora', 'Cruelty-Free']"
P502287,"['Vegan', 'Unisex/ Genderless Scent', 'Clean at Sephora', 'Cruelty-Free']"
P502256,"['Vegan', 'Unisex/ Genderless Scent', 'Clean at Sephora', 'Cruelty-Free']"
P502328,"['Vegan', 'Unisex/ Genderless Scent', 'Clean at Sephora', 'Cruelty-Free']"
P502283,"['Vegan', 'Unisex/ Genderless Scent', 'Clean at Sephora', 'Cruelty-Free']"
P502347,"['Vegan', 'Unisex/ Genderless Scent', 'Clean at Sephora', 'Cruelty-Free']"
P502260,"['Vegan', 'Unisex/ Genderless Scent', 'Clean at Sephora', 'Cruelty-Free']"
P502282,"['Vegan', 'Unisex/ Genderless Scent', 'Clean at Sephora', 'Cruelty-Free']"
P502274,"['Vegan', 'Unisex/ Genderless Scent', 'Clean at Sephora', 'Cruelty-Free']"
P502268,"['Vegan', 'Unisex/ Genderless Scent', 'Clean at Sephora', 'Cruelty-Free']"
P502262,"['Vegan', 'Unisex/ Genderless Scent', 'Clean at Sephora', 'Cruelty-Free']"
P502279,"['Vegan', 'Unisex/ Genderless Scent', 'Clean at Sephora', 'Cruelty-Free']"
P502278,"['Vegan', 'Unisex/ Genderless Scent', 'Clean at Sephora', 'Cruelty-Free']"
P502294,"['Vegan', 'Unisex/ Genderless Scent', 'Clean at Sephora', 'Cruelty-Free']"
P502230,"['Vegan', 'Unisex/ Genderless Scent', 'Clean at Sephora', 'Cruelty-Free']"
P502263,"['Vegan', 'Unisex/ Genderless Scent', 'Clean at Sephora', 'Cruelty-Free']"
P502269,"['Vegan', 'Unisex/ Genderless Scent', 'Clean at Sephora', 'Cruelty-Free']"
P500098,"['Vegan', 'Good for: Dullness/Uneven Texture', 'Clean at Sephora', 'Fragrance Free', 'Good for: Dryness', 'Best for Dry, Combo, Normal Skin']"
P500114,"['Good for: Dullness/Uneven Texture', 'Clean at Sephora', 'Retinol', 'Good for: Anti-Aging', 'Fragrance Free']"
P500094,"['Hyaluronic Acid', 'Hydrating', 'Clean at Sephora', 'Fragrance Free', 'Best for Dry, Combo, Normal Skin', 'Cruelty-Free']"
P500113,"['Best for Oily Skin', 'Good for: Pores', 'Clean at Sephora', 'Fragrance Free', 'Good for: Acne/Blemishes', 'Cruelty-Free']"
P500109,"['Good for: Loss of firmness', 'Good for: Dark Circles', 'Clean at Sephora', 'Good for: Anti-Aging', 'Fragrance Free', 'Cruelty-Free']"
P500096,"['Best for Oily Skin', 'Clean at Sephora', 'Fragrance Free', 'Good for: Acne/Blemishes', 'Niacinamide', 'Cruelty-Free']"
P500106,"['Clean at Sephora', 'Good for: Anti-Aging', 'Fragrance Free', 'Reef Safe SPF', 'Best for Dry, Combo, Normal Skin', 'Cruelty-Free']"
P500120,"['Hyaluronic Acid', 'Best for Dry Skin', 'Clean at Sephora', 'Good for: Anti-Aging', 'Fragrance Free', 'Cruelty-Free']"
P500116,"['Best for Combination Skin', 'Good for: Dullness/Uneven Texture', 'Hydrating', 'Clean at Sephora', 'Fragrance Free', 'Cruelty-Free']"
P429516,"['Hyaluronic Acid', 'Liquid Formula', 'Community Favorite', 'Clean at Sephora', 'Hydrating', 'SPF']"
P396623,"['Hyaluronic Acid', 'Clean at Sephora', 'Matte Finish', 'Best for Oily, Combo, Normal Skin', 'Reef Safe SPF', 'SPF']"
P468640,"['Hyaluronic Acid', 'Hydrating', 'Clean at Sephora', 'Good for: Dryness', 'Best for Oily, Combo, Normal Skin', 'SPF']"
P418221,"['Clean at Sephora', 'Hydrating', 'Hyaluronic Acid', 'Reef Safe SPF', 'Good for: Anti-Aging']"
P455618,"['Natural Finish', 'Liquid Formula', 'Clean at Sephora', 'Hydrating', 'Alcohol Free', 'SPF']"
P395723,"['Liquid Formula', 'Clean at Sephora', 'Hydrating', 'Reef Safe SPF', 'SPF']"
P455341,"['Liquid Formula', 'Clean at Sephora', 'Hydrating', 'Reef Safe SPF', 'SPF']"
P452002,"['Natural Finish', 'Clean at Sephora', 'Hydrating', 'UV Protection', 'SPF']"
P441645,"['allure 2020 Best of Beauty Award Winner', 'Clean at Sephora', 'Hydrating', 'Reef Safe SPF', 'Best for Dry, Combo, Normal Skin']"
P442267,"['Best for Dry, Combo, Normal Skin', 'Good for: Dullness/Uneven Texture', 'Clean at Sephora']"
P429508,No Highlights
P483057,No Highlights
P482257,No Highlights
P482259,No Highlights
P483078,"['Clean at Sephora', 'SPF']"
P482258,No Highlights
P482256,No Highlights
P500880,No Highlights
P504987,"['Hyaluronic Acid', 'Clean at Sephora', 'Hydrating', 'SPF', 'Niacinamide', 'Cruelty-Free']"
P480589,"['allure 2020 Best of Beauty Award Winner', 'Clean at Sephora', 'Good for: Volume', 'All Hair Types', 'Good for: Frizz', 'Good for: Oily Scalp']"
P480581,"['Good for: Damage', 'Clean at Sephora', 'All Hair Types', 'Good for: Hair Thinning', 'Good for: Frizz']"
P480593,"['Good for: Damage', 'Clean at Sephora', 'All Hair Types', 'Good for: Hair Thinning', 'Curl-Enhancing', 'Good for: Frizz']"
P480596,"['Good for: Damage', 'Clean at Sephora', 'Heat Protection', 'Good for: Frizz', 'Good for: Dryness', 'Without Sulfates SLS & SLES']"
P480587,"['Vegan', 'Good for: Damage', 'Clean at Sephora', 'Good for: Volume', 'Good for: Hair Thinning', 'Good for: Frizz']"
P480590,"['Vegan', 'Clean at Sephora', 'Heat Protection', 'All Hair Types', 'Good for: Frizz', 'Without Sulfates SLS & SLES']"
P480584,"['Good for: Damage', 'Clean at Sephora', 'Good for: Volume', 'Good for: Hair Thinning', 'Good for: Frizz']"
P480594,"['Clean at Sephora', 'Good for: Volume', 'All Hair Types', 'Good for: Hair Thinning', 'Without Sulfates SLS & SLES', 'Good for: Oily Scalp']"
P480591,"['Good for: Damage', 'Clean at Sephora', 'All Hair Types', 'Good for: Frizz', 'Good for: Dryness', 'Without Sulfates SLS & SLES']"
P500779,"['Volumizing', 'Good for: Color Care', 'Clean at Sephora', 'All Hair Types', 'Good for: Flaky/Dry Scalp', 'Good for: Oily Scalp']"
P480595,"['Vegan', 'Clean at Sephora', 'All Hair Types', 'Good for: Frizz', 'Good for: Dryness', 'Without Sulfates SLS & SLES']"
P504592,"['Vegan', 'Light Hold', 'Clean at Sephora', 'All Hair Types', 'Good for: Frizz', 'Increases Shine']"
P502003,"['Curl-Enhancing', 'Good for: Frizz', 'Good for: Dryness']"
P502005,"['Curl-Enhancing', 'Good for: Frizz', 'Good for: Dryness']"
P501966,"['Medium Hold', 'Good for: Volume', 'Curl-Enhancing', 'Good for: Frizz']"
P501997,"['Good for: Damage', 'Curl-Enhancing', 'All Hair Types', 'Without Parabens', 'Without Silicones', 'Without Sulfates SLS & SLES']"
P502031,"['Medium Hold', 'Curl-Enhancing', 'Coily Hair', 'Curly Hair']"
P501960,"['Good for: Damage', 'Curl-Enhancing', 'Good for: Frizz', 'Good for: Dryness']"
P501982,"['Medium Hold', 'Curl-Enhancing', 'Good for: Frizz', 'Coily Hair', 'Curly Hair', 'Wavy Hair']"
P501989,"['Good for: Damage', 'Curl-Enhancing', 'Good for: Frizz', 'Good for: Dryness']"
P502011,"['Medium Hold', 'Curl-Enhancing', 'Coily Hair', 'Curly Hair']"
P502022,"['Medium Hold', 'Curl-Enhancing', 'Good for: Frizz', 'Coily Hair', 'Curly Hair', 'Wavy Hair']"
P501949,"['Curl-Enhancing', 'All Hair Types', 'Without Parabens', 'Without Silicones', 'Without Sulfates SLS & SLES']"
P501983,"['Medium Hold', 'Curl-Enhancing', 'All Hair Types', 'Without Parabens', 'Without Silicones', 'Without Sulfates SLS & SLES']"
P502017,"['Good for: Damage', 'All Hair Types', 'Good for: Flaky/Dry Scalp']"
P501961,"['Curl-Enhancing', 'All Hair Types', 'Good for: Frizz']"
P501958,"['Curl-Enhancing', 'Good for: Dryness', 'Without Parabens', 'Without Silicones', 'Without Sulfates SLS & SLES', 'Cruelty-Free']"
P501977,"['Medium Hold', 'Curl-Enhancing', 'Good for: Frizz', 'Coily Hair', 'Curly Hair', 'Wavy Hair']"
P501995,"['Good for: Damage', 'Hydrating', 'Curl-Enhancing', 'All Hair Types', 'Good for: Frizz']"
P502019,"['Medium Hold', 'Curl-Enhancing', 'Good for: Frizz', 'Without Parabens', 'Without Silicones', 'Without Sulfates SLS & SLES']"
P501972,"['Heat Protection', 'Curl-Enhancing', 'All Hair Types', 'Without Parabens', 'Without Silicones', 'Without Sulfates SLS & SLES']"
P501968,"['Medium Hold', 'Curl-Enhancing', 'All Hair Types', 'Good for: Frizz']"
P502008,"['Good for: Volume', 'All Hair Types', 'Good for: Frizz']"
P502068,"['Medium Hold', 'Curl-Enhancing', 'All Hair Types', 'Without Parabens', 'Without Silicones', 'Without Sulfates SLS & SLES']"
P502001,"['Curl-Enhancing', 'Good for: Frizz', 'Good for: Dryness']"
P502014,"['Curl-Enhancing', 'Without Parabens', 'Without Silicones', 'Without Sulfates SLS & SLES', 'Good for: Flaky/Dry Scalp']"
P501979,"['Curl-Enhancing', 'All Hair Types', 'Without Parabens', 'Without Silicones', 'Without Sulfates SLS & SLES']"
P502000,"['Curl-Enhancing', 'Without Parabens', 'Without Silicones', 'Without Sulfates SLS & SLES']"
P501974,"['Curl-Enhancing', 'All Hair Types', 'Good for: Dryness', 'Without Parabens', 'Without Silicones', 'Without Sulfates SLS & SLES']"
P503312,"['Good for: Hair Thinning', 'Curl-Enhancing', 'All Hair Types']"
P501963,"['Fragrance Free', 'Increases Shine']"
P502024,"['Curl-Enhancing', 'Coily Hair', 'Good for: Dryness', 'Curly Hair', 'Without Parabens', 'Without Sulfates SLS & SLES']"
P503303,"['Good for: Hair Thinning', 'Without Parabens', 'Without Silicones', 'Without Sulfates SLS & SLES']"
P501992,"['Curl-Enhancing', 'Fragrance Free', 'Good for: Frizz', 'Increases Shine']"
P502020,"['Good for: Damage', 'Hydrating', 'Curl-Enhancing', 'Good for: Dryness']"
P503296,"['Collagen', 'All Hair Types', 'Good for: Hair Thinning']"
P501970,"['Medium Hold', 'Curl-Enhancing', 'All Hair Types']"
P501993,"['Curl-Enhancing', 'Fragrance Free', 'Good for: Frizz', 'Increases Shine']"
P502007,"['Good for: Color Care', 'All Hair Types', 'Good for: Dryness', 'Increases Shine']"
P501978,"['Curl-Enhancing', 'All Hair Types', 'Without Parabens', 'Without Silicones', 'Without Sulfates SLS & SLES']"
P501975,"['Curl-Enhancing', 'Fragrance Free', 'Good for: Frizz', 'Increases Shine']"
P501987,"['Curl-Enhancing', 'Fragrance Free', 'Good for: Frizz', 'Increases Shine']"
P501953,"['Curl-Enhancing', 'Fragrance Free', 'Good for: Frizz', 'Increases Shine']"
P501952,"['Good for: Color Care', 'All Hair Types', 'Increases Shine']"
P462672,"['Fresh Scent', 'All Hair Types', 'Curl-Enhancing', 'Good for: Frizz', 'Increases Shine']"
P482668,"['Clean at Sephora', 'All Hair Types', 'Curl-Enhancing', 'Good for: Frizz', 'Without Sulfates SLS & SLES', 'Increases Shine']"
P457410,"['Good for: Color Care', 'Clean at Sephora', 'Good for: Frizz', 'Curly Hair', 'Straight Hair', 'Good for: Oily Scalp']"
P474035,"['Good for: Damage', 'Hydrating', 'Clean at Sephora', 'All Hair Types', 'Without Parabens', 'Without Sulfates SLS & SLES']"
P457409,"['Good for: Damage', 'Good for: Color Care', 'Hydrating', 'Clean at Sephora', 'Good for: Frizz', 'Increases Shine']"
P469453,"['Good for: Damage', 'Hydrating', 'Heat Protection', 'Clean at Sephora', 'All Hair Types', 'Increases Shine']"
P474820,No Highlights
P457411,"['Good for: Damage', 'Good for: Color Care', 'Hydrating', 'Clean at Sephora', 'All Hair Types', 'Increases Shine']"
P500289,"['Good for: Volume', 'Clean at Sephora', 'Curl-Enhancing', 'All Hair Types', 'Good for: Frizz', 'Without Sulfates SLS & SLES']"
P501553,"['Clean at Sephora', 'All Hair Types', 'Good for: Frizz', 'Good for: Dryness', 'Without Sulfates SLS & SLES', 'Increases Shine']"
P501418,"['Good for: Damage', 'Clean at Sephora', 'All Hair Types', 'Good for: Frizz', 'Good for: Dryness', 'Without Sulfates SLS & SLES']"
P467610,"['Good for: Color Care', 'Clean at Sephora', 'Good for: Frizz', 'Curly Hair', 'Straight Hair', 'Good for: Oily Scalp']"
P474821,"['Good for: Damage', 'Clean at Sephora', 'Hydrating', 'Heat Protection', 'All Hair Types', 'Increases Shine']"
P467612,"['Good for: Damage', 'Good for: Color Care', 'Hydrating', 'Clean at Sephora', 'All Hair Types', 'Increases Shine']"
P467611,"['Good for: Damage', 'Good for: Color Care', 'Hydrating', 'Clean at Sephora', 'Good for: Frizz', 'Increases Shine']"
P500876,"['Good for: Volume', 'Clean at Sephora', 'Curl-Enhancing', 'All Hair Types', 'Good for: Frizz', 'Without Sulfates SLS & SLES']"
P504787,"['Good for: Damage', 'Vegan', 'Good for: Color Care', 'Clean at Sephora', 'Reduces Brassiness', 'Without Sulfates SLS & SLES']"
P505032,"['Clean at Sephora', 'Good for: Frizz', 'Good for: Dryness', 'Without Sulfates SLS & SLES', 'Increases Shine', 'Cruelty-Free']"
P472021,"['Vegan', 'Clean at Sephora', 'Good for: Anti-Aging', 'Fragrance Free', 'Good for: Dryness', 'Alcohol Free']"
P472023,"['Good for: Dullness/Uneven Texture', 'Good for: Pores', 'Clean at Sephora', 'Fragrance Free', 'Alcohol Free', 'Cruelty-Free']"
P472025,"['Vegan', 'Good for: Pores', 'Clean at Sephora', 'Fragrance Free', 'Good for: Dryness', 'Cruelty-Free']"
P482260,"['Good for: Dullness/Uneven Texture', 'Good for: Pores', 'Good for: Anti-Aging', 'Fragrance Free', 'Best for Dry, Combo, Normal Skin']"
P504988,"['Good for: Dullness/Uneven Texture', 'Good for: Pores', 'Clean + Planet Positive', 'Hydrating', 'Good for: Acne/Blemishes', 'Best for Oily, Combo, Normal Skin']"
P472024,"['Good for: Dullness/Uneven Texture', 'Good for: Loss of firmness', 'Good for: Pores', 'Vitamin C', 'Clean at Sephora', 'Fragrance Free']"
P472022,"['Vegan', 'Good for: Dullness/Uneven Texture', 'Clean at Sephora', 'AHA/Glycolic Acid', 'Fragrance Free', 'Cruelty-Free']"
P481342,"['Vegan', 'Good for: Dullness/Uneven Texture', 'Good for: Loss of firmness', 'Good for: Pores', 'Clean at Sephora', 'Fragrance Free']"
P481067,No Highlights
P481075,"['Vegan', 'Clean at Sephora', 'Hypoallergenic', 'Without Parabens', 'Without Silicones', 'Cruelty-Free']"
P481068,"['Without Phthalates', 'Hypoallergenic', 'Without Parabens']"
P500881,"['Sustainable Packaging', 'Without Phthalates', 'Hypoallergenic', 'Without Parabens']"
P481069,"['Without Phthalates', 'Hypoallergenic', 'Without Parabens']"
P500862,"['Without Phthalates', 'Hypoallergenic', 'Without Parabens']"
P481072,No Highlights
P481073,"['Without Phthalates', 'Hypoallergenic', 'Without Parabens']"
P503686,"['Sustainable Packaging', 'Without Phthalates', 'Hypoallergenic', 'Without Parabens']"
P481070,"['Without Phthalates', 'Hypoallergenic', 'Without Parabens']"
P501762,"['Vegan', 'Recyclable Packaging', 'Clean at Sephora', 'Without Parabens', 'Cruelty-Free']"
P468353,"['allure 2020 Best of Beauty Award Winner', 'Cream Formula', 'Community Favorite', 'Waterproof', 'Black Owned at Sephora', 'Cruelty-Free']"
P484039,"['Light Coverage', 'Vegan', 'Natural Finish', 'Cream Formula', 'Good for: Dullness/Uneven Texture', 'Good for: Pores']"
P481968,No Highlights
P479311,"['Vegan', 'allure 2020 Best of Beauty Award Winner', 'Metallic Finish', 'Long-wearing', 'Waterproof', 'Black Owned at Sephora']"
P481694,"['Vegan', 'Radiant Finish', 'Refill Available', 'Liquid Formula', 'Hydrating', 'Medium Coverage']"
P469461,"['Natural Finish', 'Liquid Formula', 'Long-wearing', 'Black Owned at Sephora', 'Cruelty-Free']"
P501512,"['Vegan', 'Metallic Finish', 'Long-wearing', 'Without Parabens', 'Black Owned at Sephora', 'Cruelty-Free']"
P482522,"['Vegan', 'Metallic Finish', 'Long-wearing', 'Waterproof', 'Without Parabens', 'Cruelty-Free']"
P504051,"['Vegan', 'Cream Formula', 'Good for: Dullness/Uneven Texture', 'Good for: Pores', 'Matte Finish', 'Best for Oily, Combo, Normal Skin']"
P469455,"['Vegan', 'Radiant Finish', 'Hydrating', 'Long-wearing', 'Best for Dry, Combo, Normal Skin', 'Black Owned at Sephora']"
P473701,"['Vegan', 'Natural Finish', 'Cream Formula', 'Medium Coverage', 'Without Parabens', 'Black Owned at Sephora']"
P481696,"['Radiant Finish', 'Good for: Dullness/Uneven Texture', 'Hyaluronic Acid', 'Plumping', 'Hydrating', 'Good for: Dryness']"
P469460,"['Vegan', 'Natural Finish', 'Long-wearing', 'Waterproof', 'Full Coverage', 'Black Owned at Sephora']"
P479949,"['Vegan', 'Radiant Finish', 'Cream Formula', 'Hydrating', 'Black Owned at Sephora', 'Cruelty-Free']"
P469458,"['Vegan', 'Pressed Powder Formula', 'Shimmer Finish', 'Black Owned at Sephora', 'Cruelty-Free']"
P501014,"['Vegan', 'Pressed Powder Formula', 'Metallic Finish', 'Cream Formula', 'Without Parabens', 'Cruelty-Free']"
P502023,"['Vegan', 'Cream Formula', 'Metallic Finish', 'Long-wearing', 'Black Owned at Sephora', 'Cruelty-Free']"
P475525,"['Vegan', 'allure 2020 Best of Beauty Award Winner', 'Long-wearing', 'Waterproof', 'Black Owned at Sephora', 'Cruelty-Free']"
P469459,"['Vegan', 'Natural Finish', 'Cream Formula', 'Long-wearing', 'Black Owned at Sephora', 'Cruelty-Free']"
P469456,"['Vegan', 'Loose Powder Formula', 'Matte Finish', 'Long-wearing', 'Black Owned at Sephora', 'Cruelty-Free']"
P469457,"['Vegan', 'Liquid Formula', 'Shimmer Finish', 'Long-wearing', 'Black Owned at Sephora', 'Cruelty-Free']"
P504669,"['Vegan', 'Radiant Finish', 'Liquid Formula', 'Hydrating', 'Best for Dry, Combo, Normal Skin', 'Cruelty-Free']"
P469454,"['Vegan', 'Radiant Finish', 'Hydrating', 'Best for Oily, Combo, Normal Skin', 'Black Owned at Sephora', 'Cruelty-Free']"
P481695,"['Vegan', 'Radiant Finish', 'Refill Available', 'Liquid Formula', 'Hydrating', 'Medium Coverage']"
P404918,"['allure 2018 Best of Beauty Award Winner', 'Vegan']"
P396014,No Highlights
P381211,No Highlights
P381210,No Highlights
P416422,No Highlights
P385341,No Highlights
P430966,"['allure 2018 Best of Beauty Award Winner', 'Vegan']"
P381312,No Highlights
P381313,No Highlights
P381311,No Highlights
P381213,No Highlights
P459147,"['Vegan', 'Good for: Dryness']"
P500119,No Highlights
P459146,No Highlights
P477418,No Highlights
P501231,"['Vegan', 'Unisex/ Genderless Scent', 'Layerable Scent', 'Clean + Planet Positive', 'Without Phthalates', 'Cruelty-Free']"
P500792,"['Vegan', 'Unisex/ Genderless Scent', 'Layerable Scent', 'Warm &Spicy Scent', 'Clean + Planet Positive', 'Without Phthalates']"
P501232,"['Vegan', 'Unisex/ Genderless Scent', 'Layerable Scent', 'Warm &Spicy Scent', 'Clean + Planet Positive', 'Without Phthalates']"
P500766,"['Vegan', 'Unisex/ Genderless Scent', 'Layerable Scent', 'Warm &Spicy Scent', 'Clean + Planet Positive', 'Without Phthalates']"
P501152,"['Vegan', 'Unisex/ Genderless Scent', 'Layerable Scent', 'Warm &Spicy Scent', 'Clean + Planet Positive', 'Without Phthalates']"
P501218,"['Vegan', 'Unisex/ Genderless Scent', 'Layerable Scent', 'Warm &Spicy Scent', 'Clean + Planet Positive', 'Without Phthalates']"
P501263,"['Vegan', 'Unisex/ Genderless Scent', 'Layerable Scent', 'Clean + Planet Positive', 'Fresh Scent', 'Without Phthalates']"
P501257,"['Vegan', 'Unisex/ Genderless Scent', 'Layerable Scent', 'Warm &Spicy Scent', 'Clean + Planet Positive', 'Without Phthalates']"
P501287,"['Vegan', 'Unisex/ Genderless Scent', 'Layerable Scent', 'Woody & Earthy Scent', 'Clean + Planet Positive', 'Without Phthalates']"
P501266,"['Vegan', 'Unisex/ Genderless Scent', 'Layerable Scent', 'Clean + Planet Positive', 'Fresh Scent', 'Without Phthalates']"
P501297,"['Vegan', 'Unisex/ Genderless Scent', 'Layerable Scent', 'Warm &Spicy Scent', 'Clean + Planet Positive', 'Without Phthalates']"
P501252,"['Vegan', 'Unisex/ Genderless Scent', 'Layerable Scent', 'Woody & Earthy Scent', 'Clean + Planet Positive', 'Without Phthalates']"
P501220,"['Vegan', 'Unisex/ Genderless Scent', 'Layerable Scent', 'Woody & Earthy Scent', 'Clean + Planet Positive', 'Without Phthalates']"
P501303,"['Vegan', 'Unisex/ Genderless Scent', 'Layerable Scent', 'Woody & Earthy Scent', 'Clean + Planet Positive', 'Without Phthalates']"
P501291,"['Vegan', 'Unisex/ Genderless Scent', 'Layerable Scent', 'Woody & Earthy Scent', 'Clean + Planet Positive', 'Without Phthalates']"
P501227,"['Vegan', 'Unisex/ Genderless Scent', 'Layerable Scent', 'Woody & Earthy Scent', 'Clean + Planet Positive', 'Without Phthalates']"
P405462,No Highlights
P405456,No Highlights
P405468,No Highlights
P448181,"['Good for: Pores', 'Good for: Dryness', 'Good for: Acne/Blemishes', 'Best for Dry, Combo, Normal Skin']"
P429043,"['Vegan', 'Without Parabens', 'Cruelty-Free']"
P473268,No Highlights
P430809,"['Vegan', 'Without Parabens', 'Cruelty-Free']"
P443352,"['Vegan', 'Good for: Dullness/Uneven Texture', 'allure 2019 Best of Beauty Award Winner', 'Salicylic Acid', 'Best for Oily, Combo, Normal Skin']"
P423688,"['Vegan', 'Good for: Dullness/Uneven Texture', 'allure 2019 Best of Beauty Award Winner', 'Salicylic Acid', 'Best for Oily, Combo, Normal Skin', 'Cruelty-Free']"
P423148,"['Best for Oily, Combo, Normal Skin', 'Good for: Pores', 'Good for: Acne/Blemishes', 'Without Parabens', 'Cruelty-Free', 'Vegan']"
P443350,"['Best for Oily, Combo, Normal Skin', 'Good for: Pores', 'Good for: Acne/Blemishes', 'Without Parabens', 'Cruelty-Free', 'Vegan']"
P453930,"['Good for: Dark Circles', 'Good for: Anti-Aging', 'Good for: Loss of firmness', 'Vitamin C', 'Cruelty-Free', 'Vegan']"
P423136,"['Best for Oily, Combo, Normal Skin', 'Good for: Pores', 'Without Sulfates SLS & SLES', 'Without Parabens', 'Cruelty-Free', 'Vegan']"
P443700,"['Best for Oily, Combo, Normal Skin', 'Good for: Pores', 'Without Sulfates SLS & SLES', 'Without Parabens', 'Cruelty-Free', 'Vegan']"
P443370,"['Vegan', 'Good for: Loss of firmness', 'Vitamin C', 'Good for: Dark Circles', 'Good for: Anti-Aging', 'Cruelty-Free']"
P500240,"['Vegan', 'allure 2022 Best of Beauty Award Winner', 'Good for: Redness', 'Good for: Dullness/Uneven Texture', 'Hyaluronic Acid', 'AHA/Glycolic Acid']"
P445832,"['Salicylic Acid', 'Good for: Acne/Blemishes', 'Good for: Pores', 'Best for Oily, Combo, Normal Skin', 'Without Sulfates SLS & SLES', 'Without Mineral Oil']"
P443359,"['Vegan', 'Hyaluronic Acid', 'Good for: Dark Circles', 'Good for: Dryness', 'Without Sulfates SLS & SLES', 'Cruelty-Free']"
P423142,"['Best for Oily Skin', 'Good for: Dryness', 'Hyaluronic Acid', 'Without Sulfates SLS & SLES', 'Cruelty-Free', 'Vegan']"
P460624,"['Vegan', 'Good for: Dullness/Uneven Texture', 'Good for: Dark Circles', 'Without Parabens', 'Without Sulfates SLS & SLES', 'Cruelty-Free']"
P423130,"['Vegan', 'Good for: Dullness/Uneven Texture', 'Good for: Loss of firmness', 'Lactic Acid', 'Good for: Dark Circles', 'Cruelty-Free']"
P456582,"['allure 2020 Best of Beauty Award Winner', 'Good for: Redness', 'Best for Oily, Combo, Normal Skin', 'Reef Safe SPF', 'SPF', 'Cruelty-Free']"
P481697,"['Good for: Dryness', 'Hyaluronic Acid', 'Best for Dry, Combo, Normal Skin', 'Hydrating', 'Lactic Acid', 'Without Silicones']"
P474822,"['Good for: Pores', 'Good for: Dullness/Uneven Texture', 'AHA/Glycolic Acid', 'Without Sulfates SLS & SLES', 'Vegan']"
P472810,"['Vegan', 'Good for: Redness', 'Good for: Dullness/Uneven Texture', 'Good for: Anti-Aging', 'Good for: Dryness', 'Cruelty-Free']"
P503814,"['Vegan', 'Good for: Dullness/Uneven Texture', 'Good for: Pores', 'Retinol', 'Good for: Anti-Aging', 'Good for: Dark spots']"
P445833,"['Best for Oily, Combo, Normal Skin', 'Good for: Acne/Blemishes', 'Good for: Dullness/Uneven Texture', 'Niacinamide', 'Cruelty-Free', 'Vegan']"
P462344,No Highlights
P423150,No Highlights
P443351,No Highlights
P467111,No Highlights
P423123,No Highlights
P469118,"['Vegan', 'Vitamin C', 'Good for: Dryness', 'Without Parabens', 'Without Sulfates SLS & SLES', 'Cruelty-Free']"
P479692,"['Good for: Loss of firmness', 'Good for: Anti-Aging', 'Good for: Dryness', 'Best for Dry Skin', 'Lactic Acid', 'Oil Free']"
P475086,"['Vegan', 'Hyaluronic Acid', 'Good for: Dullness/Uneven Texture', 'Without Sulfates SLS & SLES', 'Vitamin C']"
P500243,"['Vegan', 'allure 2022 Best of Beauty Award Winner', 'Good for: Redness', 'Good for: Dullness/Uneven Texture', 'Hyaluronic Acid', 'AHA/Glycolic Acid']"
P502326,"['Good for: Dullness/Uneven Texture', 'Vitamin C', 'Hydrating', 'Good for: Anti-Aging', 'Best for Dry, Combo, Normal Skin', 'Cruelty-Free']"
P423135,"['Vegan', 'Hyaluronic Acid', 'Best for Dry Skin', 'Good for: Loss of firmness', 'Good for: Anti-Aging', 'Good for: Dryness']"
P428240,No Highlights
P423134,"['Good for: Dark Circles', 'Good for: Loss of firmness', 'Vitamin C', 'Without Sulfates SLS & SLES', 'Cruelty-Free', 'Vegan']"
P423127,No Highlights
P505139,"['Vegan', 'Hyaluronic Acid', 'Good for: Loss of firmness', 'Good for: Anti-Aging', 'Good for: Dryness', 'Best for Dry, Combo, Normal Skin']"
P443369,"['Vegan', 'Good for: Dark Circles', 'Good for: Dryness', 'Without Parabens', 'Without Sulfates SLS & SLES', 'Cruelty-Free']"
P423125,No Highlights
P443358,"['Best for Dry Skin', 'Lactic Acid', 'Hyaluronic Acid', 'Without Sulfates SLS & SLES', 'Cruelty-Free', 'Vegan']"
P449177,No Highlights
P443366,No Highlights
P446638,No Highlights
P443361,"['Reef Safe SPF', 'Cruelty-Free']"
P423143,No Highlights
P503820,"['Hyaluronic Acid', 'Good for: Dullness/Uneven Texture', 'Lactic Acid', 'Vitamin C', 'Good for: Anti-Aging', 'AHA/Glycolic Acid']"
P423690,No Highlights
P456569,No Highlights
P423145,No Highlights
P502441,No Highlights
P467112,"['Vegan', 'Refill Available', 'Good for: Dullness/Uneven Texture', 'allure 2019 Best of Beauty Award Winner', 'Salicylic Acid', 'Best for Oily, Combo, Normal Skin']"
P445822,No Highlights
P455915,"['Good for: Dark Circles', 'Good for: Loss of firmness', 'Good for: Dullness/Uneven Texture', 'Lactic Acid', 'Cruelty-Free', 'Vegan']"
P236816,"['Satin Finish', 'Hydrating', 'Without Formaldehydes', 'Without Parabens', 'Without Silicones', 'Without Sulfates SLS & SLES']"
P453814,"['High Shine Finish', 'Hydrating']"
P186805,No Highlights
P432500,No Highlights
P454762,No Highlights
P432502,No Highlights
P432504,No Highlights
P454348,"['Natural Finish', 'Hydrating', 'Long-wearing', 'Full Coverage']"
P467760,"['Hydrating', 'Long-wearing', 'Full Coverage']"
P482262,"['Radiant Finish', 'Liquid Formula', 'Hydrating', 'Good for: Dark Circles', 'Long-wearing', 'Medium Coverage']"
P439941,"['Radiant Finish', 'Liquid Formula', 'Hydrating', 'Long-wearing', 'Medium Coverage', 'SPF']"
P472977,No Highlights
P456596,No Highlights
P385477,No Highlights
P474316,['Floral Scent']
P6430,No Highlights
P439940,"['Liquid Formula', 'Hydrating', 'Matte Finish', 'Long-wearing', 'Medium Coverage', 'SPF']"
P500997,"['Stick Formula', 'Hydrating', 'Clean at Sephora', 'Matte Finish', 'Long-wearing', 'Full Coverage']"
P396240,"['Volumizing', 'Long-wearing', 'Lengthening']"
P481969,"['Full Coverage', 'Hydrating', 'High Shine Finish']"
P415619,"['Good for: Pores', 'Good for: Dark spots', 'Good for: Dullness/Uneven Texture', 'Niacinamide', 'Refill Available']"
P4484,No Highlights
P483654,"['Hydrating', 'Matte Finish']"
P400057,['Woody & Earthy Scent']
P377821,No Highlights
P472028,No Highlights
P463032,No Highlights
P475090,"['Radiant Finish', 'Pressed Powder Formula', 'Medium Coverage', 'Long-wearing', 'Hydrating', 'Without Parabens']"
P238433,No Highlights
P444597,No Highlights
P99901,No Highlights
P450457,No Highlights
P437018,No Highlights
P467945,"['Best for Dry Skin', 'Good for: Anti-Aging', 'Good for: Loss of firmness', 'Without Sulfates SLS & SLES']"
P379408,No Highlights
P454806,"['Good for: Anti-Aging', 'Good for: Dullness/Uneven Texture', 'Good for: Loss of firmness', 'Without Sulfates SLS & SLES', 'Without Parabens']"
P428500,No Highlights
P480162,"['Hyaluronic Acid', 'Cream Formula', 'Hydrating', 'Good for: Dryness', 'Fragrance Free', 'Without Parabens']"
P297404,"['Pressed Powder Formula', 'Good for: Dullness/Uneven Texture', 'Matte Finish', 'Medium Coverage', 'Best for Oily, Combo, Normal Skin', 'Without Parabens']"
P442793,No Highlights
P481972,"['Cream Formula', 'Without Sulfates SLS & SLES', 'Without Parabens', 'Alcohol Free', 'Hydrating']"
P416366,No Highlights
P410469,No Highlights
P435806,"['Light Coverage', 'Refill Available', 'Good for: Dullness/Uneven Texture', 'Good for: Pores', 'Good for: Dark spots']"
P416731,No Highlights
P503999,"['Hyaluronic Acid', 'Good for: Dullness/Uneven Texture', 'Good for: Loss of firmness', 'Plumping', 'Hydrating', 'Good for: Anti-Aging']"
P501542,No Highlights
P475089,"['Light Coverage', 'Pressed Powder Formula', 'Matte Finish']"
P395905,No Highlights
P76000,No Highlights
P429720,"['Liquid Formula', 'Long-wearing']"
P471544,"['Volumizing', 'Curling', 'Lengthening']"
P480439,['Floral Scent']
P502013,No Highlights
P480599,"['Hydrating', 'Plumping', 'Light Coverage']"
P99902,No Highlights
P451225,No Highlights
P475088,No Highlights
P454106,No Highlights
P423548,No Highlights
P457667,No Highlights
P483435,No Highlights
P375238,No Highlights
P440916,No Highlights
P435915,No Highlights
P408407,No Highlights
P375237,No Highlights
P467944,No Highlights
P386816,No Highlights
P435807,"['Light Coverage', 'Good for: Dullness/Uneven Texture', 'Good for: Pores', 'Good for: Dark spots', 'Without Sulfates SLS & SLES']"
P475091,"['Loose Powder Formula', 'Matte Finish', 'Natural Finish', 'Light Coverage', 'Hydrating']"
P379931,No Highlights
P441312,"['Volumizing', 'Long-wearing', 'Lengthening']"
P501414,No Highlights
P500313,No Highlights
P449122,No Highlights
P406640,No Highlights
P475526,No Highlights
P428255,"['Good for: Dullness/Uneven Texture', 'Good for: Dark spots', 'Vitamin C', 'AHA/Glycolic Acid', 'Without Sulfates SLS & SLES', 'Without Parabens']"
P380621,No Highlights
P380620,No Highlights
P440915,No Highlights
P457662,No Highlights
P457666,No Highlights
P4490,No Highlights
P444194,No Highlights
P455023,No Highlights
P504675,"['Radiant Finish', 'Good for: Dullness/Uneven Texture', 'Best for Oily Skin', 'Good for: Pores', 'Hydrating', 'Without Parabens']"
P504426,No Highlights
P470214,"['Radiant Finish', 'Hydrating', 'Long-wearing']"
P427729,"['Good for: Anti-Aging', 'Good for: Dullness/Uneven Texture', 'Without Sulfates SLS & SLES', 'Without Parabens', 'Without Phthalates']"
P463845,No Highlights
P431440,No Highlights
P463033,No Highlights
P400061,No Highlights
P423264,"['Good for: Dullness/Uneven Texture', 'Best for Dry, Combo, Normal Skin', 'Without Sulfates SLS & SLES', 'Without Parabens', 'Without Phthalates']"
P375354,"['Good for: Anti-Aging', 'Good for: Dark spots', 'Good for: Loss of firmness', 'Without Parabens']"
P397673,No Highlights
P500247,"['Volumizing', 'Long-wearing', 'Waterproof', 'Without Parabens']"
P416728,"['Refill Available', 'Good for: Dullness/Uneven Texture', 'Good for: Pores', 'Good for: Dark spots', 'Without Sulfates SLS & SLES', 'Niacinamide']"
P471543,No Highlights
P481078,No Highlights
P417604,No Highlights
P429676,No Highlights
P480600,"['Light Coverage', 'Hydrating']"
P440923,No Highlights
P500408,"['High Shine Finish', 'Shimmer Finish', 'Hydrating', 'Full Coverage']"
P504694,"['Radiant Finish', 'Good for: Dullness/Uneven Texture', 'Liquid Formula', 'Hydrating', 'Without Parabens', 'Without Triclosan']"
P408542,No Highlights
P467761,"['Hydrating', 'Long-wearing', 'Full Coverage']"
P429430,No Highlights
P504692,"['Satin Finish', 'Long-wearing', 'Matte Finish']"
P4489,No Highlights
P454807,"['Good for: Anti-Aging', 'Good for: Dark Circles', 'Good for: Loss of firmness', 'Without Sulfates SLS & SLES', 'Without Parabens']"
P427731,"['Good for: Dullness/Uneven Texture', 'Good for: Dark spots', 'Vitamin C', 'AHA/Glycolic Acid', 'Without Sulfates SLS & SLES', 'Without Parabens']"
P429675,No Highlights
P427732,"['Good for: Loss of firmness', 'Good for: Anti-Aging', 'Hyaluronic Acid', 'Without Sulfates SLS & SLES', 'Without Parabens', 'Without Phthalates']"
P420536,No Highlights
P476432,"['Good for: Pores', 'Good for: Dullness/Uneven Texture', 'Without Parabens']"
P400059,No Highlights
P480163,No Highlights
P418122,No Highlights
P500623,No Highlights
P444987,No Highlights
P481970,"['Cream Formula', 'Hydrating', 'Best for Dry, Combo, Normal Skin']"
P455022,No Highlights
P455584,No Highlights
P440922,"['Best for Oily Skin', 'Good for: Pores', 'Lactic Acid', 'Without Sulfates SLS & SLES', 'Without Parabens', 'Without Phthalates']"
P481971,"['Cream Formula', 'Hydrating', 'Best for Dry Skin', 'Good for: Dryness', 'Hyaluronic Acid']"
P481077,"['Liquid Formula', 'Hydrating', 'Hyaluronic Acid', 'Good for: Dullness/Uneven Texture', 'Plumping', 'Without Parabens']"
P483630,No Highlights
P504053,"['Good for: Dullness/Uneven Texture', 'Good for: Pores', 'AHA/Glycolic Acid']"
P505332,"['Matte Finish', 'Best for Oily, Combo, Normal Skin']"
P12420,No Highlights
P195321,No Highlights
P245901,No Highlights
P418849,No Highlights
P377485,No Highlights
P385301,No Highlights
P429971,No Highlights
P186402,No Highlights
P376951,No Highlights
P224300,No Highlights
P406330,No Highlights
P419011,No Highlights
P382515,No Highlights
P429970,No Highlights
P449367,No Highlights
P377775,No Highlights
P480295,"['Floral Scent', 'Layerable Scent']"
P456715,No Highlights
P0901,No Highlights
P306859,No Highlights
P505167,"['Shimmer Finish', 'Satin Finish', 'Matte Finish', 'Without Parabens', 'Cruelty-Free']"
P380541,"['Floral Scent', 'Fresh Scent']"
P41391,No Highlights
P440445,No Highlights
P503730,"['Stick Formula', 'Floral Scent', 'Alcohol Free', 'Without Triclosan']"
P380539,No Highlights
P430958,"['Vegan', 'Good for: Color Care', 'Without Phthalates', 'All Hair Types', 'Without Parabens', 'Without Sulfates SLS & SLES']"
P447212,"['Good for: Dark Circles', 'Good for: Dryness', 'Fragrance Free', 'Cruelty-Free']"
P454936,"['Good for: Dark Circles', 'Good for: Dullness/Uneven Texture', 'Hyaluronic Acid', 'Fragrance Free', 'Cruelty-Free']"
P447782,"['Good for: Dark Circles', 'Good for: Dullness/Uneven Texture', 'Hyaluronic Acid', 'Fragrance Free', 'Cruelty-Free']"
P454935,"['Good for: Dark Circles', 'Good for: Dullness/Uneven Texture', 'Hyaluronic Acid', 'Fragrance Free', 'Cruelty-Free']"
P447781,"['Best for Oily, Combo, Normal Skin', 'Good for: Loss of firmness', 'Fragrance Free', 'Cruelty-Free']"
P464233,"['Best for Oily, Combo, Normal Skin', 'Good for: Loss of firmness', 'Fragrance Free', 'Cruelty-Free']"
P447785,"['Good for: Dark Circles', 'Fragrance Free', 'Cruelty-Free']"
P449600,No Highlights
P447783,"['Good for: Dark Circles', 'Good for: Acne/Blemishes', 'Fragrance Free', 'Cruelty-Free']"
P447789,"['Hyaluronic Acid', 'Gluten Free', 'Cruelty-Free']"
P448554,"['Good for: Dark Circles', 'Good for: Acne/Blemishes', 'Fragrance Free', 'Cruelty-Free', 'Community Favorite']"
P448711,"['Good for: Dark Circles', 'Good for: Dryness', 'Fragrance Free', 'Cruelty-Free']"
P447790,"['Good for: Dark Circles', 'Good for: Anti-Aging', 'Hyaluronic Acid', 'Fragrance Free', 'Cruelty-Free']"
P456997,"['Good for: Dark Circles', 'Good for: Anti-Aging', 'Hyaluronic Acid', 'Fragrance Free', 'Cruelty-Free']"
P447787,"['Good for: Dark Circles', 'Good for: Anti-Aging', 'Fragrance Free', 'Cruelty-Free']"
P454937,"['Good for: Dark Circles', 'Good for: Anti-Aging', 'Fragrance Free', 'Cruelty-Free']"
P481973,"['Good for: Pores', 'Good for: Dullness/Uneven Texture', 'Niacinamide', 'Cruelty-Free', 'Best for Combination Skin']"
P448715,"['Hyaluronic Acid', 'Cruelty-Free', 'Vegan', 'Clean at Sephora']"
P469200,"['Good for: Dullness/Uneven Texture', 'Good for: Dark Circles', 'Fragrance Free', 'Cruelty-Free', 'Vegan']"
P448553,"['Good for: Dark Circles', 'Gluten Free', 'Cruelty-Free', 'Clean at Sephora']"
P448558,"['Good for: Anti-Aging', 'Cruelty-Free', 'Vegan', 'Clean at Sephora']"
P447788,No Highlights
P448557,No Highlights
P448542,"['Good for: Dullness/Uneven Texture', 'Cruelty-Free', 'Vegan', 'Clean at Sephora']"
P449601,"['Best for Oily, Combo, Normal Skin', 'Cruelty-Free', 'Vegan', 'Clean at Sephora']"
P454375,"['Good for: Dark spots', 'Gluten Free', 'Cruelty-Free', 'Clean at Sephora']"
P448716,"['Best for Dry Skin', 'Without Sulfates SLS & SLES', 'Cruelty-Free', 'Clean at Sephora']"
P481414,"['Hydrating', 'Hyaluronic Acid', 'Lactic Acid', 'Cruelty-Free']"
P448548,"['Best for Oily, Combo, Normal Skin', 'Good for: Pores', 'Hyaluronic Acid', 'Fragrance Free', 'Cruelty-Free']"
P481413,"['Hydrating', 'Plumping', 'Lactic Acid', 'Cruelty-Free']"
P448545,"['Best for Oily, Combo, Normal Skin', 'Good for: Pores', 'Hyaluronic Acid', 'Fragrance Free', 'Cruelty-Free']"
P475926,"['Best for Dry Skin', 'Good for: Dryness', 'Good for: Dullness/Uneven Texture', 'Fragrance Free', 'Cruelty-Free']"
P448546,"['Without Sulfates SLS & SLES', 'Cruelty-Free', 'Vegan', 'Clean at Sephora']"
P448549,No Highlights
P448544,"['Best for Oily, Combo, Normal Skin', 'Good for: Loss of firmness', 'Fragrance Free', 'Cruelty-Free']"
P474036,"['Best for Dry, Combo, Normal Skin', 'Good for: Dryness', 'Good for: Redness', 'Vegan', 'Fragrance Free']"
P471017,"['Good for: Loss of firmness', 'Good for: Anti-Aging', 'Hyaluronic Acid', 'Fragrance Free', 'Cruelty-Free']"
P448713,"['Vegan', 'Good for: Acne/Blemishes', 'Cruelty-Free']"
P448551,"['Gluten Free', 'Cruelty-Free', 'Vegan', 'Clean at Sephora']"
P477150,"['Best for Dry Skin', 'Good for: Anti-Aging', 'Good for: Dark Circles', 'Fragrance Free', 'Vegan']"
P448550,"['Gluten Free', 'Cruelty-Free', 'Vegan', 'Clean at Sephora']"
P448547,"['Good for: Dark Circles', 'Cruelty-Free', 'Vegan', 'Clean at Sephora']"
P139005,"['Best for Oily, Combo, Normal Skin', 'Good for: Pores', 'Salicylic Acid', 'Without Phthalates', 'Without Parabens']"
P427397,"['Best for Dry, Combo, Normal Skin', 'Good for: Dryness', 'Hypoallergenic', 'Without Phthalates', 'Without Parabens', 'Without Sulfates SLS & SLES']"
P391802,"['Best for Dry, Combo, Normal Skin', 'Good for: Anti-Aging', 'Lactic Acid', 'AHA/Glycolic Acid', 'Without Parabens', 'Without Sulfates SLS & SLES']"
P397310,"['Best for Oily, Combo, Normal Skin', 'Good for: Pores', 'Salicylic Acid', 'Hypoallergenic', 'Without Parabens', 'Without Phthalates']"
P411254,No Highlights
P435209,No Highlights
P429662,"['Best for Oily, Combo, Normal Skin', 'Good for: Pores', 'Salicylic Acid', 'AHA/Glycolic Acid', 'Hypoallergenic', 'Without Parabens']"
P417002,"['Best for Oily, Combo, Normal Skin', 'Good for: Pores', 'Hypoallergenic', 'Without Parabens', 'Without Phthalates', 'Without Sulfates SLS & SLES']"
P470217,"['Vegan', 'Fragrance Free', 'Without Parabens', 'SPF']"
P467614,No Highlights
P383053,"['Best for Dry, Combo, Normal Skin', 'Good for: Anti-Aging', 'Hypoallergenic', 'Without Parabens', 'Without Phthalates', 'Fragrance Free']"
P460758,No Highlights
P417625,No Highlights
P444225,"['Best for Dry, Combo, Normal Skin', 'Good for: Redness', 'Hyaluronic Acid', 'Without Sulfates SLS & SLES', 'Hypoallergenic', 'Without Parabens']"
P429661,No Highlights
P383052,"['Best for Dry, Combo, Normal Skin', 'Good for: Anti-Aging', 'AHA/Glycolic Acid', 'Without Parabens', 'Without Silicones', 'Without Sulfates SLS & SLES']"
P383051,No Highlights
P453822,"['Best for Dry, Combo, Normal Skin', 'Good for: Dark spots', 'Niacinamide', 'Hypoallergenic', 'Without Parabens', 'Vegan']"
P448710,"['Best for Oily, Combo, Normal Skin', 'Good for: Pores', 'Salicylic Acid', 'Hypoallergenic', 'Without Phthalates', 'Without Parabens']"
P502640,No Highlights
P383054,No Highlights
P442001,"['Best for Dry, Combo, Normal Skin', 'Good for: Anti-Aging', 'Lactic Acid', 'AHA/Glycolic Acid', 'Without Parabens', 'Without Phthalates']"
P442263,No Highlights
P440302,"['Best for Dry, Combo, Normal Skin', 'Good for: Loss of firmness', 'Hyaluronic Acid', 'Without Parabens', 'Without Phthalates', 'Without Sulfates SLS & SLES']"
P476570,"['Fragrance Free', 'Retinol', 'Good for: Dark spots', 'Good for: Dullness/Uneven Texture', 'Hydrating', 'Good for: Loss of firmness']"
P435790,No Highlights
P502592,No Highlights
P504411,No Highlights
P500151,"['Vegan', 'Hyaluronic Acid', 'Fragrance Free', 'Best for Oily, Combo, Normal Skin', 'Best for Dry, Combo, Normal Skin', 'Without Silicones']"
P460622,No Highlights
P269122,"['Good for: Dullness/Uneven Texture', 'Clean at Sephora', 'Good for: Anti-Aging', 'AHA/Glycolic Acid', 'Good for: Acne/Blemishes', 'Salicylic Acid']"
P425868,"['Good for: Dullness/Uneven Texture', 'Clean at Sephora', 'Good for: Anti-Aging', 'AHA/Glycolic Acid', 'Good for: Acne/Blemishes', 'Salicylic Acid']"
P447592,"['AHA/Glycolic Acid', 'Salicylic Acid', 'Best for Oily, Combo, Normal Skin', 'Good for: Pores', 'Clean at Sephora', 'Vegan']"
P377533,"['Good for: Dullness/Uneven Texture', 'Lactic Acid', 'Good for: Pores', 'Clean at Sephora', 'Good for: Anti-Aging', 'AHA/Glycolic Acid']"
P425869,"['Good for: Dullness/Uneven Texture', 'Lactic Acid', 'Good for: Pores', 'Clean at Sephora', 'Good for: Anti-Aging', 'AHA/Glycolic Acid']"
P461439,"['Hyaluronic Acid', 'Cruelty-Free', 'Clean at Sephora']"
P481340,"['Good for: Dullness/Uneven Texture', 'Good for: Pores', 'AHA/Glycolic Acid', 'Salicylic Acid', 'Best for Oily, Combo, Normal Skin', 'Cruelty-Free']"
P474825,"['Good for: Loss of firmness', 'Good for: Dark Circles', 'Clean at Sephora', 'Good for: Anti-Aging', 'Retinol', 'Best for Oily, Combo, Normal Skin']"
P474826,"['Good for: Dullness/Uneven Texture', 'Good for: Pores', 'Clean at Sephora', 'Good for: Anti-Aging', 'Good for: Acne/Blemishes', 'Best for Oily, Combo, Normal Skin']"
P466877,"['Clean at Sephora', 'Best for Dry, Combo, Normal Skin', 'AHA/Glycolic Acid', 'Salicylic Acid', 'Good for: Acne/Blemishes', 'Good for: Dullness/Uneven Texture']"
P501190,"['Good for: Dullness/Uneven Texture', 'Lactic Acid', 'Vitamin C', 'Clean at Sephora', 'Good for: Anti-Aging', 'Good for: Dryness']"
P474824,"['Best for Dry Skin', 'Good for: Loss of firmness', 'Hydrating', 'Clean at Sephora', 'Good for: Dryness', 'Good for: Dark spots']"
P398761,"['Good for: Dullness/Uneven Texture', 'Hyaluronic Acid', 'Lactic Acid', 'Clean at Sephora', 'Good for: Anti-Aging', 'Best for Dry, Combo, Normal Skin']"
P501169,"['Good for: Dullness/Uneven Texture', 'Good for: Loss of firmness', 'Lactic Acid', 'Vitamin C', 'Clean at Sephora', 'Good for: Dark spots']"
P501157,"['Good for: Loss of firmness', 'Lactic Acid', 'Vitamin C', 'Good for: Dark Circles', 'Clean at Sephora', 'Good for: Anti-Aging']"
P427393,"['Hyaluronic Acid', 'Cruelty-Free', 'Clean at Sephora']"
P474823,"['Good for: Dullness/Uneven Texture', 'Good for: Pores', 'Clean at Sephora', 'Good for: Anti-Aging', 'Good for: Acne/Blemishes', 'Best for Oily, Combo, Normal Skin']"
P416755,"['Hyaluronic Acid', 'Best for Oily, Combo, Normal Skin', 'Good for: Dryness', 'Good for: Acne/Blemishes', 'Clean at Sephora', 'Vegan']"
P479313,"['Good for: Dullness/Uneven Texture', 'Hydrating', 'Clean at Sephora', 'Good for: Anti-Aging', 'Best for Oily, Combo, Normal Skin', 'Best for Dry, Combo, Normal Skin']"
P385773,"['Hyaluronic Acid', 'Cruelty-Free', 'Clean at Sephora']"
P413613,"['Good for: Pores', 'Good for: Dryness', 'Good for: Dullness/Uneven Texture']"
P503927,"['Good for: Redness', 'Good for: Dullness/Uneven Texture', 'Lactic Acid', 'Vitamin C', 'Clean at Sephora', 'Good for: Dryness']"
P501166,"['Good for: Dullness/Uneven Texture', 'Good for: Loss of firmness', 'Lactic Acid', 'Vitamin C', 'Clean at Sephora', 'Oil Free']"
P481341,"['Best for Dry, Combo, Normal Skin', 'Good for: Dryness', 'Good for: Dullness/Uneven Texture', 'AHA/Glycolic Acid', 'Lactic Acid', 'Cruelty-Free']"
P411360,"['Hyaluronic Acid', 'Cruelty-Free', 'Clean at Sephora']"
P481975,"['Good for: Dullness/Uneven Texture', 'Good for: Pores', 'Clean at Sephora', 'AHA/Glycolic Acid', 'Best for Dry, Combo, Normal Skin', 'Cruelty-Free']"
P481339,"['Good for: Dullness/Uneven Texture', 'Clean at Sephora', 'Good for: Anti-Aging', 'AHA/Glycolic Acid', 'Good for: Acne/Blemishes', 'Cruelty-Free']"
P466878,"['Clean at Sephora', 'Best for Dry, Combo, Normal Skin', 'AHA/Glycolic Acid', 'Salicylic Acid', 'Good for: Acne/Blemishes', 'Good for: Dullness/Uneven Texture']"
P481376,"['Good for: Dullness/Uneven Texture', 'Good for: Pores', 'AHA/Glycolic Acid', 'Salicylic Acid', 'Best for Oily, Combo, Normal Skin', 'Cruelty-Free']"
P474943,"['Good for: Dullness/Uneven Texture', 'Hyaluronic Acid', 'Lactic Acid', 'Clean at Sephora', 'Good for: Anti-Aging', 'Best for Dry, Combo, Normal Skin']"
P503912,"['Good for: Dullness/Uneven Texture', 'Good for: Loss of firmness', 'Lactic Acid', 'Vitamin C', 'Clean at Sephora', 'Good for: Anti-Aging']"
P503906,"['Good for: Dullness/Uneven Texture', 'Good for: Loss of firmness', 'Good for: Dark Circles', 'Good for: Anti-Aging']"
P471545,"['Good for: Anti-Aging', 'Good for: Loss of firmness', 'Good for: Acne/Blemishes', 'Good for: Dullness/Uneven Texture', 'Best for Dry, Combo, Normal Skin', 'Best for Oily, Combo, Normal Skin']"
P411540,"['Natural Finish', 'Good for: Redness', 'Medium Coverage', 'SPF']"
P471546,"['Good for: Redness', 'Community Favorite', 'Matte Finish', 'Best for Oily, Combo, Normal Skin', 'SPF', 'Niacinamide']"
P411539,"['Good for: Redness', 'Good for: Dryness', 'Best for Dry, Combo, Normal Skin']"
P423259,"['Good for: Redness', 'Good for: Dryness']"
P467615,"['Good for: Dryness', 'Good for: Dullness/Uneven Texture', 'Niacinamide', 'Best for Dry, Combo, Normal Skin', 'Best for Oily, Combo, Normal Skin', 'allure 2021 Best of Beauty Award Winner']"
P448185,"['Good for: Redness', 'Good for: Dryness', 'Best for Oily, Combo, Normal Skin']"
P454019,"['Good for: Acne/Blemishes', 'Good for: Redness', 'Salicylic Acid', 'Good for: Dark spots', 'Best for Oily, Combo, Normal Skin', 'Without Sulfates SLS & SLES']"
P501005,"['Light Coverage', 'Natural Finish', 'Cream Formula', 'SPF']"
P442857,No Highlights
P457008,"['Collagen', 'Hyaluronic Acid', 'Vitamin C', 'Good for: Dryness', 'Good for: Redness', 'Good for: Dark spots']"
P448184,No Highlights
P454086,"['Good for: Acne/Blemishes', 'Good for: Redness', 'Good for: Pores', 'Salicylic Acid', 'Best for Oily, Combo, Normal Skin', 'Without Sulfates SLS & SLES']"
P457521,"['UV Protection', 'SPF']"
P429250,"['Light Coverage', 'Radiant Finish', 'Good for: Redness', 'SPF']"
P454085,"['Good for: Acne/Blemishes', 'Good for: Redness', 'Salicylic Acid', 'Good for: Dark spots', 'Best for Oily, Combo, Normal Skin', 'Without Sulfates SLS & SLES']"
P473828,"['Good for: Dryness', 'Good for: Dullness/Uneven Texture', 'Niacinamide']"
P429529,"['Hyaluronic Acid', 'Without Mineral Oil', 'Good for: Dryness', 'Hypoallergenic', 'Best for Dry, Combo, Normal Skin', 'Without Sulfates SLS & SLES']"
P479632,"['Good for: Pores', 'Good for: Dullness/Uneven Texture']"
P504007,"['Cream Formula', 'Good for: Dullness/Uneven Texture', 'Good for: Loss of firmness', 'Good for: Dryness', 'Best for Dry, Combo, Normal Skin']"
P504042,"['Good for: Dullness/Uneven Texture', 'Good for: Loss of firmness', 'Good for: Dryness', 'Best for Dry, Combo, Normal Skin']"
P504001,"['Good for: Dullness/Uneven Texture', 'Good for: Loss of firmness', 'Liquid Formula', 'Good for: Dryness', 'Best for Dry, Combo, Normal Skin']"
P504064,"['Good for: Dullness/Uneven Texture', 'Good for: Loss of firmness', 'Good for: Dryness', 'Best for Dry, Combo, Normal Skin']"
P457522,"['UV Protection', 'SPF']"
P397624,No Highlights
P479633,"['Good for: Pores', 'Good for: Dullness/Uneven Texture']"
P397623,"['Hyaluronic Acid', 'Without Mineral Oil', 'Good for: Dryness', 'Hypoallergenic', 'Best for Dry, Combo, Normal Skin', 'Without Sulfates SLS & SLES']"
P481700,"['Good for: Redness', 'Good for: Dryness', 'SPF']"
P397622,No Highlights
P442854,No Highlights
P501031,"['Good for: Dullness/Uneven Texture', 'Hyaluronic Acid', 'Good for: Pores', 'AHA/Glycolic Acid']"
P457523,No Highlights
P442853,No Highlights
P462860,"['Good for: Dryness', 'Hyaluronic Acid', 'Good for: Loss of firmness', 'Fragrance Free', 'Hypoallergenic', 'Without Sulfates SLS & SLES']"
P397625,No Highlights
P433884,No Highlights
P397626,No Highlights
P397627,No Highlights
P481699,"['Good for: Redness', 'Good for: Dryness', 'Good for: Dullness/Uneven Texture']"
P457011,"['Collagen', 'Hyaluronic Acid', 'Vitamin C', 'Good for: Dryness', 'Good for: Redness', 'Good for: Dark spots']"
P457012,"['Collagen', 'Hyaluronic Acid', 'Vitamin C', 'Good for: Dryness', 'Good for: Redness', 'Good for: Dark spots']"
P457010,"['Collagen', 'Hyaluronic Acid', 'Vitamin C', 'Good for: Dryness', 'Good for: Redness', 'Good for: Dark spots']"
P457009,"['Collagen', 'Hyaluronic Acid', 'Vitamin C', 'Good for: Dryness', 'Good for: Redness', 'Good for: Dark spots']"
P459127,"['Vegan', 'Hyaluronic Acid', 'Plumping', 'Hydrating', 'Good for: Dryness', 'SPF']"
P459130,"['Good for: Dark Circles', 'Good for: Anti-Aging', 'Good for: Loss of firmness', 'Good for: Dryness', 'Hyaluronic Acid', 'Cruelty-Free']"
P459128,"['Good for: Dark spots', 'Good for: Anti-Aging', 'Vitamin C', 'Without Sulfates SLS & SLES', 'Cruelty-Free', 'Vegan']"
P459129,"['Good for: Dark Circles', 'Good for: Anti-Aging', 'Good for: Dullness/Uneven Texture', 'Hyaluronic Acid', 'Without Sulfates SLS & SLES', 'Cruelty-Free']"
P459126,"['Clean at Sephora', 'Lengthening', 'Without Parabens', 'Without Sulfates SLS & SLES', 'Cruelty-Free']"
P469121,"['Good for: Dark Circles', 'Good for: Anti-Aging', 'Good for: Dullness/Uneven Texture', 'Hyaluronic Acid', 'Without Sulfates SLS & SLES', 'Cruelty-Free']"
P476849,"['Plumping', 'Hydrating', 'Good for: Dryness', 'Hyaluronic Acid', 'Vegan', 'Cruelty-Free']"
P475930,"['Lengthening', 'Curling', 'Waterproof', 'Long-wearing', 'Cruelty-Free', 'Vegan']"
P480441,"['Good for: Anti-Aging', 'Good for: Dark spots', 'Good for: Dullness/Uneven Texture', 'Retinol', 'Good for: Pores', 'Cruelty-Free']"
P464238,"['Good for: Loss of firmness', 'Good for: Anti-Aging', 'Good for: Dark Circles', 'Without Parabens', 'Cruelty-Free']"
P464243,"['Best for Oily, Combo, Normal Skin', 'Good for: Acne/Blemishes', 'Without Parabens', 'Gluten Free', 'Without Silicones', 'Cruelty-Free']"
P464239,"['Best for Oily, Combo, Normal Skin', 'Good for: Dullness/Uneven Texture', 'Good for: Acne/Blemishes', 'Without Parabens', 'Gluten Free', 'Cruelty-Free']"
P464245,"['Good for: Dark Circles', 'Good for: Anti-Aging', 'Good for: Dryness', 'Without Parabens', 'Gluten Free', 'Cruelty-Free']"
P467617,"['Best for Oily, Combo, Normal Skin', 'Good for: Pores', 'Good for: Acne/Blemishes', 'Without Parabens', 'Without Phthalates', 'Cruelty-Free']"
P464241,"['Best for Oily, Combo, Normal Skin', 'Good for: Acne/Blemishes', 'Fragrance Free', 'Without Parabens', 'Without Silicones', 'Cruelty-Free']"
P464234,"['Best for Oily, Combo, Normal Skin', 'Good for: Acne/Blemishes', 'Good for: Anti-Aging', 'Good for: Dullness/Uneven Texture', 'Retinol', 'Cruelty-Free']"
P464235,"['Good for: Dark Circles', 'Good for: Anti-Aging', 'Good for: Loss of firmness', 'Hyaluronic Acid', 'Without Parabens', 'Cruelty-Free']"
P483128,"['Good for: Redness', 'Good for: Dullness/Uneven Texture', 'Best for Dry Skin', 'Hydrating', 'Good for: Acne/Blemishes']"
P464242,"['Hyaluronic Acid', 'Best for Dry, Combo, Normal Skin', 'Good for: Dryness', 'Good for: Anti-Aging', 'Good for: Loss of firmness', 'Hydrating']"
P464244,"['Best for Oily, Combo, Normal Skin', 'Good for: Pores', 'Good for: Dullness/Uneven Texture', 'Good for: Dark spots', 'Vitamin C', 'Cruelty-Free']"
P464240,"['Good for: Acne/Blemishes', 'Best for Oily, Combo, Normal Skin', 'AHA/Glycolic Acid', 'Salicylic Acid', 'Fragrance Free', 'Without Parabens']"
P464237,"['Best for Normal Skin', 'Good for: Loss of firmness', 'Good for: Dark Circles', 'Retinol', 'Without Parabens', 'Cruelty-Free']"
P427421,"['Refill Available', 'Good for: Dullness/Uneven Texture', 'Good for: Loss of firmness', 'Clean at Sephora', 'Good for: Anti-Aging', 'Good for: Dryness']"
P392246,"['Good for: Dullness/Uneven Texture', 'Good for: Pores', 'Clean at Sephora', 'Good for: Anti-Aging', 'AHA/Glycolic Acid', 'Good for: Acne/Blemishes']"
P426836,"['Vegan', 'Community Favorite', 'Clean at Sephora', 'Fragrance Free', 'Without Sulfates SLS & SLES', 'Cruelty-Free']"
P406712,No Highlights
P415777,"['Good for: Dullness/Uneven Texture', 'Community Favorite', 'Good for: Pores', 'Clean at Sephora', 'Good for: Anti-Aging', 'AHA/Glycolic Acid']"
P432668,"['Good for: Dullness/Uneven Texture', 'Good for: Loss of firmness', 'Clean at Sephora', 'Good for: Anti-Aging', 'Good for: Dark spots', 'Cruelty-Free']"
P446938,"['Vegan', 'Refill Available', 'Good for: Loss of firmness', 'Clean at Sephora', 'Good for: Anti-Aging', 'Good for: Dryness']"
P403818,"['Clean at Sephora', 'Good for: Dryness']"
P392245,No Highlights
P400259,"['Good for: Dullness/Uneven Texture', 'Good for: Loss of firmness', 'Community Favorite', 'Vitamin C', 'Clean at Sephora', 'Good for: Dark spots']"
P442566,No Highlights
P429515,No Highlights
P419222,No Highlights
P439926,"['Good for: Dullness/Uneven Texture', 'Good for: Loss of firmness', 'Clean at Sephora', 'Retinol', 'Good for: Anti-Aging', 'Good for: Dark spots']"
P454120,No Highlights
P419223,No Highlights
P460515,"['Vegan', 'Clean at Sephora', 'Good for: Dryness', 'Fragrance Free']"
P462347,"['Vegan', 'Clean at Sephora', 'Good for: Dryness', 'Fragrance Free']"
P419221,No Highlights
P470024,"['Good for: Dullness/Uneven Texture', 'Good for: Loss of firmness', 'Lactic Acid', 'Clean at Sephora', 'Good for: Anti-Aging', 'allure 2021 Best of Beauty Award Winner']"
P466117,"['Clean at Sephora', 'Good for: Dryness']"
P405584,"['Clean at Sephora', 'Best for Dry, Combo, Normal Skin']"
P457687,"['Clean at Sephora', 'Good for: Dryness']"
P457205,"['AHA/Glycolic Acid', 'Good for: Volume', 'Good for: Oily Scalp', 'Good for: Flaky/Dry Scalp', 'All Hair Types', 'Clean at Sephora']"
P457685,"['Fragrance Free', 'Cruelty-Free', 'Vegan', 'Clean at Sephora']"
P476671,No Highlights
P477985,"['Vegan', 'Clean at Sephora', 'Retinol', 'Good for: Anti-Aging', 'Good for: Acne/Blemishes', 'Without Silicones']"
P392248,"['Clean at Sephora', 'Good for: Dryness']"
P501028,"['Good for: Loss of firmness', 'Clean at Sephora', 'Good for: Anti-Aging', 'Good for: Dryness', 'Without Formaldehydes', 'Without Parabens']"
P503693,"['Good for: Redness', 'Good for: Dullness/Uneven Texture', 'Cream Formula', 'Good for: Pores', 'Salicylic Acid', 'Good for: Dark spots']"
P457202,"['Good for: Color Care', 'Increases Shine', 'Without Sulfates SLS & SLES', 'Without Silicones', 'All Hair Types', 'Clean at Sephora']"
P475535,"['Good for: Dullness/Uneven Texture', 'Community Favorite', 'Good for: Pores', 'Clean at Sephora', 'Good for: Anti-Aging', 'AHA/Glycolic Acid']"
P457204,"['Clean at Sephora', 'Good for: Dryness']"
P392249,"['Good for: Dryness', 'Cruelty-Free', 'Vegan', 'Clean at Sephora']"
P457686,"['Vegan', 'Clean at Sephora', 'Good for: Dryness', 'Cruelty-Free']"
P472160,"['Vegan', 'Good for: Dullness/Uneven Texture', 'Clean at Sephora', 'Good for: Dryness', 'Fragrance Free', 'Without Silicones']"
P457203,"['Good for: Color Care', 'Good for: Dryness', 'Increases Shine', 'Without Silicones', 'All Hair Types', 'Clean at Sephora']"
P424378,No Highlights
P465752,"['Good for: Dullness/Uneven Texture', 'Good for: Loss of firmness', 'Community Favorite', 'Clean at Sephora', 'Good for: Anti-Aging', 'Good for: Dryness']"
P473304,No Highlights
P440658,"['Clean at Sephora', 'Best for Dry, Combo, Normal Skin']"
P471761,No Highlights
P450947,"['Good for: Dullness/Uneven Texture', 'Good for: Loss of firmness', 'Clean at Sephora', 'Retinol', 'Good for: Anti-Aging', 'Good for: Dark spots']"
P482669,"['Good for: Redness', 'Good for: Loss of firmness', 'Clean at Sephora', 'Best for Dry, Combo, Normal Skin', 'Alcohol Free', 'Good for: Dark spots']"
P500601,"['Good for: Dullness/Uneven Texture', 'Good for: Loss of firmness', 'Clean at Sephora', 'Good for: Dryness', 'Without Parabens', 'Best for Dry, Combo, Normal Skin']"
P500617,"['Vegan', 'Good for: Dullness/Uneven Texture', 'Clean at Sephora', 'Good for: Dryness', 'Without Parabens', 'Best for Dry, Combo, Normal Skin']"
P500600,"['Good for: Color Care', 'Clean at Sephora', 'All Hair Types', 'Good for: Dryness', 'Good for: Flaky/Dry Scalp', 'Increases Shine']"
P502964,"['Vegan', 'Clean at Sephora', 'Retinol', 'Good for: Anti-Aging', 'Good for: Acne/Blemishes', 'Without Silicones']"
P503159,"['Good for: Redness', 'Good for: Loss of firmness', 'Clean at Sephora', 'Best for Dry, Combo, Normal Skin', 'Alcohol Free', 'Good for: Dark spots']"
P471547,"['Vegan', 'Community Favorite', 'Clean at Sephora', 'Fragrance Free', 'Without Sulfates SLS & SLES']"
P500605,"['Good for: Color Care', 'Clean at Sephora', 'All Hair Types', 'Good for: Dryness', 'Good for: Flaky/Dry Scalp', 'Increases Shine']"
P500603,"['Good for: Color Care', 'Clean at Sephora', 'All Hair Types', 'Good for: Dryness', 'Good for: Flaky/Dry Scalp', 'Increases Shine']"
P503294,"['Vegan', 'Good for: Dullness/Uneven Texture', 'Good for: Loss of firmness', 'Vitamin C', 'Hydrating', 'Clean at Sephora']"
P501591,"['Vegan', 'Good for: Dullness/Uneven Texture', 'Clean at Sephora', 'Good for: Anti-Aging', 'Good for: Dryness', 'Best for Dry, Combo, Normal Skin']"
P500983,"['Best for Combination Skin', 'Good for: Dullness/Uneven Texture', 'Good for: Loss of firmness', 'Clean at Sephora', 'Without Sulfates SLS & SLES']"
P505120,"['Good for: Dullness/Uneven Texture', 'Good for: Loss of firmness', 'Vitamin C', 'Good for: Dark Circles', 'Clean at Sephora', 'Good for: Dryness']"
P378169,"['Good for: Volume', 'All Hair Types', 'Without Sulfates SLS & SLES', 'Good for: Oily Scalp']"
P388515,"['Good for: Volume', 'All Hair Types', 'Without Sulfates SLS & SLES']"
P378162,No Highlights
P453282,"['Good for: Volume', 'All Hair Types', 'Good for: Frizz']"
P388516,No Highlights
P411585,"['Heat Protection', 'All Hair Types', 'Good for: Dryness', 'Good for: Frizz', 'Without Sulfates SLS & SLES']"
P434224,"['Heat Protection', 'All Hair Types', 'Good for: Frizz', 'Without Sulfates SLS & SLES']"
P378161,"['All Hair Types', 'Good for: Frizz']"
P420600,['All Hair Types']
P434223,"['All Hair Types', 'Good for: Frizz', 'Increases Shine']"
P462678,"['Heat Protection', 'All Hair Types', 'Good for: Frizz', 'Without Sulfates SLS & SLES', 'Increases Shine']"
P399335,"['All Hair Types', 'Prevents Color Fading', 'Reduces Brassiness', 'Without Sulfates SLS & SLES', 'Increases Shine']"
P401605,"['All Hair Types', 'Good for: Frizz', 'Increases Shine']"
P378166,No Highlights
P467618,"['All Hair Types', 'Good for: Frizz', 'Curly Hair', 'Wavy Hair', 'Increases Shine']"
P429547,No Highlights
P463035,"['Curl-Enhancing', 'All Hair Types']"
P382289,No Highlights
P378163,No Highlights
P479950,"['Vegan', 'All Hair Types', 'Good for: Frizz', 'Without Sulfates SLS & SLES', 'Increases Shine', 'Cruelty-Free']"
P378171,No Highlights
P422243,No Highlights
P409921,No Highlights
P395399,No Highlights
P448866,No Highlights
P422603,"['Curl-Enhancing', 'All Hair Types', 'Good for: Frizz']"
P417004,No Highlights
P440278,"['Heat Protection', 'All Hair Types', 'Good for: Dryness', 'Good for: Frizz', 'Without Sulfates SLS & SLES']"
P448441,No Highlights
P414092,No Highlights
P399336,No Highlights
P378165,No Highlights
P378170,No Highlights
P426202,"['Good for: Volume', 'All Hair Types', 'Without Sulfates SLS & SLES']"
P378167,No Highlights
P395398,No Highlights
P454055,"['All Hair Types', 'Good for: Dryness', 'Good for: Frizz', 'Without Sulfates SLS & SLES', 'Increases Shine']"
P479951,"['Vegan', 'Heat Protection', 'Good for: Frizz', 'Coily Hair', 'Without Sulfates SLS & SLES', 'Cruelty-Free']"
P454054,"['All Hair Types', 'Good for: Dryness', 'Good for: Frizz', 'Without Sulfates SLS & SLES', 'Increases Shine']"
P429007,No Highlights
P428060,"['Good for: Volume', 'All Hair Types', 'Without Sulfates SLS & SLES', 'Good for: Oily Scalp']"
P480442,"['Good for: Volume', 'All Hair Types', 'Good for: Frizz', 'Increases Shine']"
P422244,No Highlights
P441828,No Highlights
P454752,No Highlights
P384469,No Highlights
P467114,"['Heat Protection', 'All Hair Types', 'Good for: Frizz', 'Without Sulfates SLS & SLES']"
P443757,No Highlights
P501727,"['Volumizing', 'Good for: Volume', 'All Hair Types', 'Good for: Frizz', 'Curling', 'Increases Shine']"
P440678,No Highlights
P457238,No Highlights
P501734,"['All Hair Types', 'Good for: Frizz', 'Curly Hair', 'Wavy Hair', 'Increases Shine']"
P501758,"['Vegan', 'Hyaluronic Acid', 'Hydrating', 'All Hair Types', 'Good for: Dryness', 'Niacinamide']"
P475092,"['All Hair Types', 'Good for: Frizz', 'Increases Shine']"
P449576,No Highlights
P461443,No Highlights
P476852,"['Heat Protection', 'Curl-Enhancing', 'Coily Hair', 'Good for: Frizz', 'Curly Hair', 'Good for: Dryness']"
P475093,"['Good for: Damage', 'All Hair Types', 'Without Phthalates', 'Prevents Color Fading', 'Without Sulfates SLS & SLES', 'Cruelty-Free']"
P475094,"['Good for: Damage', 'All Hair Types', 'Without Phthalates', 'Prevents Color Fading', 'Without Sulfates SLS & SLES', 'Cruelty-Free']"
P469466,"['All Hair Types', 'allure 2021 Best of Beauty Award Winner', 'Good for: Frizz', 'Increases Shine']"
P472465,"['Vegan', 'Loose Powder Formula', 'All Hair Types', 'Fragrance Free', 'Without Parabens']"
P475095,"['Good for: Damage', 'All Hair Types', 'Without Phthalates', 'Prevents Color Fading', 'Without Sulfates SLS & SLES', 'Cruelty-Free']"
P501799,"['Vegan', 'Hyaluronic Acid', 'Hydrating', 'All Hair Types', 'Good for: Dryness', 'Niacinamide']"
P501786,"['Vegan', 'Hyaluronic Acid', 'Hydrating', 'All Hair Types', 'Good for: Dryness', 'Niacinamide']"
P469838,"['Good for: Volume', 'All Hair Types', 'Good for: Frizz', 'Increases Shine']"
P476853,"['Vegan', 'Medium Hold', 'Good for: Frizz', 'Coily Hair', 'Curly Hair', 'Cruelty-Free']"
P504589,"['Lactic Acid', 'Without Phthalates', 'AHA/Glycolic Acid', 'Without Parabens', 'Good for: Flaky/Dry Scalp', 'Good for: Oily Scalp']"
P476850,"['Curl-Enhancing', 'Good for: Frizz', 'Coily Hair', 'Curly Hair', 'Wavy Hair', 'Cruelty-Free']"
P476851,"['Good for: Damage', 'Curl-Enhancing', 'Good for: Frizz', 'Curly Hair', 'Good for: Dryness', 'Cruelty-Free']"
P504608,"['Lactic Acid', 'Without Phthalates', 'Without Parabens', 'Without Silicones', 'Good for: Flaky/Dry Scalp', 'Good for: Oily Scalp']"
P505044,"['Vegan', 'Good for: Volume', 'Heat Protection', 'All Hair Types', 'Without Sulfates SLS & SLES', 'Increases Shine']"
P387891,No Highlights
P475932,"['Good for: Dullness/Uneven Texture', 'Vitamin C', 'Fragrance Free', 'Good for: Dark spots', 'Niacinamide', 'Black Owned at Sephora']"
P481701,"['Good for: Dullness/Uneven Texture', 'Hydrating', 'Clean at Sephora', 'Good for: Anti-Aging', 'Fragrance Free', 'Good for: Dark spots']"
P501421,"['Vegan', 'Good for: Dullness/Uneven Texture', 'Hydrating', 'Clean at Sephora', 'Good for: Dryness', 'Best for Oily, Combo, Normal Skin']"
P416049,No Highlights
P412047,"['Vegan', 'Layerable Scent', 'Clean + Planet Positive', 'Fresh Scent']"
P482527,"['Vegan', 'Clean + Planet Positive', 'Without Phthalates', 'Cruelty-Free']"
P457892,"['allure 2020 Best of Beauty Award Winner', 'Clean + Planet Positive', 'Vegan', 'Warm &Spicy Scent']"
P482673,"['Vegan', 'Clean + Planet Positive', 'Without Phthalates', 'Without Parabens', 'Cruelty-Free']"
P471021,"['Vegan', 'Warm &Spicy Scent', 'Clean + Planet Positive', 'Without Phthalates', 'Without Parabens']"
P457894,"['allure 2020 Best of Beauty Award Winner', 'Clean + Planet Positive', 'Vegan', 'Warm &Spicy Scent']"
P482672,"['Clean + Planet Positive', 'Cruelty-Free', 'Vegan', 'Without Parabens', 'Without Phthalates']"
P471020,"['Clean + Planet Positive', 'Vegan', 'Without Parabens', 'Without Phthalates', 'Warm &Spicy Scent']"
P457891,"['Clean + Planet Positive', 'Vegan', 'Layerable Scent']"
P502030,"['Vegan', 'Sustainable Packaging', 'Clean + Planet Positive', 'Without Phthalates', 'Without Parabens', 'Cruelty-Free']"
P501984,"['Vegan', 'Sustainable Packaging', 'Clean + Planet Positive', 'Without Phthalates', 'Without Parabens', 'Cruelty-Free']"
P412046,"['Clean + Planet Positive', 'Floral Scent', 'Vegan', 'Without Phthalates']"
P457893,"['Clean + Planet Positive', 'Vegan', 'Layerable Scent']"
P475934,"['Vegan', 'Clean + Planet Positive', 'Without Phthalates', 'Without Parabens', 'Cruelty-Free']"
P470525,"['Vegan', 'Warm &Spicy Scent', 'Clean + Planet Positive', 'Fresh Scent']"
P431155,"['Vegan', 'Layerable Scent', 'Clean + Planet Positive', 'Fresh Scent']"
P479315,"['Vegan', 'Clean at Sephora', 'Without Phthalates', 'Without Parabens', 'Cruelty-Free']"
P421215,"['Clean + Planet Positive', 'Vegan', 'Warm &Spicy Scent', 'Without Phthalates']"
P475933,"['Vegan', 'Clean + Planet Positive', 'Without Phthalates', 'Without Parabens', 'Cruelty-Free']"
P444199,"['Vegan', 'Unisex/ Genderless Scent', 'Clean + Planet Positive', 'Fresh Scent']"
P441730,"['Vegan', 'Warm &Spicy Scent', 'Clean + Planet Positive', 'Without Phthalates']"
P479314,"['Clean at Sephora', 'Cruelty-Free', 'Vegan', 'Without Parabens', 'Without Phthalates']"
P473306,"['Clean + Planet Positive', 'Vegan', 'Without Silicones', 'Good for: Dryness', 'Good for: Dullness/Uneven Texture']"
P444417,"['Clean + Planet Positive', 'CBD', 'Vegan', 'Without Silicones', 'Without Mineral Oil']"
P476672,"['Vegan', 'Clean + Planet Positive', 'Without Phthalates', 'Without Parabens', 'Cruelty-Free']"
P449551,"['Vegan', 'Unisex/ Genderless Scent', 'Clean + Planet Positive', 'Fresh Scent']"
P501769,"['Vegan', 'Clean + Planet Positive', 'Without Phthalates', 'Cruelty-Free']"
P500158,"['Vegan', 'Layerable Scent', 'Good for: Dullness/Uneven Texture', 'Clean + Planet Positive', 'Good for: Dryness', 'Without Silicones']"
P454971,"['Clean + Planet Positive', 'CBD', 'Vegan', 'Without Silicones', 'Without Mineral Oil']"
P501447,"['Vegan', 'Sustainable Packaging', 'Clean at Sephora', 'Without Sulfates SLS & SLES', 'Cruelty-Free']"
P501348,"['Vegan', 'Clean at Sephora', 'Without Phthalates', 'Cruelty-Free']"
P418546,"['Vegan', 'Unisex/ Genderless Scent', 'Clean + Planet Positive', 'Fresh Scent', 'Without Phthalates']"
P463287,"['Vegan', 'Unisex/ Genderless Scent', 'Layerable Scent', 'Clean + Planet Positive', 'Hypoallergenic']"
P453911,"['Clean + Planet Positive', 'Hypoallergenic', 'Layerable Scent', 'Unisex/ Genderless Scent', 'Vegan']"
P461158,"['Clean + Planet Positive', 'CBD', 'Vegan', 'Good for: Dryness', 'Without Silicones']"
P505218,"['Vegan', 'Sustainable Packaging', 'Clean + Planet Positive', 'Without Phthalates', 'Without Parabens', 'Cruelty-Free']"
P431156,"['Clean + Planet Positive', 'Floral Scent', 'Vegan', 'Without Phthalates']"
P478260,"['Good for: Pores', 'Good for: Dark Circles', 'Good for: Acne/Blemishes', 'Best for Oily, Combo, Normal Skin']"
P478270,"['Without Sulfates SLS & SLES', 'Without Phthalates', 'Without Parabens', 'Good for: Dullness/Uneven Texture', 'AHA/Glycolic Acid']"
P378284,"['Liquid Formula', 'Community Favorite', 'Matte Finish', 'Long-wearing', 'Full Coverage', 'Oil Free']"
P479839,"['Hyaluronic Acid', 'Good for: Loss of firmness', 'Hydrating', 'Good for: Anti-Aging']"
P481084,"['Hyaluronic Acid', 'Good for: Loss of firmness', 'Hydrating', 'Good for: Anti-Aging']"
P461159,"['Hyaluronic Acid', 'Good for: Dullness/Uneven Texture', 'Good for: Loss of firmness', 'Good for: Anti-Aging', 'Best for Dry, Combo, Normal Skin']"
P461160,"['Good for: Dullness/Uneven Texture', 'Hyaluronic Acid', 'Good for: Pores', 'Good for: Anti-Aging', 'Oil Free', 'Without Parabens']"
P461933,"['Good for: Dullness/Uneven Texture', 'Hyaluronic Acid', 'Good for: Pores', 'Good for: Anti-Aging', 'Oil Free', 'Without Parabens']"
P500701,"['Hyaluronic Acid', 'Good for: Dark Circles', 'Hydrating', 'Good for: Anti-Aging']"
P473820,"['Good for: Loss of firmness', 'Good for: Dark Circles', 'Without Mineral Oil', 'Good for: Anti-Aging', 'Without Parabens', 'Without Sulfates SLS & SLES']"
P454063,"['Radiant Finish', 'Liquid Formula', 'Plumping', 'Hydrating', 'Medium Coverage', 'SPF']"
P379951,"['Liquid Formula', 'Medium Coverage', 'Natural Finish', 'Long-wearing', 'Oil Free', 'Good for: Dark Circles']"
P501176,"['Plumping', 'Hydrating', 'Good for: Dryness']"
P475536,"['Light Coverage', 'Without Mineral Oil', 'Matte Finish', 'Without Phthalates', 'Without Parabens', 'SPF']"
P441306,"['Pressed Powder Formula', 'Matte Finish', 'Long-wearing', 'Medium Coverage', 'Best for Oily, Combo, Normal Skin']"
P427045,No Highlights
P380000,"['Good for: Dullness/Uneven Texture', 'Good for: Anti-Aging', 'Good for: Dryness', 'SPF', 'Best for Dry, Combo, Normal Skin']"
P384114,No Highlights
P482529,"['Good for: Redness', 'Hydrating']"
P422280,"['Cream Formula', 'Matte Finish', 'Oil Free', 'Best for Oily, Combo, Normal Skin']"
P379945,"['Lengthening', 'Volumizing', 'Curling']"
P380027,"['Good for: Pores', 'Best for Dry, Combo, Normal Skin']"
P379995,No Highlights
P460732,"['Radiant Finish', 'Cream Formula', 'Hyaluronic Acid', 'Plumping', 'Hydrating']"
P406529,No Highlights
P422648,"['Best for Oily Skin', 'Good for: Pores', 'Good for: Anti-Aging', 'Good for: Dryness', 'Oil Free']"
P399934,No Highlights
P392892,No Highlights
P446908,"['Good for: Redness', 'Good for: Dullness/Uneven Texture', 'Hyaluronic Acid', 'Good for: Dryness', 'Best for Dry, Combo, Normal Skin']"
P380030,No Highlights
P422649,"['Good for: Loss of firmness', 'Good for: Anti-Aging', 'Good for: Dryness', 'Best for Dry, Combo, Normal Skin']"
P408273,No Highlights
P405032,No Highlights
P454939,"['Good for: Dullness/Uneven Texture', 'Vitamin C', 'Good for: Dryness', 'Oil Free', 'Best for Dry, Combo, Normal Skin', 'Good for: Dark spots']"
P380001,No Highlights
P392891,No Highlights
P379947,No Highlights
P417359,No Highlights
P427513,No Highlights
P482263,"['Pressed Powder Formula', 'Full Coverage', 'Matte Finish', 'Waterproof', 'Long-wearing']"
P446102,"['Good for: Dullness/Uneven Texture', 'Good for: Anti-Aging', 'Good for: Dryness', 'SPF', 'Best for Dry, Combo, Normal Skin']"
P427640,No Highlights
P481081,"['Hydrating', 'Good for: Anti-Aging', 'Good for: Loss of firmness', 'Hyaluronic Acid']"
P481082,"['Hyaluronic Acid', 'Good for: Loss of firmness', 'Hydrating', 'Good for: Dark Circles', 'Good for: Anti-Aging']"
P501153,"['Good for: Anti-Aging', 'Good for: Dryness']"
P481397,"['Good for: Loss of firmness', 'Vitamin C', 'Hydrating', 'Good for: Anti-Aging', 'Without Parabens', 'Good for: Dark spots']"
P505174,['Best for Dry Skin']
P418861,"['Cream Formula', 'Matte Finish', 'Oil Free', 'Best for Oily, Combo, Normal Skin']"
P230538,"['Clean at Sephora', 'Hydrating']"
P2043,"['Clean at Sephora', 'Hydrating']"
P2046,"['Clean at Sephora', 'Hydrating']"
P456953,"['Vegan', 'Clean at Sephora', 'All Hair Types', 'Good for: Dryness', 'Without Silicones', 'Increases Shine']"
P474945,"['Vegan', 'Clean at Sephora', 'All Hair Types', 'Good for: Dryness', 'Without Silicones', 'Increases Shine']"
P456950,"['Clean at Sephora', 'Good for: Damage', 'Increases Shine', 'Without Silicones', 'All Hair Types', 'Vegan']"
P475935,"['Hydrating', 'Clean at Sephora', 'All Hair Types', 'Without Silicones', 'Good for: Flaky/Dry Scalp']"
P456952,"['Clean at Sephora', 'Without Sulfates SLS & SLES', 'All Hair Types', 'Hydrating', 'Good for: Flaky/Dry Scalp', 'Vegan']"
P477816,"['Clean at Sephora', 'Vegan', 'Warm &Spicy Scent', 'Without Silicones', 'Good for: Flaky/Dry Scalp', 'Without Sulfates SLS & SLES']"
P456951,"['Clean at Sephora', 'Good for: Frizz', 'All Hair Types', 'Without Silicones', 'Vegan']"
P504117,"['Vegan', 'Heat Protection', 'Clean at Sephora', 'All Hair Types', 'Good for: Frizz', 'Increases Shine']"
P484042,"['Hydrating', 'UV Protection', 'Vegan', 'Without Silicones', 'All Hair Types', 'Clean at Sephora']"
P480443,"['Good for: Damage', 'Vegan', 'Clean at Sephora', 'Good for: Hair Thinning', 'All Hair Types', 'Without Silicones']"
P476673,"['Good for: Damage', 'Good for: Hair Thinning', 'All Hair Types', 'Cruelty-Free']"
P501424,"['Vegan', 'Hydrating', 'Clean at Sephora', 'Without Silicones', 'Good for: Flaky/Dry Scalp', 'Good for: Oily Scalp']"
P476683,"['Good for: Loss of firmness', 'Good for: Dryness', 'Good for: Anti-Aging', 'Without Sulfates SLS & SLES']"
P482675,"['Vegan', 'Collagen', 'Clean at Sephora', 'Good for: Anti-Aging', 'Cruelty-Free']"
P476679,"['Good for: Loss of firmness', 'Good for: Anti-Aging', 'Good for: Dullness/Uneven Texture', 'Hypoallergenic']"
P481086,"['Hydrating', 'Vitamin C', 'Niacinamide', 'Vegan', 'Cruelty-Free']"
P476678,"['Good for: Anti-Aging', 'Good for: Dryness', 'Good for: Loss of firmness', 'Without Sulfates SLS & SLES', 'Without Parabens']"
P476674,"['Good for: Pores', 'Good for: Dullness/Uneven Texture', 'Alcohol Free', 'Cruelty-Free', 'Without Sulfates SLS & SLES']"
P476675,"['Best for Dry, Combo, Normal Skin', 'Good for: Dryness', 'Good for: Loss of firmness', 'Niacinamide', 'Hyaluronic Acid', 'Without Parabens']"
P500705,"['Vegan', 'Good for: Dullness/Uneven Texture', 'Clean at Sephora', 'Good for: Acne/Blemishes', 'Cruelty-Free']"
P501017,"['Refill Available', 'Hyaluronic Acid', 'Good for: Dullness/Uneven Texture', 'Clean at Sephora', 'Best for Dry, Combo, Normal Skin', 'Niacinamide']"
P476676,"['Good for: Redness', 'Good for: Anti-Aging', 'Hyaluronic Acid', 'Vitamin C', 'Without Sulfates SLS & SLES', 'Without Parabens']"
P476680,"['Good for: Loss of firmness', 'Good for: Anti-Aging', 'Good for: Dullness/Uneven Texture', 'Hypoallergenic']"
P501004,"['Refill Available', 'Hyaluronic Acid', 'Clean at Sephora', 'Retinol', 'Best for Dry, Combo, Normal Skin', 'Niacinamide']"
P480300,"['Refill Available', 'Good for: Dullness/Uneven Texture', 'AHA/Glycolic Acid', 'Good for: Dark spots']"
P476681,"['Good for: Dryness', 'Hyaluronic Acid', 'Refill Available', 'Good for: Dullness/Uneven Texture', 'Without Sulfates SLS & SLES']"
P501024,"['Refill Available', 'Hyaluronic Acid', 'Clean at Sephora', 'Good for: Dryness', 'Best for Dry, Combo, Normal Skin', 'Niacinamide']"
P476677,"['Good for: Anti-Aging', 'Refill Available', 'Good for: Loss of firmness', 'Without Sulfates SLS & SLES', 'Without Parabens']"
P417238,"['Vegan', 'Good for: Dullness/Uneven Texture', 'Clean + Planet Positive', 'Without Mineral Oil', 'Cruelty-Free', 'allure 2017 Best of Beauty Award Winner']"
P450271,"['Good for: Dullness/Uneven Texture', 'Community Favorite', 'Clean + Planet Positive', 'Without Mineral Oil', 'Best for Oily, Combo, Normal Skin']"
P434548,"['Good for: Dullness/Uneven Texture', 'Clean + Planet Positive', 'Good for: Dark Circles', 'AHA/Glycolic Acid', 'Cruelty-Free']"
P458209,"['Good for: Pores', 'Clean + Planet Positive', 'Best for Oily, Combo, Normal Skin', 'Niacinamide', 'Cruelty-Free']"
P463036,"['Best for Dry Skin', 'Clean + Planet Positive', 'Good for: Anti-Aging', 'Good for: Dryness', 'Without Parabens', 'Without Silicones']"
P471025,"['Hyaluronic Acid', 'Clean + Planet Positive', 'Hydrating', 'Good for: Anti-Aging', 'Good for: Dryness', 'Best for Dry, Combo, Normal Skin']"
P479318,"['Good for: Dullness/Uneven Texture', 'Good for: Pores', 'Clean + Planet Positive', 'Hydrating', 'Niacinamide', 'Cruelty-Free']"
P431187,"['Good for: Dullness/Uneven Texture', 'Hyaluronic Acid', 'Clean + Planet Positive', 'Good for: Dryness', 'Cruelty-Free']"
P428416,"['Natural Finish', 'Good for: Dullness/Uneven Texture', 'Clean + Planet Positive', 'Hydrating', 'Good for: Dryness', 'Cruelty-Free']"
P482676,"['Good for: Dullness/Uneven Texture', 'Good for: Loss of firmness', 'Clean + Planet Positive', 'Vitamin C', 'Good for: Dark spots', 'Cruelty-Free']"
P459141,"['Vegan', 'Clean + Planet Positive', 'Good for: Pores', 'Best for Oily, Combo, Normal Skin', 'Without Parabens', 'Cruelty-Free']"
P480301,"['Vegan', 'Good for: Pores', 'Clean + Planet Positive', 'Salicylic Acid', 'Best for Oily, Combo, Normal Skin', 'Cruelty-Free']"
P433616,"['Good for: Dullness/Uneven Texture', 'Community Favorite', 'Clean + Planet Positive', 'Without Mineral Oil', 'Best for Oily, Combo, Normal Skin', 'Cruelty-Free']"
P477157,"['Vegan', 'Good for: Dullness/Uneven Texture', 'Clean + Planet Positive', 'Fragrance Free', 'Cruelty-Free']"
P503879,"['Good for: Dullness/Uneven Texture', 'Vitamin C', 'Clean + Planet Positive', 'Good for: Dark Circles', 'Good for: Anti-Aging', 'Good for: Dryness']"
P414293,"['Clean + Planet Positive', 'Hydrating', 'Good for: Dark Circles', 'Good for: Dryness', 'Without Parabens', 'Best for Dry, Combo, Normal Skin']"
P466661,"['Good for: Pores', 'Clean + Planet Positive', 'Without Mineral Oil', 'Oil Free', 'Best for Oily, Combo, Normal Skin', 'Cruelty-Free']"
P500288,"['Good for: Dullness/Uneven Texture', 'Good for: Loss of firmness', 'Clean + Planet Positive', 'Retinol', 'Good for: Anti-Aging', 'Fragrance Free']"
P473307,"['Good for: Dullness/Uneven Texture', 'Clean + Planet Positive', 'Hydrating', 'Good for: Dryness', 'AHA/Glycolic Acid', 'Salicylic Acid']"
P444226,"['Clean + Planet Positive', 'Good for: Dark Circles', 'Hydrating', 'Good for: Dryness', 'Without Parabens', 'Cruelty-Free']"
P449188,No Highlights
P450942,"['Clean + Planet Positive', 'Hydrating']"
P480302,"['Vegan', 'Good for: Dullness/Uneven Texture', 'Clean + Planet Positive', 'Fragrance Free', 'Cruelty-Free']"
P475540,"['Best for Dry Skin', 'Clean + Planet Positive', 'Good for: Anti-Aging', 'Good for: Dryness', 'Without Parabens', 'Without Silicones']"
P480165,"['Good for: Dullness/Uneven Texture', 'Clean + Planet Positive', 'Hydrating', 'Good for: Dryness', 'AHA/Glycolic Acid']"
P504022,"['Good for: Dullness/Uneven Texture', 'Good for: Pores', 'Clean + Planet Positive', 'Hydrating', 'Niacinamide', 'Cruelty-Free']"
P480444,"['Good for: Dullness/Uneven Texture', 'Clean + Planet Positive', 'Hydrating', 'Good for: Dryness', 'Cruelty-Free']"
P504003,"['Good for: Pores', 'Clean + Planet Positive', 'Without Mineral Oil', 'Oil Free', 'Best for Oily, Combo, Normal Skin', 'Cruelty-Free']"
P503997,"['Good for: Dullness/Uneven Texture', 'Clean + Planet Positive', 'Good for: Pores', 'Without Parabens', 'Niacinamide', 'Cruelty-Free']"
P476493,"['Vegan', 'Shimmer Finish', 'Hydrating', 'Satin Finish', 'Cruelty-Free']"
P476444,"['Natural Finish', 'Cream Formula', 'Vitamin C', 'Fragrance Free', 'Medium Coverage', 'Cruelty-Free']"
P476556,"['Vegan', 'Stick Formula', 'Natural Finish', 'Hydrating', 'Full Coverage', 'Cruelty-Free']"
P476550,"['Light Coverage', 'Vegan', 'Loose Powder Formula', 'Matte Finish', 'Fragrance Free', 'Cruelty-Free']"
P476494,"['Vegan', 'Pressed Powder Formula', 'Fragrance Free', 'Medium Coverage', 'Cruelty-Free']"
P503002,No Highlights
P476456,"['Hyaluronic Acid', 'Liquid Formula', 'Hydrating', 'Fragrance Free', 'Niacinamide', 'Cruelty-Free']"
P502223,"['Vegan', 'Radiant Finish', 'Hydrating', 'Long-wearing', 'Black Owned at Sephora', 'Cruelty-Free']"
P503003,"['Vegan', 'Radiant Finish', 'Cream Formula', 'Black Owned at Sephora', 'Cruelty-Free']"
P67988453,"['Vegan', 'Community Favorite', 'Shimmer Finish']"
P87985432,"['Long-wearing', 'Full Coverage', 'Best for Oily, Combo, Normal Skin']"
P39787544,"['Vegan', 'Community Favorite', 'Long-wearing', 'Matte Finish']"
P18975403,"['Stick Formula', 'Long-wearing', 'Matte Finish']"
P64879845,No Highlights
P470025,"['Light Coverage', 'Vegan', 'Natural Finish', 'Liquid Formula', 'Long-wearing']"
P85225585,No Highlights
P19700127,"['Natural Finish', 'Vegan', 'Community Favorite']"
P88779809,"['Vegan', 'Community Favorite', 'Long-wearing', 'Matte Finish', 'Full Coverage']"
P73124556,No Highlights
P473708,"['Vegan', 'High Shine Finish', 'Plumping', 'Without Phthalates', 'Without Parabens']"
P55978864,"['Vegan', 'Community Favorite', 'Matte Finish', 'Long-wearing']"
P465757,"['Vegan', 'High Shine Finish']"
P45433019,No Highlights
P88779810,"['Vegan', 'Community Favorite', 'Matte Finish']"
P448702,"['Vegan', 'Natural Finish', 'Community Favorite', 'Long-wearing', 'Medium Coverage']"
P39784685,"['Long-wearing', 'Matte Finish']"
P04546871,No Highlights
P04897543,No Highlights
P67339785,"['High Shine Finish', 'Without Parabens']"
P31870457,"['Vegan', 'Natural Finish', 'Community Favorite']"
P443790,"['Vegan', 'Community Favorite', 'Matte Finish']"
P472161,"['Light Coverage', 'Vegan', 'Natural Finish', 'Hydrating', 'Long-wearing']"
P444149,No Highlights
P466829,"['Vegan', 'Matte Finish', 'Long-wearing', 'Medium Coverage']"
P500061,['Hydrating']
P34908923,No Highlights
P442531,No Highlights
P455193,No Highlights
P17876556,No Highlights
P58789756,No Highlights
P85798546,No Highlights
P54487984,No Highlights
P448703,"['Hydrating', 'Vegan']"
P448878,No Highlights
P502222,"['Vegan', 'High Shine Finish', 'Without Phthalates', 'Without Parabens']"
P97417774,No Highlights
P501462,"['Vegan', 'Shimmer Finish', 'Black Owned at Sephora']"
P45432919,"['Volumizing', 'Curling', 'Lengthening', 'Vegan']"
P66879899,No Highlights
P480303,"['Hydrating', 'Long-wearing', 'Matte Finish']"
P97832786,No Highlights
P37544587,No Highlights
P58978876,No Highlights
P447718,No Highlights
P447551,"['Matte Finish', 'Vegan']"
P71078978,No Highlights
P504872,No Highlights
P44332878,No Highlights
P503757,"['Unisex/ Genderless Scent', 'Floral Scent']"
P15798548,No Highlights
P444926,No Highlights
P476525,"['Vegan', 'Community Favorite', 'Long-wearing', 'Full Coverage', 'Best for Oily, Combo, Normal Skin']"
P461934,No Highlights
P7845152640,No Highlights
P74557577,No Highlights
P463037,"['Hydrating', 'Vegan']"
P471236,"['Shimmer Finish', 'Vegan']"
P458193,"['Volumizing', 'Curling', 'Lengthening', 'Vegan']"
P457811,No Highlights
P455188,No Highlights
P469816,"['Vegan', 'Shimmer Finish']"
P479634,"['Vegan', 'Shimmer Finish', 'Cruelty-Free']"
P31285448,No Highlights
P501312,"['Radiant Finish', 'Hydrating', 'Black Owned at Sephora']"
P31145789,No Highlights
P456148,No Highlights
P40999785,No Highlights
P448704,No Highlights
P481357,No Highlights
P503178,"['Vegan', 'Shimmer Finish', 'Black Owned at Sephora', 'Cruelty-Free']"
P463038,"['Matte Finish', 'Vegan']"
P503158,"['Vegan', 'Natural Finish', 'Cream Formula', 'Black Owned at Sephora']"
P48653278,No Highlights
P454334,No Highlights
P501436,"['Stick Formula', 'Long-wearing', 'Matte Finish']"
P454333,No Highlights
P454335,No Highlights
P504069,"['Vegan', 'Without Phthalates', 'Without Parabens', 'Black Owned at Sephora', 'Cruelty-Free']"
P504632,No Highlights
P501262,"['Long-wearing', 'Matte Finish']"
P472162,No Highlights
P467249,"['Refill Available', 'Hyaluronic Acid', 'Hydrating', 'Clean at Sephora', 'Oil Free', 'Black Owned at Sephora']"
P500307,"['Vegan', 'Hydrating', 'Clean at Sephora', 'Good for: Dryness', 'Black Owned at Sephora', 'Cruelty-Free']"
P467248,"['Vegan', 'Good for: Pores', 'Clean at Sephora', 'Alcohol Free', 'Good for: Dark spots', 'Black Owned at Sephora']"
P467247,"['Good for: Pores', 'Vitamin C', 'Clean at Sephora', 'Oil Free', 'Black Owned at Sephora', 'Cruelty-Free']"
P482264,"['Good for: Dullness/Uneven Texture', 'Good for: Pores', 'Clean at Sephora', 'Fragrance Free', 'Salicylic Acid', 'Black Owned at Sephora']"
P503692,"['Vegan', 'Hydrating', 'Clean at Sephora', 'Good for: Dryness', 'Black Owned at Sephora', 'Cruelty-Free']"
P477763,"['Vegan', 'Hydrating', 'Clean at Sephora', 'Good for: Dryness', 'Black Owned at Sephora', 'Cruelty-Free']"
P476516,No Highlights
P474038,"['Vegan', 'Good for: Dullness/Uneven Texture', 'Vitamin C', 'Clean at Sephora', 'Good for: Dryness', 'Black Owned at Sephora']"
P501581,"['Vegan', 'Clean at Sephora', 'Good for: Dryness', 'Black Owned at Sephora', 'Cruelty-Free']"
P500894,"['Good for: Pores', 'Clean at Sephora', 'Good for: Dryness', 'Good for: Dark spots', 'Black Owned at Sephora', 'Niacinamide']"
P467251,"['Good for: Pores', 'Clean at Sephora', 'Oil Free', 'SPF', 'Good for: Dark spots', 'Black Owned at Sephora']"
P503250,"['Refill Available', 'Good for: Dullness/Uneven Texture', 'Vitamin C', 'Clean at Sephora', 'Niacinamide', 'Black Owned at Sephora']"
P479319,"['Good for: Dullness/Uneven Texture', 'Good for: Pores', 'AHA/Glycolic Acid', 'Good for: Dark spots', 'Black Owned at Sephora', 'Cruelty-Free']"
P467250,"['Refill Available', 'Hyaluronic Acid', 'Good for: Loss of firmness', 'Hydrating', 'Niacinamide', 'Black Owned at Sephora']"
P484044,"['Vegan', 'Good for: Dullness/Uneven Texture', 'Hydrating', 'Clean at Sephora', 'Good for: Dryness']"
P504240,"['Refill Available', 'Hyaluronic Acid', 'Good for: Loss of firmness', 'Hydrating', 'Niacinamide', 'Black Owned at Sephora']"
P469087,"['Hyaluronic Acid', 'Hydrating', 'Good for: Dark Circles', 'Good for: Anti-Aging', 'Oil Free', 'Black Owned at Sephora']"
P476485,"['Refill Available', 'Hyaluronic Acid', 'Hydrating', 'Clean at Sephora', 'Oil Free', 'Black Owned at Sephora']"
P501575,"['Recyclable Packaging', 'Black Owned at Sephora']"
P504237,"['Vegan', 'Hydrating', 'Clean at Sephora', 'Good for: Dryness', 'Black Owned at Sephora', 'Cruelty-Free']"
P472311,"['Vegan', 'Good for: Pores', 'Vitamin C', 'Clean at Sephora', 'Oil Free', 'Black Owned at Sephora']"
P476430,"['Vegan', 'Refill Available', 'Vitamin C', 'Hydrating', 'Good for: Dryness', 'Black Owned at Sephora']"
P480166,"['Refill Available', 'Hyaluronic Acid', 'Hydrating', 'Clean at Sephora', 'Oil Free', 'Black Owned at Sephora']"
P504880,"['Vegan', 'Good for: Pores', 'Hydrating', 'Clean at Sephora', 'Good for: Dryness', 'Black Owned at Sephora']"
P476496,"['Refill Available', 'Hyaluronic Acid', 'Good for: Loss of firmness', 'Hydrating', 'Niacinamide', 'Black Owned at Sephora']"
P501886,"['Vegan', 'Good for: Pores', 'Clean at Sephora', 'Good for: Anti-Aging', 'Good for: Dryness', 'Black Owned at Sephora']"
P248407,"['Best for Dry Skin', 'Community Favorite', 'Clean at Sephora', 'Good for: Dryness', 'Fragrance Free', 'Cruelty-Free']"
P248404,"['Good for: Redness', 'Community Favorite', 'Good for: Dark Circles', 'Clean at Sephora', 'Fragrance Free', 'Cruelty-Free']"
P444989,"['Good for: Dullness/Uneven Texture', 'Clean at Sephora', 'Fragrance Free', 'AHA/Glycolic Acid', 'Best for Oily, Combo, Normal Skin', 'Cruelty-Free']"
P278317,"['Good for: Dullness/Uneven Texture', 'Community Favorite', 'Clean at Sephora', 'Fragrance Free', 'Best for Oily, Combo, Normal Skin', 'Cruelty-Free']"
P415237,"['Best for Normal Skin', 'Radiant Finish', 'Oil Free', 'Vegan', 'Cruelty-Free', 'Clean at Sephora']"
P425872,"['Best for Dry Skin', 'Community Favorite', 'Clean at Sephora', 'Good for: Dryness', 'Fragrance Free', 'Cruelty-Free']"
P456995,"['Good for: Dullness/Uneven Texture', 'Clean at Sephora', 'Fragrance Free', 'Best for Oily, Combo, Normal Skin', 'Cruelty-Free']"
P479320,"['Vegan', 'Clean at Sephora', 'AHA/Glycolic Acid', 'Salicylic Acid', 'Alcohol Free', 'Cruelty-Free']"
P426707,"['Best for Combination Skin', 'Good for: Dryness', 'Fragrance Free', 'Cruelty-Free', 'Clean at Sephora']"
P384539,"['Good for: Acne/Blemishes', 'Good for: Pores', 'Cruelty-Free', 'Clean at Sephora']"
P375534,"['Best for Normal Skin', 'Good for: Dryness', 'Fragrance Free', 'Cruelty-Free', 'Clean at Sephora']"
P293008,"['Good for: Redness', 'Good for: Dryness', 'Cruelty-Free', 'Clean at Sephora']"
P425873,"['Good for: Dark Circles', 'Good for: Redness', 'Fragrance Free', 'Cruelty-Free', 'Clean at Sephora', 'Community Favorite']"
P393076,"['Good for: Dark Circles', 'Good for: Loss of firmness', 'Fragrance Free', 'Cruelty-Free', 'Clean at Sephora']"
P468821,"['Good for: Dark Circles', 'Good for: Anti-Aging', 'Collagen', 'Niacinamide', 'Cruelty-Free', 'Clean at Sephora']"
P447603,"['Good for: Dark Circles', 'Good for: Dryness', 'Fragrance Free', 'Cruelty-Free', 'Clean at Sephora']"
P434551,"['Clean at Sephora', 'Vegan', 'Gluten Free']"
P441220,"['allure 2020 Best of Beauty Award Winner', 'Good for: Redness', 'Clean at Sephora', 'Good for: Dryness', 'Cruelty-Free']"
P456994,"['Best for Normal Skin', 'Good for: Dark Circles', 'Fragrance Free', 'Cruelty-Free', 'Clean at Sephora']"
P500756,"['Vegan', 'Good for: Dullness/Uneven Texture', 'Vitamin C', 'Clean at Sephora', 'Fragrance Free', 'Cruelty-Free']"
P455894,"['Best for Oily, Combo, Normal Skin', 'Good for: Pores', 'Good for: Dryness', 'Fragrance Free', 'Cruelty-Free', 'Clean at Sephora']"
P472811,"['Vegan', 'Good for: Dullness/Uneven Texture', 'Lactic Acid', 'Clean at Sephora', 'Good for: Dryness']"
P483658,"['Clean at Sephora', 'Good for: Anti-Aging', 'Fragrance Free', 'UV Protection', 'Cruelty-Free']"
P467115,"['Best for Normal Skin', 'Good for: Dark spots', 'Niacinamide', 'Fragrance Free', 'Cruelty-Free', 'Clean at Sephora']"
P442713,"['Good for: Dark Circles', 'Best for Normal Skin', 'Good for: Anti-Aging', 'Fragrance Free', 'Cruelty-Free', 'Clean at Sephora']"
P416825,"['Clean at Sephora', 'Retinol', 'Good for: Anti-Aging', 'Good for: Dullness/Uneven Texture', 'Vegan', 'Community Favorite']"
P474040,"['Clean at Sephora', 'Vegan', 'All Hair Types', 'Salicylic Acid', 'Good for: Flaky/Dry Scalp']"
P500746,"['Hyaluronic Acid', 'Plumping', 'Hydrating', 'Clean at Sephora', 'Fragrance Free', 'Cruelty-Free']"
P474829,"['Clean at Sephora', 'Vegan', 'Fragrance Free', 'Good for: Dryness', 'Good for: Loss of firmness']"
P503809,"['Collagen', 'Clean at Sephora', 'Good for: Anti-Aging', 'Fragrance Free', 'Best for Dry, Combo, Normal Skin', 'Cruelty-Free']"
P399656,No Highlights
P474039,"['Clean at Sephora', 'All Hair Types', 'Good for: Flaky/Dry Scalp', 'Without Sulfates SLS & SLES', 'Without Parabens']"
P461161,"['Good for: Pores', 'Good for: Acne/Blemishes', 'Salicylic Acid', 'Cruelty-Free', 'Vegan', 'Clean at Sephora']"
P480603,"['Best for Dry, Combo, Normal Skin', 'Without Sulfates SLS & SLES', 'Vegan', 'Fragrance Free', 'Cruelty-Free', 'Clean at Sephora']"
P479840,"['Clean at Sephora', 'Vegan', 'Cruelty-Free', 'Hydrating', 'Plumping', 'Hyaluronic Acid']"
P461162,"['Good for: Acne/Blemishes', 'Good for: Pores', 'Salicylic Acid', 'Cruelty-Free', 'Vegan', 'Clean at Sephora']"
P472031,"['Good for: Pores', 'Clean at Sephora', 'Salicylic Acid', 'Best for Oily, Combo, Normal Skin']"
P504890,"['Good for: Dullness/Uneven Texture', 'Clean at Sephora', 'Fragrance Free', 'AHA/Glycolic Acid', 'Best for Dry, Combo, Normal Skin', 'Cruelty-Free']"
P468354,"['Vegan', 'Best for Dry Skin', 'Clean at Sephora', 'Good for: Dryness', 'Fragrance Free', 'Cruelty-Free']"
P480604,"['Vegan', 'Good for: Dullness/Uneven Texture', 'Clean at Sephora', 'AHA/Glycolic Acid', 'Best for Dry, Combo, Normal Skin', 'Cruelty-Free']"
P480445,"['Vegan', 'Good for: Dullness/Uneven Texture', 'Clean at Sephora', 'AHA/Glycolic Acid', 'Best for Dry, Combo, Normal Skin', 'Cruelty-Free']"
P504882,"['Good for: Dullness/Uneven Texture', 'Clean at Sephora', 'Fragrance Free', 'AHA/Glycolic Acid', 'Best for Dry, Combo, Normal Skin', 'Cruelty-Free']"
P440981,"['CBD', 'Hydrating']"
P476860,"['Vegan', 'Unisex/ Genderless Scent', 'CBD', 'Plumping', 'Without Silicones']"
P500998,"['Best for Dry Skin', 'Hydrating', 'Good for: Anti-Aging', 'Good for: Dryness', 'Good for: Acne/Blemishes']"
P448120,"['Vegan', 'Floral Scent', 'Cruelty-Free']"
P473709,"['Vegan', 'Floral Scent', 'Cruelty-Free']"
P448122,"['Vegan', 'Floral Scent', 'Cruelty-Free']"
P448129,"['Vegan', 'Woody & Earthy Scent', 'Cruelty-Free']"
P474946,"['Vegan', 'Clean at Sephora', 'Fresh Scent', 'Cruelty-Free']"
P448131,"['Vegan', 'Woody & Earthy Scent', 'Cruelty-Free']"
P474947,"['Vegan', 'Clean at Sephora', 'Fresh Scent', 'Cruelty-Free']"
P462688,"['Vegan', 'Fresh Scent', 'Cruelty-Free']"
P448117,"['Vegan', 'Floral Scent', 'Cruelty-Free']"
P462687,"['Vegan', 'Fresh Scent', 'Cruelty-Free']"
P448138,"['Vegan', 'Warm &Spicy Scent', 'Cruelty-Free']"
P448140,"['Vegan', 'Warm &Spicy Scent', 'Cruelty-Free']"
P448141,"['Vegan', 'Warm &Spicy Scent', 'Cruelty-Free']"
P500985,"['Vegan', 'Sustainable Packaging', 'Layerable Scent', 'Cruelty-Free']"
P483152,"['Vegan', 'Sustainable Packaging', 'Floral Scent', 'Without Phthalates', 'Without Parabens', 'Cruelty-Free']"
P448459,No Highlights
P483153,"['Vegan', 'Cruelty-Free', 'Sustainable Packaging', 'Without Parabens', 'Without Phthalates', 'Floral Scent']"
P448456,No Highlights
P448458,"['Vegan', 'Warm &Spicy Scent', 'Cruelty-Free']"
P433453,"['Good for: Dryness', 'Good for: Acne/Blemishes', 'Best for Dry, Combo, Normal Skin']"
P461935,"['Good for: Loss of firmness', 'Good for: Anti-Aging', 'Best for Dry, Combo, Normal Skin']"
P419633,"['Good for: Acne/Blemishes', 'Best for Oily, Combo, Normal Skin']"
P461936,"['Good for: Loss of firmness', 'Good for: Anti-Aging', 'Best for Dry, Combo, Normal Skin']"
P454821,"['Good for: Dullness/Uneven Texture', 'Good for: Acne/Blemishes', 'Best for Oily, Combo, Normal Skin']"
P405827,No Highlights
P502848,"['Good for: Dullness/Uneven Texture', 'Waterproof', 'Good for: Acne/Blemishes', 'Best for Oily, Combo, Normal Skin']"
P468652,"['Best for Dry, Combo, Normal Skin', 'Good for: Anti-Aging', 'Good for: Dryness']"
P433466,"['Best for Dry, Combo, Normal Skin', 'Good for: Dryness', 'Alcohol Free', 'Without Mineral Oil', 'Without Parabens', 'Without Silicones']"
P474830,"['Good for: Dullness/Uneven Texture', 'Good for: Acne/Blemishes', 'Best for Oily, Combo, Normal Skin']"
P436346,"['Best for Dry, Combo, Normal Skin', 'Good for: Loss of firmness', 'Collagen', 'Without Mineral Oil', 'Without Parabens', 'Without Silicones']"
P433465,"['Best for Dry, Combo, Normal Skin', 'Good for: Dryness', 'Hyaluronic Acid', 'Alcohol Free', 'Without Mineral Oil', 'Without Parabens']"
P502818,"['Best for Normal Skin', 'Good for: Dullness/Uneven Texture', 'Good for: Loss of firmness', 'Waterproof', 'Good for: Acne/Blemishes']"
P502827,"['Good for: Dullness/Uneven Texture', 'Good for: Loss of firmness', 'Waterproof', 'Good for: Acne/Blemishes']"
P428940,No Highlights
P461937,"['Best for Dry, Combo, Normal Skin', 'Good for: Anti-Aging', 'Hyaluronic Acid', 'Fragrance Free', 'Alcohol Free']"
P502831,"['Best for Combination Skin', 'Good for: Dullness/Uneven Texture', 'Good for: Loss of firmness', 'Waterproof', 'Good for: Acne/Blemishes']"
P436343,No Highlights
P436347,No Highlights
P474322,"['Warm &Spicy Scent', 'Woody & Earthy Scent', 'Floral Scent']"
P473142,"['Vegan', 'Unisex/ Genderless Scent', 'Warm &Spicy Scent', 'Fresh Scent', 'Without Phthalates', 'Without Parabens']"
P473127,"['Vegan', 'Unisex/ Genderless Scent', 'Floral Scent', 'Without Phthalates', 'Without Parabens']"
P501324,No Highlights
P475542,"['Floral Scent', 'Vegan', 'Fresh Scent', 'Without Phthalates', 'Without Parabens']"
P481377,No Highlights
P474321,"['Unisex/ Genderless Scent', 'Woody & Earthy Scent']"
P501448,No Highlights
P483442,No Highlights
P481985,No Highlights
P483441,No Highlights
P503946,No Highlights
P481987,No Highlights
P483440,No Highlights
P481984,No Highlights
P481986,No Highlights
P500865,No Highlights
P501507,No Highlights
P501502,No Highlights
P501432,No Highlights
P483438,No Highlights
P483439,No Highlights
P501446,No Highlights
P468653,"['Vegan', 'Natural Finish', 'Clean at Sephora', 'Long-wearing', 'Oil Free', 'Cruelty-Free']"
P469819,"['Vegan', 'Natural Finish', 'Clean at Sephora', 'Long-wearing', 'Oil Free', 'Cruelty-Free']"
P502850,"['Vegan', 'Natural Finish', 'Clean at Sephora', 'Matte Finish', 'Without Parabens', 'Cruelty-Free']"
P469862,"['Good for: Redness', 'Best for Dry Skin', 'Vitamin C', 'Hydrating', 'Clean at Sephora', 'Cruelty-Free']"
P469818,"['Vegan', 'Good for: Dullness/Uneven Texture', 'Lactic Acid', 'Clean at Sephora', 'Good for: Acne/Blemishes', 'Cruelty-Free']"
P504127,"['Hydrating', 'Clean at Sephora', 'Without Phthalates', 'Fragrance Free', 'Without Parabens', 'Cruelty-Free']"
P474831,"['Vegan', 'Liquid Formula', 'Clean at Sephora', 'Long-wearing', 'Fragrance Free', 'Cruelty-Free']"
P481819,"['Vegan', 'Volumizing', 'Clean at Sephora', 'Matte Finish', 'Lengthening', 'Cruelty-Free']"
P502970,"['Vegan', 'Natural Finish', 'Clean at Sephora', 'Long-wearing', 'Oil Free', 'Cruelty-Free']"
P481088,"['Vegan', 'Clean at Sephora', 'Matte Finish', 'Long-wearing', 'Lengthening', 'Cruelty-Free']"
P504894,"['Vegan', 'Good for: Dullness/Uneven Texture', 'Hydrating', 'Clean at Sephora', 'Without Parabens', 'Cruelty-Free']"
P7880,"['Clean at Sephora', 'Best for Dry, Combo, Normal Skin', 'Hydrating', 'Good for: Dryness', 'Good for: Dullness/Uneven Texture', 'Without Parabens']"
P302103,"['Hyaluronic Acid', 'Clean at Sephora', 'Hydrating', 'Good for: Dryness']"
P12336,"['Hyaluronic Acid', 'Clean at Sephora', 'Good for: Dryness', 'Without Parabens', 'Best for Dry, Combo, Normal Skin']"
P421243,"['Clean at Sephora', 'Good for: Dryness']"
P500633,"['Hyaluronic Acid', 'Clean at Sephora', 'Good for: Anti-Aging', 'Good for: Dryness', 'Niacinamide']"
P471237,"['Good for: Dullness/Uneven Texture', 'Hyaluronic Acid', 'Clean at Sephora', 'Good for: Dryness', 'Without Parabens', 'Best for Dry, Combo, Normal Skin']"
P274001,"['Clean at Sephora', 'Good for: Dryness', 'Good for: Dullness/Uneven Texture', 'Without Parabens', 'Without Phthalates']"
P440312,"['Clean at Sephora', 'Hydrating', 'Good for: Anti-Aging', 'Without Parabens', 'Best for Dry, Combo, Normal Skin']"
P503936,"['Cream Formula', 'Good for: Dullness/Uneven Texture', 'Good for: Loss of firmness', 'Clean at Sephora', 'Best for Oily, Combo, Normal Skin', 'Best for Dry, Combo, Normal Skin']"
P417936,"['Hyaluronic Acid', 'Community Favorite', 'Clean at Sephora', 'Hydrating', 'Without Parabens', 'Best for Dry, Combo, Normal Skin']"
P445827,"['Clean at Sephora', 'Best for Oily, Combo, Normal Skin', 'Good for: Dullness/Uneven Texture', 'Good for: Pores', 'Without Parabens', 'Without Sulfates SLS & SLES']"
P442858,"['Hyaluronic Acid', 'Good for: Dullness/Uneven Texture', 'Clean at Sephora', 'Hydrating', 'Good for: Dryness', 'Without Parabens']"
P425894,"['Good for: Dullness/Uneven Texture', 'Clean at Sephora', 'Hydrating', 'Good for: Dryness', 'Without Parabens', 'Best for Dry, Combo, Normal Skin']"
P500777,"['Clean at Sephora', 'Hydrating', 'Without Phthalates', 'Without Parabens']"
P479841,"['Good for: Dullness/Uneven Texture', 'Vitamin C', 'Clean at Sephora', 'Good for: Dryness', 'Without Parabens']"
P12295,"['Clean at Sephora', 'Good for: Pores']"
P454378,"['Hyaluronic Acid', 'Good for: Dullness/Uneven Texture', 'Clean at Sephora', 'Good for: Anti-Aging', 'Without Parabens', 'Best for Dry, Combo, Normal Skin']"
P457005,"['Clean at Sephora', 'Best for Dry, Combo, Normal Skin', 'Good for: Dryness', 'Hydrating', 'Without Parabens']"
P39970,"['Clean at Sephora', 'Good for: Dryness']"
P217513,No Highlights
P7844,"['Clean at Sephora', 'Good for: Dryness']"
P454396,"['Clean at Sephora', 'Best for Dry, Combo, Normal Skin', 'Good for: Anti-Aging', 'Hyaluronic Acid', 'Without Parabens', 'Without Sulfates SLS & SLES']"
P466122,"['Clean at Sephora', 'Good for: Dryness']"
P457517,No Highlights
P384778,"['Clean at Sephora', 'Best for Dry, Combo, Normal Skin', 'Good for: Dark Circles', 'Hyaluronic Acid', 'Without Parabens', 'Without Sulfates SLS & SLES']"
P474832,"['Hyaluronic Acid', 'Hydrating', 'Clean at Sephora', 'Good for: Dryness', 'Without Parabens']"
P442003,"['Clean at Sephora', 'Hydrating', 'Good for: Dryness']"
P426080,"['Clean at Sephora', 'Good for: Dryness']"
P391799,"['Hyaluronic Acid', 'Good for: Loss of firmness', 'Clean at Sephora', 'Without Parabens', 'Best for Dry, Combo, Normal Skin', 'Without Sulfates SLS & SLES']"
P420158,"['Clean at Sephora', 'Best for Dry, Combo, Normal Skin']"
P436353,"['Hyaluronic Acid', 'Community Favorite', 'Clean at Sephora', 'Hydrating', 'Without Parabens', 'Best for Dry, Combo, Normal Skin']"
P12857,No Highlights
P213013,No Highlights
P7827,"['Clean at Sephora', 'Good for: Dryness']"
P448192,"['Clean at Sephora', 'Best for Oily, Combo, Normal Skin', 'Good for: Dullness/Uneven Texture', 'Good for: Pores', 'Without Parabens', 'Without Sulfates SLS & SLES']"
P500400,"['Hyaluronic Acid', 'Clean at Sephora', 'Hydrating', 'Good for: Dryness', 'Niacinamide']"
P500398,"['Good for: Dullness/Uneven Texture', 'Hyaluronic Acid', 'Clean at Sephora', 'Hydrating', 'Good for: Dryness', 'Niacinamide']"
P449158,"['Clean at Sephora', 'Hydrating', 'Good for: Anti-Aging', 'Without Parabens', 'Best for Dry, Combo, Normal Skin']"
P481703,"['Good for: Loss of firmness', 'Clean at Sephora', 'Good for: Dryness', 'Without Parabens']"
P259801,"['Clean at Sephora', 'Good for: Dryness']"
P450211,"['Clean at Sephora', 'Best for Dry, Combo, Normal Skin']"
P403748,"['Good for: Dullness/Uneven Texture', 'Good for: Loss of firmness', 'Clean at Sephora', 'Without Parabens']"
P500406,"['Good for: Dullness/Uneven Texture', 'Hyaluronic Acid', 'Clean at Sephora', 'Hydrating', 'Good for: Dryness']"
P426821,"['Hyaluronic Acid', 'Clean at Sephora', 'Good for: Dryness', 'Without Parabens', 'Best for Dry, Combo, Normal Skin']"
P426824,"['Clean at Sephora', 'Good for: Pores']"
P454395,"['Hyaluronic Acid', 'Good for: Dullness/Uneven Texture', 'Clean at Sephora', 'Good for: Anti-Aging', 'Without Parabens', 'Best for Dry, Combo, Normal Skin']"
P450210,"['Clean at Sephora', 'Best for Dry, Combo, Normal Skin']"
P454817,"['Clean at Sephora', 'Good for: Dryness']"
P439626,"['Clean at Sephora', 'Good for: Loss of firmness']"
P472466,"['Good for: Dullness/Uneven Texture', 'Hyaluronic Acid', 'Clean at Sephora', 'Good for: Dryness', 'Without Parabens', 'Best for Dry, Combo, Normal Skin']"
P388687,"['Clean at Sephora', 'Good for: Dryness']"
P193706,No Highlights
P432256,"['Good for: Loss of firmness', 'Clean at Sephora']"
P500012,"['Good for: Dullness/Uneven Texture', 'Good for: Pores', 'Clean at Sephora', 'Hydrating', 'Without Parabens']"
P193705,"['Clean at Sephora', 'Best for Dry, Combo, Normal Skin']"
P429538,No Highlights
P435387,"['Clean at Sephora', 'Good for: Dryness']"
P504272,"['Clean at Sephora', 'Good for: Dryness']"
P503226,"['Good for: Dullness/Uneven Texture', 'Good for: Loss of firmness', 'Clean at Sephora']"
P504273,"['Clean at Sephora', 'Good for: Dryness']"
P481704,"['Clean at Sephora', 'Good for: Pores', 'Good for: Acne/Blemishes', 'Without Parabens']"
P432255,"['Hyaluronic Acid', 'Good for: Loss of firmness', 'Clean at Sephora', 'Without Parabens', 'Best for Dry, Combo, Normal Skin', 'Without Sulfates SLS & SLES']"
P504289,"['Clean at Sephora', 'Good for: Dryness']"
P503915,"['Good for: Dullness/Uneven Texture', 'Vitamin C', 'Clean at Sephora', 'Good for: Dryness', 'Without Parabens']"
P435401,"['allure 2020 Best of Beauty Award Winner', 'All Hair Types', 'Good for: Frizz', 'Curly Hair', 'Prevents Color Fading', 'Increases Shine']"
P474043,"['Good for: Frizz', 'Curling', 'Increases Shine', 'All Hair Types', 'Curly Hair', 'Prevents Color Fading']"
P389524,"['Volumizing', 'Good for: Volume', 'All Hair Types', 'Curling', 'Straight Hair', 'Increases Shine']"
P389522,"['Good for: Volume', 'All Hair Types', 'Wavy Hair', 'Curling', 'Straight Hair', 'Increases Shine']"
P385017,No Highlights
P444071,No Highlights
P462351,No Highlights
P454987,"['Volumizing', 'allure 2020 Best of Beauty Award Winner', 'Good for: Volume', 'All Hair Types', 'Good for: Frizz', 'Increases Shine']"
P469468,"['allure 2022 Best of Beauty Award Winner', 'Good for: Frizz', 'Curly Hair', 'Wavy Hair', 'Curling', 'Increases Shine']"
P389525,"['Curl-Enhancing', 'All Hair Types', 'Wavy Hair', 'Curling', 'Straight Hair', 'Increases Shine']"
P481392,"['allure 2022 Best of Beauty Award Winner', 'All Hair Types', 'Good for: Frizz', 'Curling']"
P378713,"['Good for: Volume', 'All Hair Types', 'Good for: Frizz', 'Curly Hair', 'Wavy Hair', 'Increases Shine']"
P389523,"['All Hair Types', 'Curl-Enhancing', 'Wavy Hair', 'Curling', 'Straight Hair', 'Increases Shine']"
P385020,No Highlights
P504606,"['All Hair Types', 'Good for: Frizz', 'Curly Hair', 'Wavy Hair', 'Straight Hair', 'Increases Shine']"
P480605,"['Curl-Enhancing', 'Good for: Frizz', 'Curling', 'Wavy Hair', 'Straight Hair', 'Curly Hair']"
P433648,"['Good for: Frizz', 'Coily Hair', 'Curly Hair', 'Wavy Hair', 'Curling', 'Increases Shine']"
P474042,No Highlights
P462353,"['Good for: Damage', 'Hydrating', 'Clean at Sephora', 'All Hair Types', 'Good for: Frizz', 'Increases Shine']"
P462352,"['Good for: Damage', 'Clean at Sephora', 'All Hair Types', 'Good for: Frizz', 'Increases Shine']"
P462356,"['Layerable Scent', 'Fresh Scent', 'Clean at Sephora', 'All Hair Types', 'Good for: Frizz']"
P473838,"['Hydrating', 'Clean at Sephora', 'All Hair Types', 'Good for: Frizz', 'Without Silicones', 'Increases Shine']"
P462354,"['Good for: Damage', 'Hydrating', 'Clean at Sephora', 'All Hair Types', 'Good for: Frizz', 'Increases Shine']"
P481821,"['Clean at Sephora', 'Hydrating', 'All Hair Types', 'Good for: Dryness', 'Without Silicones', 'Good for: Flaky/Dry Scalp']"
P474833,"['Good for: Damage', 'Hydrating', 'Clean at Sephora', 'All Hair Types', 'Good for: Frizz', 'Increases Shine']"
P462357,"['Good for: Color Care', 'Clean at Sephora', 'All Hair Types', 'Good for: Frizz', 'Good for: Dryness', 'Without Sulfates SLS & SLES']"
P462361,"['Good for: Damage', 'Heat Protection', 'Clean at Sephora', 'All Hair Types', 'Good for: Frizz', 'UV Protection']"
P501808,"['Layerable Scent', 'Fresh Scent', 'Clean at Sephora', 'All Hair Types', 'Good for: Frizz', 'Cruelty-Free']"
P462355,"['Layerable Scent', 'Fresh Scent', 'Clean at Sephora', 'All Hair Types', 'Good for: Frizz']"
P462359,"['Good for: Damage', 'Good for: Color Care', 'Hydrating', 'Clean at Sephora', 'All Hair Types', 'Good for: Frizz']"
P462362,"['Volumizing', 'Cream Formula', 'Good for: Volume', 'Clean at Sephora', 'All Hair Types', 'Good for: Frizz']"
P462363,"['Volumizing', 'Heat Protection', 'Clean at Sephora', 'All Hair Types', 'Curl-Enhancing', 'UV Protection']"
P462360,"['Good for: Damage', 'Good for: Color Care', 'Hydrating', 'Clean at Sephora', 'All Hair Types', 'Good for: Frizz']"
P468823,"['Volumizing', 'Curling']"
P504813,"['Clean at Sephora', 'All Hair Types', 'Good for: Frizz', 'Good for: Dryness', 'Increases Shine']"
P505233,"['Hyaluronic Acid', 'High Shine Finish', 'Plumping', 'Clean at Sephora', 'Hydrating']"
P390722,"['Loose Powder Formula', 'Radiant Finish', 'Good for: Dullness/Uneven Texture', 'Good for: Pores', 'Matte Finish']"
P377755,"['Cream Formula', 'Hyaluronic Acid', 'Satin Finish', 'Hydrating', 'Long-wearing', 'Matte Finish']"
P457245,"['Radiant Finish', 'Hyaluronic Acid', 'Liquid Formula', 'Plumping', 'Vitamin C', 'Hydrating']"
P405231,"['High Shine Finish', 'Hydrating']"
P474948,"['Refill Available', 'Hydrating', 'Long-wearing', 'Matte Finish', 'Medium Coverage', 'Without Sulfates SLS & SLES']"
P472700,"['Hyaluronic Acid', 'High Shine Finish', 'Vitamin C', 'Hydrating', 'Without Phthalates', 'Without Sulfates SLS & SLES']"
P448881,"['Refill Available', 'Matte Finish', 'Long-wearing', 'Customizable', 'Full Coverage', 'Without Sulfates SLS & SLES']"
P469469,"['Light Coverage', 'Radiant Finish', 'Long-wearing', 'Without Silicones', 'Alcohol Free']"
P459156,"['Layerable Scent', 'Floral Scent']"
P457669,"['Layerable Scent', 'Floral Scent']"
P475946,No Highlights
P416205,"['Loose Powder Formula', 'Radiant Finish', 'Good for: Dullness/Uneven Texture', 'Good for: Pores', 'Matte Finish']"
P201400,No Highlights
P481706,"['Liquid Formula', 'Hydrating', 'Matte Finish', 'Long-wearing', 'Waterproof', 'Medium Coverage']"
P183916,No Highlights
P258016,"['Floral Scent', 'Fresh Scent']"
P45600,No Highlights
P459171,"['Layerable Scent', 'Floral Scent']"
P473308,"['Layerable Scent', 'Floral Scent']"
P471764,"['Hydrating', 'Natural Finish', 'Hyaluronic Acid']"
P505129,"['Radiant Finish', 'Cream Formula', 'Hydrating', 'Good for: Dark Circles', 'Medium Coverage', 'Good for: Acne/Blemishes']"
P0956,No Highlights
P410767,No Highlights
P481707,No Highlights
P446334,"['Volumizing', 'Long-wearing', 'Curling']"
P463625,"['Cream Formula', 'Hyaluronic Acid', 'Satin Finish', 'Hydrating', 'Long-wearing', 'Matte Finish']"
P423431,No Highlights
P501179,"['High Shine Finish', 'Hydrating', 'Without Phthalates', 'Medium Coverage', 'Without Sulfates SLS & SLES']"
P458220,"['Warm &Spicy Scent', 'Woody & Earthy Scent']"
P430174,No Highlights
P504276,"['Layerable Scent', 'Floral Scent', 'Long-wearing']"
P474949,"['Customizable', 'Long-wearing', 'Matte Finish', 'Hydrating', 'Medium Coverage', 'Without Sulfates SLS & SLES']"
P481090,"['Layerable Scent', 'Floral Scent', 'Long-wearing']"
P446827,"['Long-wearing', 'Liquid Formula']"
P501783,"['Layerable Scent', 'Floral Scent', 'Long-wearing']"
P504939,"['Radiant Finish', 'Cream Formula', 'Hydrating', 'Good for: Dark Circles', 'Medium Coverage', 'Good for: Acne/Blemishes']"
P419605,"['High Shine Finish', 'Hydrating']"
P500858,No Highlights
P476508,No Highlights
P476560,No Highlights
P500416,No Highlights
P503068,No Highlights
P505234,No Highlights
P281835,"['Refill Available', 'Without Phthalates', 'Without Parabens', 'Gluten Free', 'Without Sulfates SLS & SLES', 'Cruelty-Free']"
P404465,"['Good for: Anti-Aging', 'Gluten Free', 'Vegan', 'Without Triclosan']"
P395389,"['Good for: Anti-Aging', 'Gluten Free', 'Vegan', 'Without Triclosan']"
P399755,"['Good for: Anti-Aging', 'Gluten Free', 'Vegan', 'Without Triclosan']"
P472467,"['Vegan', 'Good for: Anti-Aging', 'Gluten Free']"
P500156,"['Without Phthalates', 'Without Parabens', 'Without Sulfates SLS & SLES', 'Gluten Free', 'Cruelty-Free']"
P504525,"['Vegan', 'Best for Dry Skin', 'Hydrating', 'Good for: Dryness', 'Cruelty-Free']"
P504521,"['Light Coverage', 'Natural Finish', 'Cream Formula', 'Cruelty-Free']"
P504823,"['Vegan', 'Hyaluronic Acid', 'High Shine Finish', 'Cruelty-Free']"
P504364,"['Vegan', 'Unisex/ Genderless Scent', 'Layerable Scent', 'Warm &Spicy Scent', 'Woody & Earthy Scent', 'Cruelty-Free']"
P504526,"['Volumizing', 'Natural Finish', 'Cruelty-Free']"
P504782,"['Light Coverage', 'Vegan', 'Radiant Finish', 'Liquid Formula', 'Cruelty-Free']"
P504829,"['Vegan', 'High Shine Finish', 'Cruelty-Free']"
P504802,"['Light Coverage', 'Vegan', 'Stick Formula', 'Matte Finish', 'Cruelty-Free']"
P504831,"['Radiant Finish', 'Good for: Redness', 'Good for: Dark Circles', 'Medium Coverage', 'Good for: Dark spots', 'Cruelty-Free']"
P504834,"['Fragrance Free', 'Lengthening', 'Cruelty-Free']"
P504522,"['Vegan', 'Unisex/ Genderless Scent', 'Layerable Scent', 'Warm &Spicy Scent', 'Woody & Earthy Scent', 'Cruelty-Free']"
P504775,"['Vegan', 'Pressed Powder Formula', 'Metallic Finish', 'Satin Finish', 'Matte Finish', 'Cruelty-Free']"
P504814,"['Light Coverage', 'Stick Formula', 'Radiant Finish', 'Cruelty-Free']"
P504803,"['Cream Formula', 'Shimmer Finish', 'Long-wearing', 'Cruelty-Free']"
P504527,"['Vegan', 'Matte Finish', 'Long-wearing', 'Cruelty-Free']"
P504807,"['Light Coverage', 'Vegan', 'Radiant Finish', 'Cream Formula', 'Cruelty-Free']"
P504789,"['Vegan', 'Natural Finish', 'Long-wearing', 'Cruelty-Free']"
P504800,"['Vegan', 'Liquid Formula', 'Matte Finish', 'Long-wearing']"
P504523,"['Vegan', 'Good for: Dullness/Uneven Texture', 'Hydrating', 'Clean at Sephora', 'Best for Dry, Combo, Normal Skin', 'Cruelty-Free']"
P504524,"['Vegan', 'Hydrating', 'Clean at Sephora', 'Best for Dry, Combo, Normal Skin', 'Without Sulfates SLS & SLES', 'Cruelty-Free']"
P504788,"['Vegan', 'Liquid Formula', 'Long-wearing', 'Cruelty-Free']"
P504794,"['Vegan', 'Best for Dry Skin', 'Hydrating', 'Clean at Sephora', 'Good for: Dryness', 'Cruelty-Free']"
P504786,"['Vegan', 'Good for: Dullness/Uneven Texture', 'Clean at Sephora', 'AHA/Glycolic Acid', 'Salicylic Acid', 'Cruelty-Free']"
P504773,"['Vegan', 'Cream Formula', 'Best for Dry Skin', 'Clean at Sephora', 'Hydrating', 'Cruelty-Free']"
P504774,"['Vegan', 'Good for: Dullness/Uneven Texture', 'Clean at Sephora', 'Best for Oily, Combo, Normal Skin', 'Niacinamide', 'Cruelty-Free']"
P504795,"['Vegan', 'Hyaluronic Acid', 'Clean at Sephora', 'Hydrating', 'Best for Dry, Combo, Normal Skin', 'Cruelty-Free']"
P504919,"['Vegan', 'Liquid Formula', 'Clean at Sephora', 'Without Sulfates SLS & SLES', 'Cruelty-Free']"
P504784,"['Vegan', 'Cream Formula', 'Hyaluronic Acid', 'Clean at Sephora', 'Best for Oily, Combo, Normal Skin', 'Cruelty-Free']"
P504778,"['Vegan', 'Natural Finish', 'Clean at Sephora', 'Good for: Anti-Aging', 'SPF', 'Cruelty-Free']"
P504780,"['Vegan', 'Good for: Dullness/Uneven Texture', 'Vitamin C', 'Clean at Sephora', 'Good for: Dark spots', 'Cruelty-Free']"
P504810,"['Vegan', 'Best for Oily Skin', 'Clean at Sephora', 'Niacinamide', 'Cruelty-Free']"
P504815,"['Vegan', 'Good for: Dullness/Uneven Texture', 'Retinol', 'Good for: Dark spots', 'Cruelty-Free']"
P504790,"['Vegan', 'Clean at Sephora', 'AHA/Glycolic Acid', 'Best for Oily, Combo, Normal Skin', 'Niacinamide', 'Cruelty-Free']"
P458219,"['Hyaluronic Acid', 'Good for: Dullness/Uneven Texture', 'Clean + Planet Positive', 'Good for: Pores', 'Hydrating', 'Salicylic Acid']"
P467762,"['Vegan', 'Community Favorite', 'Clean + Planet Positive']"
P466123,"['Vegan', 'Community Favorite', 'High Shine Finish', 'Clean + Planet Positive', 'Niacinamide', 'Cruelty-Free']"
P428819,"['Hyaluronic Acid', 'Clean + Planet Positive', 'Hydrating', 'Good for: Dryness', 'Oil Free', 'Best for Oily, Combo, Normal Skin']"
P462699,"['Hyaluronic Acid', 'Good for: Dullness/Uneven Texture', 'Good for: Loss of firmness', 'Community Favorite', 'Plumping', 'Clean + Planet Positive', 'Hydrating']"
P447791,"['Good for: Dullness/Uneven Texture', 'Good for: Loss of firmness', 'Clean + Planet Positive', 'Good for: Dark Circles', 'Hydrating', 'Retinol']"
P469211,"['Good for: Dullness/Uneven Texture', 'Hyaluronic Acid', 'Clean + Planet Positive', 'Hydrating', 'Fresh Scent', 'allure 2021 Best of Beauty Award Winner']"
P479327,"['Refill Available', 'Hyaluronic Acid', 'Good for: Dullness/Uneven Texture', 'Best for Dry Skin', 'Clean + Planet Positive', 'Hydrating']"
P500472,"['Refill Available', 'Hyaluronic Acid', 'Good for: Dullness/Uneven Texture', 'Best for Dry Skin', 'Clean + Planet Positive', 'Hydrating']"
P460516,"['Good for: Dullness/Uneven Texture', 'Hydrating', 'Fragrance Free', 'Cruelty-Free', 'Clean + Planet Positive']"
P470529,"['Good for: Redness', 'Good for: Dullness/Uneven Texture', 'Clean + Planet Positive', 'Hydrating', 'Fragrance Free', 'Cruelty-Free']"
P481989,"['Vegan', 'Hyaluronic Acid', 'Good for: Dullness/Uneven Texture', 'Clean + Planet Positive', 'Hydrating', 'SPF', 'Niacinamide', 'Cruelty-Free']"
P436359,"['Hyaluronic Acid', 'AHA/Glycolic Acid', 'Good for: Dullness/Uneven Texture', 'Good for: Acne/Blemishes', 'Vegan', 'Clean + Planet Positive']"
P455236,"['Hydrating', 'Natural Finish', 'Clean + Planet Positive']"
P482535,"['Good for: Dullness/Uneven Texture', 'Hyaluronic Acid', 'Good for: Pores', 'Clean + Planet Positive', 'AHA/Glycolic Acid', 'Good for: Acne/Blemishes', 'Salicylic Acid']"
P442744,"['Good for: Dryness', 'Hyaluronic Acid', 'Good for: Dullness/Uneven Texture', 'Clean + Planet Positive', 'Community Favorite']"
P472468,"['Hyaluronic Acid', 'Good for: Pores', 'Clean + Planet Positive', 'Hydrating', 'Good for: Dryness', 'Cruelty-Free']"
P501760,"['Hyaluronic Acid', 'Vitamin C', 'Clean + Planet Positive', 'Good for: Dark Circles', 'Good for: Dryness', 'Niacinamide']"
P475543,"['Vegan', 'Good for: Dullness/Uneven Texture', 'Good for: Loss of firmness', 'Vitamin C', 'Clean + Planet Positive', 'Good for: Dark spots']"
P501254,"['Good for: Dullness/Uneven Texture', 'Hyaluronic Acid', 'Good for: Pores', 'Clean + Planet Positive', 'AHA/Glycolic Acid', 'Good for: Dryness']"
P503634,"['Good for: Redness', 'Good for: Dullness/Uneven Texture', 'Clean + Planet Positive', 'Hydrating', 'Good for: Dryness', 'Best for Dry, Combo, Normal Skin']"
P504125,"['Good for: Pores', 'Clean + Planet Positive', 'Good for: Acne/Blemishes', 'Salicylic Acid', 'Best for Oily, Combo, Normal Skin', 'Cruelty-Free']"
P501570,"['Good for: Dullness/Uneven Texture', 'Hyaluronic Acid', 'Good for: Pores', 'Clean + Planet Positive', 'AHA/Glycolic Acid', 'Good for: Dryness']"
P435386,"['Good for: Dryness', 'Hyaluronic Acid', 'Hydrating', 'Best for Oily, Combo, Normal Skin', 'Clean + Planet Positive', 'Community Favorite']"
P441323,"['Good for: Dullness/Uneven Texture', 'AHA/Glycolic Acid', 'Hyaluronic Acid', 'Cruelty-Free', 'Clean + Planet Positive']"
P504171,"['Good for: Redness', 'Good for: Dullness/Uneven Texture', 'Clean + Planet Positive', 'Hydrating', 'Good for: Dryness', 'Best for Dry, Combo, Normal Skin']"
P504325,"['Recyclable Packaging', 'Good for: Dullness/Uneven Texture', 'Clean + Planet Positive', 'Hydrating', 'Good for: Dryness', 'Cruelty-Free']"
P504849,"['Good for: Dullness/Uneven Texture', 'Hyaluronic Acid', 'Good for: Loss of firmness', 'Clean + Planet Positive', 'Good for: Dryness', 'Best for Dry, Combo, Normal Skin']"
P504636,"['Vegan', 'Community Favorite', 'High Shine Finish', 'Clean + Planet Positive', 'Niacinamide', 'Cruelty-Free']"
P437299,No Highlights
P437302,No Highlights
P67784432,No Highlights
P456213,"['Good for: Dullness/Uneven Texture', 'Vitamin C', 'Clean at Sephora', 'Fresh Scent', 'AHA/Glycolic Acid', 'Best for Dry, Combo, Normal Skin']"
P459299,"['Good for: Dullness/Uneven Texture', 'Vitamin C', 'Clean at Sephora', 'Fresh Scent', 'AHA/Glycolic Acid', 'Best for Dry, Combo, Normal Skin']"
P456208,"['Vegan', 'Best for Normal Skin', 'Good for: Dullness/Uneven Texture', 'Hyaluronic Acid', 'Clean at Sephora', 'AHA/Glycolic Acid']"
P459301,"['Vegan', 'Best for Normal Skin', 'Good for: Dullness/Uneven Texture', 'Hyaluronic Acid', 'Clean at Sephora', 'AHA/Glycolic Acid']"
P456211,"['Vegan', 'Good for: Dullness/Uneven Texture', 'Vitamin C', 'Best for Dry, Combo, Normal Skin', 'Gluten Free']"
P459300,"['Vegan', 'Good for: Dullness/Uneven Texture', 'Vitamin C', 'Best for Dry, Combo, Normal Skin', 'Gluten Free']"
P471029,"['Radiant Finish', 'Vitamin C', 'Clean at Sephora', 'Good for: Dryness', 'Best for Dry, Combo, Normal Skin']"
P460578,"['Clean at Sephora', 'Best for Dry, Combo, Normal Skin', 'Good for: Anti-Aging', 'Without Retinyl Palmitate', 'Vegan', 'Fragrance Free']"
P461165,"['Vegan', 'Without Retinyl Palmitate', 'Clean at Sephora', 'Good for: Anti-Aging', 'Fragrance Free', 'Best for Dry, Combo, Normal Skin']"
P480606,"['Good for: Dullness/Uneven Texture', 'Vitamin C', 'Clean at Sephora', 'Good for: Dryness', 'Best for Dry, Combo, Normal Skin']"
P501243,"['Good for: Dullness/Uneven Texture', 'Hyaluronic Acid', 'Clean at Sephora', 'AHA/Glycolic Acid', 'Best for Dry, Combo, Normal Skin', 'Good for: Dark spots']"
P458965,"['Clean at Sephora', 'Good for: Flaky/Dry Scalp', 'Increases Shine', 'All Hair Types', 'Fresh Scent', 'Without Sulfates SLS & SLES']"
P458964,"['Good for: Dullness/Uneven Texture', 'Clean at Sephora', 'Best for Dry, Combo, Normal Skin']"
P458966,"['Vegan', 'Clean at Sephora']"
P468143,"['Clean at Sephora', 'Vegan']"
P469851,"['Clean at Sephora', 'Fresh Scent', 'All Hair Types', 'Without Sulfates SLS & SLES', 'Good for: Flaky/Dry Scalp', 'Increases Shine']"
P456210,"['Clean at Sephora', 'Best for Dry, Combo, Normal Skin', 'Good for: Dullness/Uneven Texture', 'Vitamin C', 'Hyaluronic Acid', 'Vegan']"
P478274,"['Vegan', 'Best for Dry Skin', 'Vitamin C', 'Hydrating', 'Clean at Sephora', 'Good for: Dryness']"
P505408,"['Good for: Dullness/Uneven Texture', 'Vitamin C', 'Good for: Dark Circles', 'Good for: Dryness', 'Niacinamide', 'Cruelty-Free']"
P464250,"['Vegan', 'Clean at Sephora']"
P455010,No Highlights
P458961,"['Vegan', 'Clean at Sephora']"
P458962,"['Clean at Sephora', 'Best for Oily, Combo, Normal Skin', 'Good for: Pores', 'AHA/Glycolic Acid', 'Niacinamide', 'Vegan']"
P477166,No Highlights
P500879,"['Without Phthalates', 'Customizable', 'Hypoallergenic', 'Cruelty-Free']"
P483058,"['Vegan', 'Good for: Dullness/Uneven Texture', 'Hyaluronic Acid', 'Clean at Sephora', 'Best for Dry, Combo, Normal Skin', 'Gluten Free']"
P458963,No Highlights
P502295,"['Vegan', 'Good for: Dullness/Uneven Texture', 'Vitamin C', 'Clean at Sephora', 'Fresh Scent', 'Best for Dry, Combo, Normal Skin']"
P500308,"['Without Phthalates', 'Customizable', 'Hypoallergenic', 'Cruelty-Free']"
P502388,"['Good for: Dullness/Uneven Texture', 'Woody & Earthy Scent', 'Vitamin C', 'Clean at Sephora', 'Best for Dry, Combo, Normal Skin']"
P474323,No Highlights
P473311,"['Good for: Damage', 'Good for: Hair Thinning', 'Good for: Anti-Aging', 'All Hair Types', 'Good for: Frizz', 'Good for: Dryness']"
P474044,"['Good for: Damage', 'Good for: Hair Thinning', 'Good for: Anti-Aging', 'All Hair Types', 'Good for: Frizz', 'Good for: Dryness']"
P474045,"['Good for: Damage', 'Good for: Hair Thinning', 'All Hair Types', 'Good for: Anti-Aging', 'Good for: Frizz', 'Good for: Dryness']"
P500888,"['Good for: Damage', 'Good for: Hair Thinning', 'Good for: Anti-Aging', 'All Hair Types', 'Good for: Frizz', 'Good for: Dryness']"
P474046,"['Good for: Damage', 'Good for: Hair Thinning', 'Good for: Anti-Aging', 'All Hair Types', 'Good for: Frizz', 'Good for: Dryness']"
P474047,No Highlights
P474048,No Highlights
P474049,No Highlights
P500867,"['Good for: Damage', 'Good for: Hair Thinning', 'All Hair Types', 'Good for: Anti-Aging', 'Good for: Frizz', 'Good for: Dryness']"
P407471,"['High Shine Finish', 'Good for: Loss of firmness', 'Plumping', 'Hydrating', 'Without Parabens', 'Cruelty-Free']"
P460017,No Highlights
P455557,"['Hydrating', 'Without Parabens', 'Increases Shine', 'Cruelty-Free']"
P420491,"['Lengthening', 'Without Parabens', 'Hyaluronic Acid', 'Cruelty-Free']"
P471548,"['Hyaluronic Acid', 'Plumping', 'Hydrating', 'Satin Finish', 'Without Parabens', 'Cruelty-Free']"
P420492,"['Volumizing', 'Lengthening', 'Without Parabens', 'Cruelty-Free']"
P441882,"['Volumizing', 'Without Parabens', 'Vegan', 'Lengthening', 'Cruelty-Free']"
P453273,"['Cream Formula', 'Hydrating', 'Matte Finish', 'Full Coverage']"
P452737,"['Vegan', 'Radiant Finish', 'Hydrating', 'Without Parabens', 'Without Silicones', 'Without Sulfates SLS & SLES']"
P474051,"['allure 2022 Best of Beauty Award Winner', 'Layerable Scent', 'Floral Scent']"
P459503,"['Vegan', 'Pressed Powder Formula', 'Natural Finish', 'Hyaluronic Acid', 'Hydrating', 'Long-wearing']"
P422093,"['Floral Scent', 'Layerable Scent']"
P452736,"['Vegan', 'Satin Finish', 'Long-wearing', 'Without Parabens', 'Without Sulfates SLS & SLES']"
P471239,"['Vegan', 'Hyaluronic Acid', 'High Shine Finish', 'Hydrating', 'Long-wearing', 'Good for: Dryness']"
P502188,"['Pressed Powder Formula', 'Hyaluronic Acid', 'Hydrating', 'Long-wearing', 'Matte Finish']"
P273900,No Highlights
P474053,"['Vegan', 'High Shine Finish', 'Full Coverage', 'Without Formaldehydes', 'Without Parabens', 'Without Silicones']"
P474952,"['allure 2022 Best of Beauty Award Winner', 'Layerable Scent', 'Floral Scent']"
P422094,"['Layerable Scent', 'Floral Scent']"
P469858,"['Light Coverage', 'Vegan', 'Pressed Powder Formula', 'Natural Finish', 'Good for: Pores', 'Best for Oily, Combo, Normal Skin']"
P456588,"['allure 2020 Best of Beauty Award Winner', 'Long-wearing', 'Lengthening', 'Without Parabens']"
P452738,"['Hydrating', 'Natural Finish', 'Vegan', 'Without Sulfates SLS & SLES', 'Without Parabens', 'Without Silicones']"
P501360,"['Layerable Scent', 'Floral Scent']"
P467622,"['Hyaluronic Acid', 'Liquid Formula', 'Matte Finish', 'Long-wearing', 'Full Coverage']"
P398432,"['Woody & Earthy Scent', 'Layerable Scent']"
P500471,"['Radiant Finish', 'Hyaluronic Acid', 'Hydrating', 'Long-wearing']"
P457649,"['High Shine Finish', 'Long-wearing', 'Vegan', 'Without Sulfates SLS & SLES', 'Without Parabens', 'Without Silicones']"
P503858,"['Layerable Scent', 'Floral Scent']"
P483448,"['Hyaluronic Acid', 'Liquid Formula', 'Matte Finish', 'Without Parabens']"
P501141,"['Layerable Scent', 'Floral Scent']"
P475109,"['Layerable Scent', 'Floral Scent']"
P501988,"['Layerable Scent', 'Floral Scent']"
P285804,"['Layerable Scent', 'Woody & Earthy Scent']"
P477749,"['Floral Scent', 'Layerable Scent']"
P441304,No Highlights
P469821,"['Cream Formula', 'Long-wearing', 'Satin Finish', 'Without Parabens', 'Without Sulfates SLS & SLES', 'Vegan']"
P501161,"['Layerable Scent', 'Floral Scent']"
P500476,"['Vegan', 'Best for Dry Skin', 'Fragrance Free']"
P377473,No Highlights
P441329,No Highlights
P467623,"['Vegan', 'Radiant Finish', 'Good for: Pores', 'Hydrating', 'Good for: Dryness', 'Best for Dry, Combo, Normal Skin']"
P457650,"['Vegan', 'Natural Finish', 'Without Parabens', 'Without Sulfates SLS & SLES']"
P460874,"['Floral Scent', 'Layerable Scent']"
P481991,"['Layerable Scent', 'Floral Scent']"
P453664,"['Floral Scent', 'Layerable Scent']"
P469876,No Highlights
P460875,"['Floral Scent', 'Layerable Scent']"
P501313,"['Metallic Finish', 'Satin Finish', 'Matte Finish']"
P378659,No Highlights
P457489,"['Layerable Scent', 'Woody & Earthy Scent']"
P481990,"['Layerable Scent', 'Floral Scent']"
P453665,"['Floral Scent', 'Layerable Scent']"
P480170,"['Layerable Scent', 'Floral Scent']"
P480306,"['Vegan', 'Hyaluronic Acid', 'Good for: Pores', 'Matte Finish', 'Salicylic Acid', 'Best for Oily, Combo, Normal Skin']"
P410305,No Highlights
P478711,No Highlights
P224900,No Highlights
P501329,"['Layerable Scent', 'Floral Scent']"
P483447,"['Satin Finish', 'Long-wearing', 'Waterproof']"
P480171,"['Layerable Scent', 'Floral Scent']"
P505161,"['Layerable Scent', 'Floral Scent']"
P417169,No Highlights
P501242,"['Vegan', 'Hyaluronic Acid', 'High Shine Finish', 'Hydrating', 'Long-wearing', 'Good for: Dryness']"
P429915,"['Stick Formula', 'Refill Available', 'Metallic Finish', 'Hyaluronic Acid']"
P474953,"['Radiant Finish', 'Good for: Dullness/Uneven Texture', 'Plumping', 'Clean at Sephora', 'Hydrating', 'Good for: Anti-Aging']"
P476513,"['Radiant Finish', 'Good for: Dullness/Uneven Texture', 'Plumping', 'Clean at Sephora', 'Hydrating', 'Good for: Anti-Aging']"
P266308,"['Light Coverage', 'Loose Powder Formula', 'Radiant Finish', 'Good for: Dullness/Uneven Texture']"
P197413,"['Radiant Finish', 'Liquid Formula', 'Good for: Loss of firmness', 'Floral Scent', 'Hydrating', 'Good for: Dryness']"
P416938,"['Warm &Spicy Scent', 'Layerable Scent']"
P429916,"['Customizable', 'Refill Available']"
P461451,"['Radiant Finish', 'Good for: Dullness/Uneven Texture', 'Plumping', 'Clean at Sephora', 'Good for: Dark Circles', 'Good for: Anti-Aging']"
P284710,"['Natural Finish', 'Pressed Powder Formula', 'Hydrating', 'Long-wearing', 'allure 2021 Best of Beauty Award Winner', 'Medium Coverage']"
P501236,"['Good for: Dullness/Uneven Texture', 'Good for: Loss of firmness', 'Plumping', 'Good for: Pores', 'Clean at Sephora', 'Best for Dry, Combo, Normal Skin']"
P405071,"['Radiant Finish', 'Long-wearing', 'Best for Dry, Combo, Normal Skin']"
P430124,No Highlights
P483450,"['Stick Formula', 'Hyaluronic Acid', 'Satin Finish', 'Hydrating', 'Medium Coverage']"
P471240,"['High Shine Finish', 'Medium Coverage', 'Hydrating', 'Long-wearing', 'Plumping', 'Stick Formula']"
P190247,"['Stick Formula', 'Shimmer Finish', 'Plumping', 'Hydrating', 'Long-wearing']"
P272652,"['Warm &Spicy Scent', 'Layerable Scent']"
P450557,"['Warm &Spicy Scent', 'Floral Scent']"
P456356,"['Pressed Powder Formula', 'Hydrating', 'Matte Finish', 'Long-wearing', 'Medium Coverage']"
P408678,"['Clean at Sephora', 'Good for: Dullness/Uneven Texture', 'Good for: Dark Circles', 'Best for Normal Skin']"
P500415,"['Layerable Scent', 'Refill Available', 'Fresh Scent']"
P500404,"['Layerable Scent', 'Refill Available', 'Fresh Scent']"
P501172,"['Pressed Powder Formula', 'Metallic Finish', 'Shimmer Finish']"
P500410,"['Layerable Scent', 'Refill Available', 'Fresh Scent']"
P416204,No Highlights
P500397,"['Layerable Scent', 'Refill Available', 'Floral Scent']"
P469806,"['Radiant Finish', 'Good for: Dullness/Uneven Texture', 'Good for: Loss of firmness', 'Clean at Sephora', 'Good for: Dark Circles', 'Good for: Anti-Aging']"
P457272,"['Radiant Finish', 'Good for: Dullness/Uneven Texture', 'Good for: Loss of firmness', 'Clean at Sephora', 'Good for: Dark Circles', 'Good for: Anti-Aging']"
P450934,"['Radiant Finish', 'Good for: Dullness/Uneven Texture', 'Good for: Loss of firmness', 'Plumping', 'Clean at Sephora', 'Good for: Anti-Aging']"
P459464,No Highlights
P500405,"['Layerable Scent', 'Refill Available', 'Fresh Scent']"
P500419,"['Layerable Scent', 'Refill Available', 'Fresh Scent']"
P459466,No Highlights
P500411,"['Layerable Scent', 'Refill Available', 'Fresh Scent']"
P500432,"['Layerable Scent', 'Refill Available', 'Fresh Scent']"
P481822,"['Clean at Sephora', 'Good for: Hair Thinning', 'Straight Hair', 'Good for: Flaky/Dry Scalp', 'Increases Shine']"
P501230,"['Volumizing', 'Waterproof', 'Curling']"
P450935,"['Radiant Finish', 'Good for: Dullness/Uneven Texture', 'Good for: Loss of firmness', 'Plumping', 'Clean at Sephora', 'Good for: Anti-Aging']"
P500433,"['Layerable Scent', 'Refill Available', 'Fresh Scent']"
P504985,"['Radiant Finish', 'Good for: Dullness/Uneven Texture', 'Plumping', 'Clean at Sephora', 'Good for: Anti-Aging', 'Best for Dry, Combo, Normal Skin']"
P481993,"['Radiant Finish', 'Good for: Dullness/Uneven Texture', 'Plumping', 'Clean at Sephora', 'Hydrating', 'Best for Dry, Combo, Normal Skin']"
P505377,"['Natural Finish', 'Good for: Dullness/Uneven Texture', 'Liquid Formula', 'Matte Finish', 'Medium Coverage', 'Best for Dry, Combo, Normal Skin']"
P481997,"['Clean at Sephora', 'Full Coverage', 'Pressed Powder Formula', 'Vegan', 'Cruelty-Free']"
P481999,"['Vegan', 'Community Favorite', 'Clean at Sephora', 'Long-wearing', 'Matte Finish', 'Cruelty-Free']"
P502289,"['Vegan', 'Cream Formula', 'High Shine Finish', 'Clean at Sephora', 'Cruelty-Free']"
P482002,"['Vegan', 'Clean at Sephora', 'Matte Finish', 'Full Coverage', 'Cruelty-Free']"
P504152,"['Vegan', 'Clean at Sephora', 'Lengthening', 'Curling', 'Cruelty-Free']"
P482000,"['Vegan', 'Community Favorite', 'Clean at Sephora', 'Long-wearing', 'Waterproof', 'Cruelty-Free']"
P503357,"['Vegan', 'Loose Powder Formula', 'Shimmer Finish', 'Clean at Sephora', 'Cruelty-Free']"
P481996,"['Vegan', 'Clean at Sephora', 'Satin Finish', 'Full Coverage', 'Cruelty-Free']"
P481998,"['Vegan', 'Community Favorite', 'Clean at Sephora', 'Long-wearing', 'Cruelty-Free']"
P482001,"['Vegan', 'Cruelty-Free', 'Clean at Sephora', 'Long-wearing']"
P502461,"['Vegan', 'Clean at Sephora', 'Matte Finish', 'Cruelty-Free']"
P481995,"['Hydrating', 'Good for: Dryness', 'Clean at Sephora', 'Vegan', 'Cruelty-Free']"
P500491,"['Vegan', 'High Shine Finish', 'Clean at Sephora', 'Long-wearing', 'Full Coverage', 'Cruelty-Free']"
P502436,"['Vegan', 'Clean at Sephora', 'Matte Finish', 'Cruelty-Free']"
P503639,"['Vegan', 'Hyaluronic Acid', 'Hydrating', 'Clean at Sephora', 'Good for: Dryness', 'Cruelty-Free']"
P505462,"['Vegan', 'Cream Formula', 'Clean at Sephora', 'Long-wearing', 'Cruelty-Free']"
P500112,"['Without Oxybenzone', 'Vegan', 'Clean at Sephora', 'Good for: Anti-Aging', 'SPF', 'Cruelty-Free']"
P500778,"['Without Oxybenzone', 'Vegan', 'Clean at Sephora', 'Good for: Anti-Aging', 'SPF', 'Cruelty-Free']"
P500117,"['Without Oxybenzone', 'Vegan', 'Clean at Sephora', 'SPF', 'Best for Dry, Combo, Normal Skin', 'Cruelty-Free']"
P483453,"['Vegan', 'Unisex/ Genderless Scent', 'Refill Available', 'Clean + Planet Positive', 'Without Sulfates SLS & SLES']"
P483455,"['Clean + Planet Positive', 'allure 2021 Best of Beauty Award Winner']"
P483457,"['Vegan', 'Stick Formula', 'Clean + Planet Positive', 'Hydrating', 'Best for Dry, Combo, Normal Skin', 'Cruelty-Free']"
P503899,"['Vegan', 'Hyaluronic Acid', 'Clean + Planet Positive', 'Hydrating', 'Good for: Dryness', 'Hypoallergenic']"
P504902,"['Vegan', 'Recyclable Packaging', 'Good for: Dullness/Uneven Texture', 'Best for Dry Skin', 'Clean + Planet Positive', 'Cruelty-Free']"
P483458,['Clean + Planet Positive']
P483460,['Clean + Planet Positive']
P483459,['Clean + Planet Positive']
P502185,"['Natural Finish', 'Liquid Formula', 'Clean at Sephora', 'Long-wearing', 'Medium Coverage', 'Hypoallergenic']"
P500283,"['Vegan', 'High Shine Finish', 'Hydrating', 'Clean at Sephora', 'Fragrance Free', 'Cruelty-Free']"
P500314,"['Vegan', 'Radiant Finish', 'Pressed Powder Formula', 'Clean at Sephora', 'Cruelty-Free']"
P500284,"['Vegan', 'Shimmer Finish', 'Hydrating', 'Clean at Sephora', 'Matte Finish', 'Cruelty-Free']"
P500336,"['Shimmer Finish', 'Clean at Sephora', 'Matte Finish', 'Fragrance Free', 'Waterproof', 'Cruelty-Free']"
P500298,"['Cream Formula', 'Shimmer Finish', 'Clean at Sephora', 'Long-wearing', 'Matte Finish', 'Cruelty-Free']"
P501271,"['High Shine Finish', 'Clean at Sephora', 'Long-wearing', 'Fragrance Free', 'Waterproof', 'Cruelty-Free']"
P500301,"['Vegan', 'Natural Finish', 'Pressed Powder Formula', 'Clean at Sephora', 'Fragrance Free', 'Cruelty-Free']"
P504025,"['Vegan', 'Pressed Powder Formula', 'Natural Finish', 'Hydrating', 'Clean at Sephora', 'Cruelty-Free']"
P502321,"['Light Coverage', 'Vegan', 'Loose Powder Formula', 'Clean at Sephora', 'Cruelty-Free']"
P500295,"['Vegan', 'allure 2020 Best of Beauty Award Winner', 'Clean at Sephora', 'Long-wearing', 'Cruelty-Free']"
P502426,"['Vegan', 'Cruelty-Free']"
P400207,"['Good for: Acne/Blemishes', 'Best for Oily, Combo, Normal Skin', 'Salicylic Acid', 'Cruelty-Free', 'Vegan', 'Clean + Planet Positive']"
P400211,"['Good for: Dullness/Uneven Texture', 'Good for: Dryness', 'Cruelty-Free', 'Vegan', 'Clean + Planet Positive']"
P400203,"['Good for: Acne/Blemishes', 'Good for: Redness', 'Best for Oily, Combo, Normal Skin', 'Cruelty-Free', 'Vegan', 'Community Favorite']"
P479904,"['Vegan', 'Good for: Redness', 'Community Favorite', 'Good for: Acne/Blemishes', 'Best for Oily, Combo, Normal Skin', 'Cruelty-Free']"
P460747,"['Good for: Dark Circles', 'Good for: Dullness/Uneven Texture', 'Hyaluronic Acid', 'Cruelty-Free', 'Vegan', 'Clean + Planet Positive']"
P442564,"['CBD', 'Cruelty-Free', 'Clean + Planet Positive', 'Community Favorite']"
P437981,"['Good for: Dark Circles', 'Good for: Redness', 'Good for: Dryness', 'Cruelty-Free', 'Vegan', 'Clean + Planet Positive']"
P400202,"['Cruelty-Free', 'Vegan', 'Clean + Planet Positive']"
P400204,"['Best for Dry Skin', 'Good for: Anti-Aging', 'Clean + Planet Positive', 'Vegan']"
P479903,"['Vegan', 'Best for Dry Skin', 'Clean + Planet Positive', 'Good for: Anti-Aging']"
P407444,"['Vegan', 'Clean at Sephora', 'Cruelty-Free']"
P442002,"['Good for: Dullness/Uneven Texture', 'Best for Dry Skin', 'Cruelty-Free', 'allure 2020 Best of Beauty Award Winner', 'Vegan', 'Clean + Planet Positive']"
P421600,"['Good for: Acne/Blemishes', 'Best for Oily, Combo, Normal Skin', 'Salicylic Acid', 'Cruelty-Free', 'Vegan', 'Clean + Planet Positive']"
P454100,"['Good for: Dark Circles', 'Good for: Dullness/Uneven Texture', 'AHA/Glycolic Acid', 'Cruelty-Free', 'Vegan', 'Clean + Planet Positive']"
P436891,"['Vegan', 'Good for: Loss of firmness', 'Clean + Planet Positive', 'Good for: Anti-Aging']"
P481096,"['Vegan', 'Good for: Dullness/Uneven Texture', 'Vitamin C', 'Clean + Planet Positive', 'Good for: Dark spots', 'Cruelty-Free']"
P400205,"['Good for: Anti-Aging', 'Good for: Dullness/Uneven Texture', 'Best for Normal Skin', 'Cruelty-Free', 'Vegan', 'Clean + Planet Positive']"
P474326,"['Clean + Planet Positive', 'Best for Normal Skin', 'Good for: Dryness', 'Hydrating', 'Plumping']"
P474325,"['Clean + Planet Positive', 'Best for Oily, Combo, Normal Skin', 'Good for: Dryness', 'Hydrating', 'Salicylic Acid']"
P471033,"['Good for: Dark Circles', 'Hydrating', 'Plumping', 'Cruelty-Free', 'Vegan', 'Clean + Planet Positive']"
P503923,"['Vegan', 'Hyaluronic Acid', 'Vitamin C', 'Clean + Planet Positive', 'Good for: Dark Circles', 'Good for: Dryness']"
P450583,"['Vegan', 'Clean + Planet Positive', 'Good for: Dark Circles', 'AHA/Glycolic Acid', 'Good for: Dark spots', 'Cruelty-Free']"
P431840,"['Good for: Dryness', 'Cruelty-Free', 'Vegan', 'Clean + Planet Positive']"
P500988,"['Vegan', 'Good for: Loss of firmness', 'Clean + Planet Positive', 'Good for: Anti-Aging', 'Good for: Dryness', 'Cruelty-Free']"
P483661,"['Vegan', 'Good for: Loss of firmness', 'Clean + Planet Positive', 'Good for: Anti-Aging', 'Good for: Dryness', 'Cruelty-Free']"
P473313,"['Good for: Dryness', 'Clean + Planet Positive', 'Vegan', 'Hydrating']"
P441045,"['Good for: Anti-Aging', 'Good for: Loss of firmness', 'Clean + Planet Positive', 'Vegan']"
P452004,"['Vegan', 'Clean + Planet Positive']"
P432662,"['Good for: Anti-Aging', 'Good for: Loss of firmness', 'Clean + Planet Positive', 'Vegan']"
P505316,"['Vegan', 'Clean + Planet Positive', 'Good for: Acne/Blemishes', 'Salicylic Acid', 'Best for Oily, Combo, Normal Skin', 'Cruelty-Free']"
P480607,"['Vegan', 'Good for: Loss of firmness', 'Clean + Planet Positive', 'Good for: Dryness', 'Best for Dry, Combo, Normal Skin', 'Cruelty-Free']"
P481334,"['Good for: Anti-Aging', 'Good for: Dryness', 'Clean + Planet Positive', 'Vegan', 'Cruelty-Free']"
P480174,"['Good for: Pores', 'Clean + Planet Positive', 'AHA/Glycolic Acid', 'Good for: Acne/Blemishes', 'Salicylic Acid', 'Best for Oily, Combo, Normal Skin']"
P463049,"['Vegan', 'Layerable Scent', 'Warm &Spicy Scent', 'Clean at Sephora', 'Without Phthalates', 'Without Parabens']"
P473131,"['Vegan', 'Layerable Scent', 'Woody & Earthy Scent', 'Clean at Sephora', 'Without Phthalates', 'Without Parabens']"
P463048,"['Vegan', 'Layerable Scent', 'Warm &Spicy Scent', 'Clean at Sephora', 'Without Phthalates', 'Without Parabens']"
P473130,"['Vegan', 'Layerable Scent', 'Woody & Earthy Scent', 'Clean at Sephora', 'Without Phthalates', 'Without Parabens']"
P481708,No Highlights
P502377,"['Unisex/ Genderless Scent', 'Layerable Scent', 'Warm &Spicy Scent', 'Clean at Sephora', 'Cruelty-Free']"
P502427,"['Unisex/ Genderless Scent', 'Layerable Scent', 'Warm &Spicy Scent', 'Clean at Sephora', 'Cruelty-Free']"
P481709,No Highlights
P469475,No Highlights
P450560,"['Unisex/ Genderless Scent', 'Fresh Scent']"
P422442,No Highlights
P375126,"['Unisex/ Genderless Scent', 'Fresh Scent']"
P375127,"['Unisex/ Genderless Scent', 'Fresh Scent']"
P375113,No Highlights
P375120,No Highlights
P396476,"['Unisex/ Genderless Scent', 'Fresh Scent']"
P449366,No Highlights
P420118,No Highlights
P474054,No Highlights
P443789,No Highlights
P416349,No Highlights
P474327,No Highlights
P407507,"['Unisex/ Genderless Scent', 'Fresh Scent']"
P474835,No Highlights
P375123,No Highlights
P375130,"['Unisex/ Genderless Scent', 'Fresh Scent']"
P471034,['Woody & Earthy Scent']
P375131,No Highlights
P446445,No Highlights
P380627,No Highlights
P435313,No Highlights
P429076,No Highlights
P379451,No Highlights
P446911,No Highlights
P500469,"['Layerable Scent', 'Woody & Earthy Scent']"
P407506,No Highlights
P502346,"['Sustainable Packaging', 'Woody & Earthy Scent']"
P428686,No Highlights
P503245,No Highlights
P410532,"['Vegan', 'Stick Formula', 'Natural Finish', 'Long-wearing', 'Full Coverage', 'Cruelty-Free']"
P377723,"['Without Parabens', 'Radiant Finish', 'Vegan']"
P384963,"['Without Parabens', 'Radiant Finish', 'Community Favorite', 'Vegan']"
P210575,"['Oil Free', 'Natural Finish', 'SPF', 'Good for: Pores', 'Community Favorite', 'Cruelty-Free']"
P454042,"['Vegan', 'Natural Finish', 'Liquid Formula', 'Good for: Dark Circles', 'Full Coverage', 'Cruelty-Free']"
P382309,"['Without Parabens', 'Radiant Finish', 'Cruelty-Free', 'Vegan']"
P395697,"['Without Parabens', 'Radiant Finish', 'Vegan']"
P483662,"['High Shine Finish', 'Cruelty-Free', 'Plumping', 'Vegan', 'Hydrating']"
P433811,"['Shimmer Finish', 'Without Parabens', 'Vegan']"
P430240,"['Loose Powder Formula', 'Natural Finish', 'Community Favorite', 'Good for: Pores', 'Long-wearing', 'Cruelty-Free']"
P420411,No Highlights
P467953,"['Vegan', 'Natural Finish', 'Liquid Formula', 'Full Coverage', 'Good for: Dark spots', 'Cruelty-Free']"
P424900,"['Without Parabens', 'Radiant Finish', 'Community Favorite', 'Vegan']"
P301802,['Cruelty-Free']
P433813,"['Loose Powder Formula', 'Natural Finish', 'Community Favorite', 'Good for: Pores', 'Long-wearing', 'Cruelty-Free']"
P501154,"['Vegan', 'Natural Finish', 'Liquid Formula', 'Long-wearing', 'Medium Coverage', 'Cruelty-Free']"
P433809,"['Volumizing', 'Lengthening', 'Without Parabens', 'Vegan', 'Cruelty-Free']"
P425840,"['Without Parabens', 'Radiant Finish', 'Vegan']"
P444425,No Highlights
P410535,No Highlights
P404706,No Highlights
P376457,"['Natural Finish', 'Without Parabens', 'Long-wearing', 'Vegan', 'Without Triclosan', 'Cruelty-Free']"
P430239,No Highlights
P427527,"['allure 2019 Best of Beauty Award Winner', 'Cruelty-Free', 'Vegan']"
P425600,"['Oil Free', 'Natural Finish', 'SPF', 'Good for: Pores', 'Community Favorite', 'Cruelty-Free']"
P388108,No Highlights
P460829,"['Lengthening', 'Without Parabens', 'Vegan', 'Community Favorite', 'Cruelty-Free']"
P424901,"['Without Parabens', 'Radiant Finish', 'Vegan']"
P309504,No Highlights
P480609,"['Best for Dry, Combo, Normal Skin', 'Good for: Pores', 'Natural Finish']"
P379096,No Highlights
P388106,['Cruelty-Free']
P427516,"['Cruelty-Free', 'Vegan']"
P454744,No Highlights
P504297,"['Vegan', 'Stick Formula', 'Satin Finish', 'Full Coverage', 'Cruelty-Free']"
P457643,"['Radiant Finish', 'Long-wearing', 'Hydrating', 'Good for: Pores', 'Vegan', 'Cruelty-Free']"
P420410,No Highlights
P473833,"['Refill Available', 'Vegan', 'Gluten Free', 'Without Parabens', 'Cruelty-Free']"
P471550,"['Stick Formula', 'Natural Finish', 'Without Parabens', 'Vegan', 'Without Formaldehydes', 'Cruelty-Free']"
P483663,"['Vegan', 'Long-wearing', 'Waterproof', 'Without Parabens', 'Gluten Free', 'Cruelty-Free']"
P413341,No Highlights
P424902,No Highlights
P450905,No Highlights
P430238,['Cruelty-Free']
P471767,"['Full Coverage', 'Matte Finish', 'Without Parabens', 'Vegan', 'Without Phthalates', 'Cruelty-Free']"
P193244,No Highlights
P447359,"['Cruelty-Free', 'Vegan']"
P377724,No Highlights
P501180,"['Vegan', 'Cruelty-Free']"
P193245,No Highlights
P193246,No Highlights
P457644,"['Natural Finish', 'Long-wearing', 'Hydrating', 'Vegan', 'Prevents Color Fading', 'Cruelty-Free']"
P297710,No Highlights
P375376,No Highlights
P504637,"['Vegan', 'Retinol', 'Alcohol Free', 'Cruelty-Free']"
P502339,"['Vegan', 'High Shine Finish', 'Plumping', 'Hydrating', 'Cruelty-Free']"
P193247,No Highlights
P376092,No Highlights
P375374,No Highlights
P375375,No Highlights
P480608,"['Plumping', 'Vegan', 'Cruelty-Free']"
P483150,No Highlights
P461167,No Highlights
P376090,No Highlights
P193248,No Highlights
P376091,No Highlights
P469831,"['Hydrating', 'Good for: Dryness', 'Good for: Anti-Aging', 'Good for: Dark Circles', 'Without Parabens', 'Vegan']"
P231040,No Highlights
P469832,"['Hydrating', 'Good for: Dryness', 'Good for: Dullness/Uneven Texture', 'Vegan', 'Without Parabens', 'Cruelty-Free']"
P469833,"['Vegan', 'Hydrating', 'allure 2021 Best of Beauty Award Winner', 'Good for: Dryness', 'Without Sulfates SLS & SLES']"
P454758,No Highlights
P425941,No Highlights
P415643,['Cruelty-Free']
P427605,"['Cruelty-Free', 'Vegan']"
P433812,"['Volumizing', 'Lengthening', 'Without Parabens', 'Vegan', 'Cruelty-Free']"
P473858,"['Customizable', 'Refill Available', 'Cruelty-Free', 'Vegan']"
P469476,"['Vegan', 'Satin Finish', 'Long-wearing', 'Without Parabens']"
P454745,"['Cruelty-Free', 'Vegan']"
P469830,"['Vegan', 'Good for: Anti-Aging', 'Good for: Dryness', 'Without Parabens', 'SPF', 'Cruelty-Free']"
P504339,"['Vegan', 'Stick Formula', 'Satin Finish', 'Full Coverage', 'Cruelty-Free']"
P476685,"['Cruelty-Free', 'Vegan', 'Without Parabens', 'Good for: Dryness']"
P476686,"['Good for: Anti-Aging', 'Good for: Dryness', 'Good for: Dullness/Uneven Texture', 'Vegan', 'Cruelty-Free', 'Without Parabens']"
P504871,"['Vegan', 'Lengthening', 'Without Parabens', 'Without Sulfates SLS & SLES', 'Cruelty-Free']"
P469801,"['Hydrating', 'Good for: Dryness', 'Good for: Dullness/Uneven Texture', 'Vegan', 'Without Parabens', 'Cruelty-Free']"
P469829,"['Good for: Anti-Aging', 'Good for: Dryness', 'Good for: Dullness/Uneven Texture', 'Without Parabens', 'Vegan', 'Cruelty-Free']"
P408663,No Highlights
P483686,"['Long-wearing', 'Cruelty-Free']"
P502324,['Cruelty-Free']
P433402,"['Vegan', 'Loose Powder Formula', 'Community Favorite', 'Matte Finish', 'Medium Coverage']"
P43818047,"['Metallic Finish', 'Community Favorite', 'Shimmer Finish', 'Matte Finish']"
P450887,"['Matte Finish', 'Shimmer Finish', 'Metallic Finish']"
P441880,"['Matte Finish', 'Cream Formula', 'Long-wearing']"
P402036,No Highlights
P440102,"['Metallic Finish', 'Matte Finish', 'Long-wearing']"
P471242,"['Vegan', 'Loose Powder Formula', 'Community Favorite', 'Matte Finish', 'Medium Coverage']"
P450511,"['Matte Finish', 'Cream Formula', 'Long-wearing']"
P471243,"['Cream Formula', 'Matte Finish', 'Long-wearing', 'Waterproof', 'Vegan']"
P500309,"['Vegan', 'Liquid Formula', 'Matte Finish', 'Long-wearing', 'Full Coverage', 'Waterproof']"
P432059,"['Metallic Finish', 'Shimmer Finish', 'Matte Finish']"
P465324,"['Vegan', 'Stick Formula', 'Natural Finish', 'Fragrance Free', 'Medium Coverage', 'Cruelty-Free']"
P479843,"['Matte Finish', 'Long-wearing', 'Liquid Formula', 'Vegan', 'Fragrance Free', 'Full Coverage']"
P463061,No Highlights
P444605,"['Vegan', 'Cream Formula', 'Matte Finish', 'Long-wearing']"
P54654321,No Highlights
P489310288,"['Matte Finish', 'Shimmer Finish', 'Metallic Finish']"
P467625,"['Vegan', 'Liquid Formula', 'Matte Finish', 'Full Coverage', 'Fragrance Free']"
P463062,"['Matte Finish', 'Shimmer Finish', 'Metallic Finish']"
P471244,"['Cream Formula', 'High Shine Finish', 'Hydrating', 'Plumping', 'Vegan']"
P477474,"['Metallic Finish', 'Shimmer Finish', 'Matte Finish', 'Cruelty-Free']"
P404829,No Highlights
P501327,"['Metallic Finish', 'Shimmer Finish', 'Satin Finish', 'Matte Finish', 'Long-wearing', 'Cruelty-Free']"
P472816,"['Vegan', 'Pressed Powder Formula', 'Satin Finish', 'Clean at Sephora', 'Fragrance Free', 'Cruelty-Free']"
P98466189,"['Matte Finish', 'Volumizing', 'Curling', 'Lengthening']"
P472815,"['Light Coverage', 'Vegan', 'Radiant Finish', 'Liquid Formula', 'Fragrance Free']"
P444608,"['Pressed Powder Formula', 'allure 2019 Best of Beauty Award Winner', 'Liquid Formula']"
P482003,"['Stick Formula', 'allure 2022 Best of Beauty Award Winner', 'Natural Finish', 'Cream Formula', 'Hydrating', 'Long-wearing']"
P444142,No Highlights
P469477,"['Waterproof', 'Long-wearing', 'Vegan']"
P459256,No Highlights
P444607,No Highlights
P477988,"['Vegan', 'Pressed Powder Formula', 'Natural Finish', 'Clean at Sephora', 'Fragrance Free', 'Cruelty-Free']"
P475948,"['Shimmer Finish', 'Metallic Finish', 'Matte Finish', 'Long-wearing', 'Cruelty-Free']"
P477989,"['Vegan', 'Pressed Powder Formula', 'Natural Finish', 'Clean at Sephora', 'Fragrance Free', 'Cruelty-Free']"
P502306,"['Vegan', 'Good for: Pores', 'Hydrating', 'Fragrance Free', 'Without Silicones', 'Cruelty-Free']"
P420239,No Highlights
P465326,No Highlights
P504610,"['Cream Formula', 'Liquid Formula', 'Matte Finish', 'Long-wearing', 'Fragrance Free', 'Cruelty-Free']"
P465325,No Highlights
P500144,"['Metallic Finish', 'Shimmer Finish', 'Matte Finish', 'Long-wearing', 'Fragrance Free', 'Alcohol Free', 'Cruelty-Free']"
P474836,"['Vegan', 'Long-wearing', 'Waterproof']"
P449341,No Highlights
P502092,"['Pressed Powder Formula', 'Metallic Finish', 'Shimmer Finish', 'Matte Finish', 'Fragrance Free', 'Cruelty-Free']"
P474837,"['Matte Finish', 'Volumizing', 'Curling', 'Lengthening']"
P504885,"['Pressed Powder Formula', 'Matte Finish', 'Fragrance Free', 'Cruelty-Free']"
P500730,"['Vegan', 'High Shine Finish', 'Plumping', 'Hydrating', 'Fragrance Free', 'Cruelty-Free']"
P9214873437,No Highlights
P477168,"['Long-wearing', 'Fragrance Free', 'Cruelty-Free', 'Vegan']"
P482004,No Highlights
P472813,No Highlights
P501457,"['Liquid Formula', 'Cruelty-Free']"
P472814,No Highlights
P476690,"['Good for: Dryness', 'Hydrating', 'Plumping', 'Hyaluronic Acid', 'High Shine Finish', 'Cruelty-Free']"
P500854,"['Long-wearing', 'Waterproof', 'Cruelty-Free']"
P500769,"['Vegan', 'High Shine Finish', 'Plumping', 'Hydrating', 'Fragrance Free', 'Cruelty-Free']"
P504900,"['Vegan', 'Cream Formula', 'Matte Finish', 'Long-wearing', 'Waterproof', 'Cruelty-Free']"
P478522,"['Vegan', 'Pressed Powder Formula', 'Satin Finish', 'Clean at Sephora', 'Fragrance Free', 'Cruelty-Free']"
P415922,"['Vegan', 'Clean at Sephora', 'All Hair Types', 'Good for: Hair Thinning', 'Without Phthalates', 'Gluten Free']"
P443349,"['Vegan', 'Clean at Sephora', 'Without Phthalates', 'Good for: Acne/Blemishes', 'Without Parabens', 'Gluten Free']"
P386754,"['Vegan', 'Clean at Sephora', 'Without Phthalates', 'Good for: Acne/Blemishes', 'Without Parabens', 'Gluten Free']"
P394826,"['Vegan', 'Clean at Sephora', 'Without Phthalates', 'Without Parabens', 'Gluten Free']"
P503052,"['Vegan', 'Clean at Sephora', 'Without Phthalates', 'Without Parabens', 'Gluten Free']"
P386763,"['Vegan', 'Hydrating', 'Clean at Sephora', 'Without Phthalates', 'Without Parabens', 'Gluten Free']"
P457510,"['Vegan', 'Without Phthalates', 'Without Parabens', 'Gluten Free']"
P405826,No Highlights
P386765,"['Vegan', 'Hydrating', 'Clean at Sephora', 'Without Phthalates', 'Without Parabens', 'Gluten Free']"
P453713,"['Hyaluronic Acid', 'Good for: Loss of firmness', 'Vitamin C', 'Collagen', 'Clean at Sephora', 'Good for: Dryness']"
P407387,"['Vegan', 'Clean at Sephora', 'Without Phthalates', 'Without Parabens', 'Gluten Free']"
P386761,No Highlights
P431847,"['Vegan', 'Hyaluronic Acid', 'Vitamin C', 'Hydrating', 'Good for: Dryness', 'Gluten Free']"
P504575,"['Vegan', 'Clean at Sephora', 'Without Phthalates', 'Without Parabens']"
P386755,"['Hyaluronic Acid', 'Good for: Loss of firmness', 'Vitamin C', 'Collagen', 'Good for: Anti-Aging']"
P468149,No Highlights
P451996,"['Vegan', 'Good for: Loss of firmness', 'Hydrating', 'Good for: Anti-Aging', 'Good for: Dryness', 'Gluten Free']"
P474839,"['Vegan', 'Clean at Sephora', 'Without Phthalates', 'Without Parabens', 'Gluten Free']"
P474838,"['Vegan', 'Vitamin C', 'Clean at Sephora', 'Gluten Free']"
P482005,"['Vegan', 'Clean at Sephora', 'Gluten Free']"
P386759,No Highlights
P500111,"['Vegan', 'Vitamin C', 'Clean at Sephora', 'Without Parabens', 'Without Silicones', 'Gluten Free']"
P388982,No Highlights
P386760,"['Good for: Redness', 'Without Phthalates', 'Without Parabens', 'Gluten Free']"
P386764,No Highlights
P386757,"['Vegan', 'Good for: Dark Circles', 'Clean at Sephora', 'Without Phthalates', 'Without Parabens', 'Gluten Free']"
P386762,"['Vegan', 'Clean at Sephora', 'Without Phthalates', 'Without Parabens', 'Gluten Free']"
P408271,No Highlights
P389097,No Highlights
P476428,"['Good for: Dullness/Uneven Texture', 'Vitamin C', 'Clean at Sephora', 'Oil Free', 'Good for: Acne/Blemishes', 'Good for: Dark spots']"
P500614,"['Good for: Dullness/Uneven Texture', 'Good for: Pores', 'Hydrating', 'Good for: Acne/Blemishes', 'Best for Dry, Combo, Normal Skin', 'Good for: Dark spots']"
P481710,"['Good for: Dullness/Uneven Texture', 'Good for: Pores', 'Clean at Sephora', 'AHA/Glycolic Acid', 'Good for: Dark spots', 'Niacinamide']"
P503216,"['Good for: Dullness/Uneven Texture', 'Hyaluronic Acid', 'Vitamin C', 'AHA/Glycolic Acid', 'Best for Oily, Combo, Normal Skin', 'Good for: Dark spots']"
P476515,"['Good for: Dullness/Uneven Texture', 'Vitamin C', 'Clean at Sephora', 'Oil Free', 'Good for: Acne/Blemishes', 'Good for: Dark spots']"
P461217,"['Liquid Formula', 'High Shine Finish', 'Alcohol Free', 'Oil Free', 'Vegan']"
P461220,"['Vegan', 'Liquid Formula', 'Matte Finish', 'Medium Coverage', 'Oil Free']"
P478279,"['Stick Formula', 'Metallic Finish', 'Liquid Formula', 'Shimmer Finish', 'Fragrance Free', 'Cruelty-Free']"
P473171,"['Light Coverage', 'Vegan', 'Radiant Finish', 'Best for Normal Skin']"
P461219,"['Vegan', 'Radiant Finish', 'Liquid Formula', 'Fresh Scent', 'Alcohol Free']"
P502623,"['Light Coverage', 'Vegan', 'Liquid Formula', 'Satin Finish', 'Without Parabens', 'Cruelty-Free']"
P502611,"['Vegan', 'Radiant Finish', 'Liquid Formula', 'Good for: Pores', 'Vitamin C', 'Cruelty-Free']"
P463452,"['Vegan', 'Hyaluronic Acid', 'High Shine Finish', 'Vitamin C']"
P484045,"['Vegan', 'Radiant Finish', 'Liquid Formula', 'Without Parabens']"
P471035,"['Vegan', 'Liquid Formula', 'Matte Finish', 'Medium Coverage', 'Oil Free']"
P481711,"['Vegan', 'Radiant Finish', 'Shimmer Finish', 'Cruelty-Free']"
P502601,"['Vegan', 'Radiant Finish', 'Liquid Formula', 'Without Parabens', 'Without Sulfates SLS & SLES', 'Cruelty-Free']"
P477991,"['Vegan', 'Pressed Powder Formula', 'Cream Formula', 'Matte Finish', 'Cruelty-Free']"
P461218,"['Vegan', 'Liquid Formula', 'High Shine Finish', 'Plumping', 'Without Parabens']"
P505240,"['Vegan', 'Liquid Formula', 'High Shine Finish', 'Cruelty-Free']"
P482679,"['Vegan', 'Long-wearing', 'Without Phthalates', 'Fragrance Free', 'Without Parabens']"
P500445,"['Vegan', 'Radiant Finish', 'Hyaluronic Acid', 'Liquid Formula', 'Without Parabens', 'Cruelty-Free']"
P500412,"['Vegan', 'Cruelty-Free']"
P504574,"['Vegan', 'Cruelty-Free']"
P429264,"['Vegan', 'Prevents Color Fading', 'Without Silicones', 'Good for: Oily Scalp']"
P410480,"['Good for: Color Care', 'All Hair Types', 'Good for: Dryness', 'Good for: Frizz', 'UV Protection', 'Increases Shine']"
P410491,"['Vegan', 'Good for: Volume', 'All Hair Types', 'Without Silicones', 'Gluten Free', 'Cruelty-Free']"
P433830,"['Good for: Color Care', 'Heat Protection', 'All Hair Types', 'Good for: Frizz', 'Prevents Color Fading', 'Increases Shine']"
P430845,"['Good for: Color Care', 'Reduces Brassiness', 'Prevents Color Fading', 'All Hair Types', 'Vegan']"
P445737,"['Good for: Dryness', 'Good for: Color Care', 'Good for: Damage', 'Increases Shine', 'All Hair Types', 'Vegan']"
P410477,"['Good for: Color Care', 'Heat Protection', 'Curl-Enhancing', 'All Hair Types', 'Good for: Dryness', 'UV Protection']"
P460865,"['Good for: Dryness', 'Good for: Frizz', 'Good for: Color Care', 'Heat Protection', 'Increases Shine', 'Prevents Color Fading']"
P422026,"['Vegan', 'Good for: Color Care', 'All Hair Types', 'Good for: Frizz', 'Prevents Color Fading', 'Increases Shine']"
P426849,No Highlights
P439093,No Highlights
P426186,"['Vegan', 'Good for: Volume', 'All Hair Types', 'Without Silicones', 'Gluten Free', 'Cruelty-Free']"
P429266,"['Vegan', 'Without Mineral Oil', 'All Hair Types', 'Without Parabens', 'Good for: Oily Scalp', 'Cruelty-Free']"
P426192,No Highlights
P429716,"['Vegan', 'All Hair Types', 'Good for: Frizz', 'Good for: Dryness', 'Increases Shine', 'Cruelty-Free']"
P468150,No Highlights
P455859,"['Good for: Color Care', 'All Hair Types', 'Good for: Dryness', 'Good for: Frizz', 'UV Protection', 'Increases Shine']"
P419625,No Highlights
P410485,"['Good for: Color Care', 'All Hair Types', 'Good for: Dryness', 'Good for: Frizz', 'Prevents Color Fading', 'Increases Shine']"
P410484,"['Good for: Color Care', 'All Hair Types', 'Good for: Dryness', 'Good for: Frizz', 'Prevents Color Fading', 'Increases Shine']"
P447583,No Highlights
P471551,"['Straight Hair', 'Good for: Hair Thinning', 'Good for: Volume', 'Vegan', 'Wavy Hair']"
P429263,No Highlights
P441827,No Highlights
P433836,No Highlights
P479725,"['Good for: Color Care', 'Heat Protection', 'All Hair Types', 'Good for: Frizz', 'Prevents Color Fading', 'Increases Shine']"
P433837,No Highlights
P447584,"['Vegan', 'Medium Hold', 'Heat Protection', 'Increases Shine']"
P444429,No Highlights
P444428,No Highlights
P429265,No Highlights
P471552,"['Vegan', 'All Hair Types', 'Good for: Dryness', 'Without Parabens', 'Increases Shine']"
P475949,"['Vegan', 'Volumizing', 'Good for: Volume', 'Good for: Frizz', 'Gluten Free', 'Cruelty-Free']"
P455329,"['Vegan', 'Good for: Color Care', 'All Hair Types', 'Prevents Color Fading', 'Without Sulfates SLS & SLES', 'Good for: Flaky/Dry Scalp']"
P477741,"['Vegan', 'Good for: Volume', 'All Hair Types', 'Gluten Free', 'Increases Shine', 'Cruelty-Free']"
P471553,"['Vegan', 'All Hair Types', 'Good for: Dryness', 'Without Parabens', 'Increases Shine']"
P459217,No Highlights
P500864,"['Vegan', 'Hyaluronic Acid', 'Heat Protection', 'Hydrating', 'Reduces Brassiness', 'Increases Shine']"
P476691,"['Vegan', 'Without Parabens', 'Without Silicones', 'Without Sulfates SLS & SLES', 'Cruelty-Free']"
P477740,"['Vegan', 'Volumizing', 'Good for: Volume', 'All Hair Types', 'Without Parabens', 'Cruelty-Free']"
P500855,"['Vegan', 'Good for: Color Care', 'Reduces Brassiness', 'Without Sulfates SLS & SLES', 'Increases Shine', 'Cruelty-Free']"
P500901,"['Vegan', 'Good for: Color Care', 'Reduces Brassiness', 'Without Sulfates SLS & SLES', 'Increases Shine', 'Cruelty-Free']"
P455418,"['allure 2020 Best of Beauty Award Winner', 'Hyaluronic Acid', 'Community Favorite', 'Clean at Sephora', 'Fragrance Free', 'Oil Free']"
P431750,"['allure 2019: Clean Beauty Winner', 'Community Favorite', 'Clean at Sephora', 'Long-wearing', 'Lengthening', 'Cruelty-Free']"
P411848,"['Natural Finish', 'Hydrating', 'Clean at Sephora', 'Fragrance Free', 'Gluten Free']"
P429548,"['Vegan', 'Natural Finish', 'Clean at Sephora', 'Medium Coverage', 'Best for Oily, Combo, Normal Skin', 'Niacinamide']"
P472978,"['Hydrating', 'Natural Finish', 'Good for: Dryness', 'Without Silicones', 'Clean at Sephora']"
P444439,"['Community Favorite', 'allure 2019 Best of Beauty Award Winner', 'Clean at Sephora', 'Long-wearing', 'Lengthening', 'Cruelty-Free']"
P464772,"['allure 2020 Best of Beauty Award Winner', 'Cream Formula', 'Clean at Sephora', 'Long-wearing', 'Fragrance Free', 'Oil Free']"
P441873,"['Medium Coverage', 'Satin Finish', 'Vitamin C', 'Fragrance Free', 'Clean at Sephora', 'Vegan']"
P461456,"['Hydrating', 'Plumping', 'Hyaluronic Acid', 'Gluten Free', 'Clean at Sephora', 'Vegan']"
P448845,"['Vegan', 'Metallic Finish', 'Clean at Sephora', 'Satin Finish', 'Matte Finish']"
P444438,"['Satin Finish', 'Hydrating', 'Gluten Free', 'Clean at Sephora', 'Vegan']"
P436270,"['Satin Finish', 'Hydrating', 'Long-wearing', 'Gluten Free', 'Clean at Sephora', 'Vegan']"
P411850,"['Natural Finish', 'Hydrating', 'Good for: Dryness', 'Gluten Free', 'Clean at Sephora']"
P458753,"['Vegan', 'Clean at Sephora', 'Matte Finish', 'Fragrance Free', 'Gluten Free']"
P417170,"['Loose Powder Formula', 'Matte Finish', 'Best for Oily, Combo, Normal Skin', 'Gluten Free', 'Clean at Sephora', 'Vegan']"
P500245,"['Good for: Dullness/Uneven Texture', 'Vitamin C', 'Clean at Sephora', 'Best for Dry, Combo, Normal Skin', 'SPF', 'Niacinamide']"
P475110,"['Volumizing', 'Fragrance Free', 'Cruelty-Free', 'Without Silicones', 'Clean at Sephora']"
P467765,"['Clean at Sephora', 'Hydrating', 'Plumping', 'Hyaluronic Acid', 'Gluten Free']"
P444919,"['Radiant Finish', 'Hydrating', 'Fragrance Free', 'Gluten Free', 'Clean at Sephora', 'Vegan']"
P480308,"['Vegan', 'Hyaluronic Acid', 'allure 2022 Clean Beauty Winner', 'High Shine Finish', 'Hydrating', 'Clean at Sephora']"
P504071,"['Vegan', 'Good for: Dark Circles', 'Hydrating', 'Clean at Sephora', 'Fragrance Free', 'Without Silicones']"
P441874,"['Radiant Finish', 'Without Silicones', 'Oil Free', 'Fragrance Free', 'Clean at Sephora', 'Vegan']"
P407640,"['Clean at Sephora', 'Stick Formula']"
P475111,"['Volumizing', 'Fragrance Free', 'Cruelty-Free', 'Without Silicones', 'Clean at Sephora']"
P448847,"['Long-wearing', 'Alcohol Free', 'Fragrance Free', 'Gluten Free', 'Clean at Sephora', 'Vegan']"
P471245,"['Hydrating', 'Vegan', 'Natural Finish', 'Good for: Dryness', 'Good for: Dullness/Uneven Texture', 'Clean at Sephora']"
P448846,"['Clean at Sephora', 'Without Sulfates SLS & SLES', 'Without Parabens', 'Vegan']"
P471246,"['Hydrating', 'Vegan', 'Natural Finish', 'Good for: Dryness', 'Good for: Dullness/Uneven Texture', 'Clean at Sephora']"
P458754,"['Vegan', 'Radiant Finish', 'Clean at Sephora', 'Fragrance Free', 'Gluten Free']"
P439202,"['Clean at Sephora', 'Without Sulfates SLS & SLES', 'Without Parabens', 'Vegan']"
P422517,"['Vegan', 'Clean at Sephora']"
P395417,No Highlights
P428120,No Highlights
P441815,No Highlights
P429434,No Highlights
P455637,"['Vegan', 'Medium Coverage', 'Hydrating']"
P428119,No Highlights
P436258,No Highlights
P449099,No Highlights
P449102,No Highlights
P469478,"['Vegan', 'Hyaluronic Acid', 'Hydrating', 'Without Parabens', 'Niacinamide']"
P431104,No Highlights
P440660,No Highlights
P446602,No Highlights
P481712,"['Vegan', 'Cruelty-Free']"
P458958,"['Vegan', 'Vitamin C', 'Plumping', 'Hydrating', 'Good for: Anti-Aging']"
P432231,No Highlights
P471037,"['Vegan', 'Good for: Dullness/Uneven Texture', 'Hyaluronic Acid', 'Good for: Pores', 'Hydrating', 'Clean at Sephora']"
P472469,"['Good for: Dark spots', 'Good for: Loss of firmness', 'Good for: Dullness/Uneven Texture', 'Vitamin C', 'Vegan', 'Good for: Anti-Aging']"
P480447,"['Good for: Dullness/Uneven Texture', 'Good for: Loss of firmness', 'Vitamin C', 'Hydrating', 'Good for: Dryness', 'Fragrance Free']"
P471039,"['Vegan', 'Good for: Pores', 'Clean at Sephora', 'Good for: Acne/Blemishes', 'Best for Oily, Combo, Normal Skin', 'Alcohol Free']"
P483127,No Highlights
P471038,"['Vegan', 'High Shine Finish', 'Plumping', 'Hydrating', 'Clean at Sephora']"
P474329,"['Vegan', 'Hyaluronic Acid', 'Good for: Dullness/Uneven Texture', 'Good for: Loss of firmness', 'Vitamin C', 'Hydrating']"
P503865,"['Vegan', 'Good for: Loss of firmness', 'Good for: Dark Circles', 'Good for: Anti-Aging', 'Good for: Dryness', 'Cruelty-Free']"
P500687,"['Vegan', 'Good for: Dullness/Uneven Texture', 'Clean at Sephora', 'Good for: Dryness', 'Alcohol Free', 'Without Sulfates SLS & SLES']"
P471041,"['Vegan', 'Good for: Dullness/Uneven Texture', 'Good for: Pores', 'Clean at Sephora', 'Alcohol Free', 'Good for: Dark spots']"
P471042,"['Vegan', 'Good for: Dullness/Uneven Texture', 'Plumping', 'Hydrating', 'Clean at Sephora', 'Best for Dry, Combo, Normal Skin']"
P502322,"['Good for: Dullness/Uneven Texture', 'Good for: Loss of firmness', 'Plumping', 'Hydrating', 'Clean at Sephora', 'Gluten Free']"
P471040,"['Vegan', 'Good for: Dullness/Uneven Texture', 'Good for: Pores', 'Clean at Sephora', 'Best for Oily, Combo, Normal Skin', 'Alcohol Free']"
P504892,"['Good for: Dullness/Uneven Texture', 'Lactic Acid', 'Good for: Pores', 'AHA/Glycolic Acid', 'Salicylic Acid', 'Good for: Acne/Blemishes']"
P477413,"['Vegan', 'Good for: Dullness/Uneven Texture', 'Good for: Pores', 'Clean at Sephora', 'Best for Oily, Combo, Normal Skin', 'Good for: Dark spots']"
P456392,"['Hydrating', 'Without Phthalates', 'UV Protection', 'Without Parabens', 'Best for Dry, Combo, Normal Skin', 'SPF']"
P468658,"['Good for: Dullness/Uneven Texture', 'Good for: Pores', 'AHA/Glycolic Acid', 'Best for Oily, Combo, Normal Skin', 'Without Parabens']"
P503891,"['Hyaluronic Acid', 'Hydrating', 'Without Mineral Oil', 'Good for: Dryness', 'Without Parabens', 'Best for Dry, Combo, Normal Skin']"
P475951,"['Hyaluronic Acid', 'Best for Oily Skin', 'Hydrating', 'Good for: Dryness', 'Without Parabens', 'Best for Dry, Combo, Normal Skin']"
P482006,"['Good for: Dullness/Uneven Texture', 'Hydrating', 'Without Mineral Oil', 'Without Phthalates', 'Without Parabens', 'Niacinamide']"
P456395,"['Best for Combination Skin', 'Best for Oily Skin', 'Lactic Acid', 'Good for: Pores', 'Without Parabens', 'Without Sulfates SLS & SLES']"
P475112,"['Good for: Dullness/Uneven Texture', 'Matte Finish', 'AHA/Glycolic Acid', 'Best for Oily, Combo, Normal Skin', 'Without Parabens']"
P468672,"['Good for: Pores', 'Without Mineral Oil', 'Salicylic Acid', 'Best for Oily, Combo, Normal Skin', 'Without Parabens', 'Without Silicones']"
P482007,"['Without Parabens', 'Best for Dry, Combo, Normal Skin', 'Without Sulfates SLS & SLES', 'Without Phthalates', 'Hydrating', 'Good for: Dullness/Uneven Texture']"
P468671,"['Good for: Pores', 'Without Mineral Oil', 'Salicylic Acid', 'Best for Oily, Combo, Normal Skin', 'Without Parabens', 'Without Silicones']"
P503928,"['Hyaluronic Acid', 'Hydrating', 'Without Mineral Oil', 'Good for: Dryness', 'Without Parabens', 'Best for Dry, Combo, Normal Skin']"
P503901,"['Hyaluronic Acid', 'Hydrating', 'Without Mineral Oil', 'Good for: Dryness', 'Without Parabens', 'Best for Dry, Combo, Normal Skin']"
P503890,"['Hyaluronic Acid', 'Best for Oily Skin', 'Hydrating', 'Good for: Dryness', 'Without Parabens', 'Best for Dry, Combo, Normal Skin']"
P503942,"['Hydrating', 'Without Mineral Oil', 'Good for: Dryness', 'Without Parabens', 'Best for Dry, Combo, Normal Skin', 'Without Sulfates SLS & SLES']"
P503930,"['Hyaluronic Acid', 'Hydrating', 'Without Mineral Oil', 'Good for: Dryness', 'Without Parabens', 'Best for Dry, Combo, Normal Skin']"
P503935,"['Good for: Pores', 'Without Mineral Oil', 'AHA/Glycolic Acid', 'Salicylic Acid', 'Best for Oily, Combo, Normal Skin', 'Without Parabens']"
P503894,"['Hyaluronic Acid', 'Hydrating', 'Without Mineral Oil', 'Good for: Dryness', 'Without Parabens', 'Best for Dry, Combo, Normal Skin']"
P504840,"['Hyaluronic Acid', 'Hydrating', 'Without Mineral Oil', 'Good for: Dryness', 'Without Parabens', 'Best for Dry, Combo, Normal Skin']"
P431180,"['Natural Finish', 'Good for: Dullness/Uneven Texture', 'Vitamin C', 'Clean at Sephora', 'Customizable', 'Good for: Dark spots']"
P431181,"['Vegan', 'Refill Available', 'Hydrating', 'Clean at Sephora', 'Cruelty-Free']"
P469482,"['Vegan', 'Good for: Dullness/Uneven Texture', 'Hydrating', 'Clean at Sephora', 'Good for: Dryness', 'Cruelty-Free']"
P443829,"['Hydrating', 'Customizable', 'Cruelty-Free', 'Vegan', 'Clean at Sephora']"
P482008,"['Hyaluronic Acid', 'Clean at Sephora', 'Hydrating']"
P456988,"['Hydrating', 'Refill Available', 'Customizable', 'Cruelty-Free', 'Vegan', 'Clean at Sephora']"
P444614,"['Hydrating', 'Customizable', 'Cruelty-Free', 'Vegan', 'Clean at Sephora']"
P504162,"['Natural Finish', 'Good for: Dullness/Uneven Texture', 'Vitamin C', 'Clean at Sephora', 'Customizable', 'Good for: Dark spots']"
P476540,"['Hydrating', 'Vegan', 'Clean at Sephora', 'Cruelty-Free', 'Good for: Dullness/Uneven Texture', 'Customizable']"
P474957,"['Clean at Sephora', 'Hydrating', 'Vegan', 'Cruelty-Free', 'Hyaluronic Acid']"
P474956,"['Clean at Sephora', 'Hydrating', 'Hyaluronic Acid', 'Vegan', 'Cruelty-Free']"
P459140,"['Refill Available', 'Liquid Formula', 'Clean at Sephora']"
P470533,No Highlights
P433155,"['Vegan', 'Hydrating', 'Fresh Scent', 'Clean at Sephora', 'Cruelty-Free']"
P444990,"['Hydrating', 'Gluten Free', 'Cruelty-Free', 'Vegan', 'Clean at Sephora']"
P431419,"['AHA/Glycolic Acid', 'Hydrating', 'Cruelty-Free', 'Vegan', 'Clean at Sephora']"
P431418,"['Vegan', 'Radiant Finish', 'Good for: Dullness/Uneven Texture', 'Clean at Sephora', 'Cruelty-Free']"
P482009,No Highlights
P505318,"['Natural Finish', 'Good for: Dullness/Uneven Texture', 'Vitamin C', 'Clean at Sephora', 'Customizable', 'Good for: Dark spots']"
P411403,"['Vegan', 'Hyaluronic Acid', 'Good for: Loss of firmness', 'Good for: Anti-Aging', 'Without Parabens', 'Best for Dry, Combo, Normal Skin']"
P437987,"['Natural Finish', 'Cream Formula', 'Long-wearing', 'Full Coverage', 'Waterproof']"
P411884,"['Radiant Finish', 'Cream Formula', 'Good for: Anti-Aging', 'Full Coverage', 'SPF', 'Best for Dry, Combo, Normal Skin']"
P433435,"['Cream Formula', 'Matte Finish', 'Good for: Anti-Aging', 'Full Coverage', 'SPF']"
P482010,"['Medium Coverage', 'SPF', 'Niacinamide', 'Hyaluronic Acid', 'Best for Dry, Combo, Normal Skin', 'Without Parabens']"
P425876,No Highlights
P411401,"['Vegan', 'Hyaluronic Acid', 'Good for: Dark Circles', 'Good for: Anti-Aging', 'Fragrance Free', 'Without Parabens']"
P411889,"['Natural Finish', 'Pressed Powder Formula', 'Collagen', 'Full Coverage']"
P446901,"['Natural Finish', 'Cream Formula', 'Long-wearing', 'Full Coverage', 'Waterproof']"
P411886,"['Pressed Powder Formula', 'Matte Finish', 'Good for: Pores']"
P411393,"['Best for Dry, Combo, Normal Skin', 'Good for: Redness', 'Full Coverage', 'Long-wearing']"
P502656,"['Good for: Dullness/Uneven Texture', 'Hyaluronic Acid', 'Vitamin C', 'Collagen', 'Good for: Anti-Aging', 'Best for Dry, Combo, Normal Skin']"
P461600,"['Natural Finish', 'Good for: Dullness/Uneven Texture', 'Hyaluronic Acid', 'Liquid Formula', 'Hydrating', 'Medium Coverage']"
P411396,"['Volumizing', 'Collagen', 'Without Phthalates', 'Lengthening', 'Without Parabens', 'Without Sulfates SLS & SLES']"
P411392,"['Loose Powder Formula', 'Matte Finish', 'Good for: Pores']"
P443586,"['Oil Free', 'Hydrating', 'Good for: Pores', 'Good for: Dullness/Uneven Texture']"
P439057,"['Best for Oily, Combo, Normal Skin', 'Good for: Dryness', 'Good for: Anti-Aging', 'Oil Free']"
P426829,"['Best for Dry, Combo, Normal Skin', 'Good for: Anti-Aging', 'Good for: Dullness/Uneven Texture', 'Hyaluronic Acid', 'Collagen']"
P454837,"['Best for Dry, Combo, Normal Skin', 'Good for: Anti-Aging', 'Good for: Dullness/Uneven Texture', 'Good for: Loss of firmness', 'Hyaluronic Acid']"
P448147,"['Volumizing', 'Without Phthalates', 'Without Parabens', 'Without Sulfates SLS & SLES']"
P482681,"['Vitamin C', 'Alcohol Free', 'Without Mineral Oil', 'Good for: Dullness/Uneven Texture', 'Hydrating', 'Vegan']"
P411397,"['Waterproof', 'Long-wearing']"
P474332,"['Hyaluronic Acid', 'Good for: Loss of firmness', 'Plumping', 'Good for: Anti-Aging', 'Without Parabens']"
P474330,"['Good for: Dullness/Uneven Texture', 'Vitamin C', 'Without Mineral Oil', 'Without Parabens', 'Good for: Dark spots', 'Niacinamide']"
P474333,"['Good for: Dullness/Uneven Texture', 'Good for: Pores', 'AHA/Glycolic Acid']"
P479964,No Highlights
P466663,"['Hydrating', 'Good for: Dryness', 'Collagen']"
P456940,"['Hyaluronic Acid', 'Hydrating', 'Best for Oily, Combo, Normal Skin']"
P421923,No Highlights
P448934,"['Best for Oily, Combo, Normal Skin', 'Good for: Pores', 'Good for: Acne/Blemishes']"
P421927,No Highlights
P468369,No Highlights
P450994,"['Full Coverage', 'SPF', 'Cream Formula', 'Matte Finish', 'Good for: Anti-Aging']"
P456941,"['Hydrating', 'Best for Oily, Combo, Normal Skin', 'Hyaluronic Acid']"
P456942,"['Long-wearing', 'Waterproof']"
P444303,"['Volumizing', 'Collagen', 'Without Phthalates', 'Lengthening', 'Without Parabens', 'Without Sulfates SLS & SLES']"
P501475,No Highlights
P421922,No Highlights
P455610,"['Best for Dry, Combo, Normal Skin', 'Good for: Anti-Aging', 'Good for: Loss of firmness', 'Hyaluronic Acid', 'Collagen']"
P427641,"['Vegan', 'Hyaluronic Acid', 'Good for: Loss of firmness', 'Good for: Anti-Aging', 'Without Parabens', 'Best for Dry, Combo, Normal Skin']"
P444304,"['Waterproof', 'Long-wearing']"
P461457,No Highlights
P504805,"['Vegan', 'Hydrating', 'Good for: Dark Circles', 'Good for: Anti-Aging', 'Good for: Acne/Blemishes', 'Good for: Dark spots']"
P430143,"['Good for: Dullness/Uneven Texture', 'Hyaluronic Acid', 'Collagen', 'Good for: Anti-Aging', 'Best for Dry, Combo, Normal Skin']"
P477170,"['Best for Dry, Combo, Normal Skin', 'Good for: Anti-Aging', 'Good for: Dullness/Uneven Texture', 'Good for: Loss of firmness', 'Hyaluronic Acid']"
P500466,"['Hydrating', 'Good for: Anti-Aging', 'SPF']"
P480610,"['Good for: Dullness/Uneven Texture', 'Hydrating', 'Good for: Anti-Aging', 'AHA/Glycolic Acid', 'Best for Dry, Combo, Normal Skin']"
P12573,"['Without Parabens', 'Alcohol Free', 'SPF', 'Gluten Free']"
P40629,"['Vegan', 'Without Parabens', 'Alcohol Free', 'SPF', 'Best for Dry, Combo, Normal Skin']"
P378718,"['Without Parabens', 'Oil Free', 'Gluten Free', 'Cruelty-Free', 'Vegan']"
P385674,"['Without Parabens', 'Alcohol Free', 'Fragrance Free', 'Cruelty-Free', 'Vegan']"
P397664,"['Vegan', 'Oil Free', 'Without Parabens', 'SPF', 'Alcohol Free', 'Cruelty-Free']"
P12571,"['Vegan', 'Without Parabens', 'Alcohol Free', 'Gluten Free']"
P171300,"['Without Parabens', 'Fragrance Free', 'Vegan', 'Best for Dry, Combo, Normal Skin']"
P259950,"['Without Parabens', 'Gluten Free', 'Cruelty-Free', 'Vegan']"
P12569,No Highlights
P379573,No Highlights
P409928,"['Best for Oily, Combo, Normal Skin', 'Without Parabens', 'Oil Free', 'Gluten Free', 'Cruelty-Free', 'Vegan']"
P399986,"['Without Parabens', 'Alcohol Free', 'Gluten Free', 'Vegan']"
P12572,No Highlights
P425329,No Highlights
P236605,"['Good for: Dark Circles', 'Good for: Anti-Aging', 'Without Parabens', 'Alcohol Free', 'Cruelty-Free', 'Vegan']"
P12568,"['Without Parabens', 'Alcohol Free', 'Gluten Free', 'Vegan']"
P298331,No Highlights
P425428,No Highlights
P394957,No Highlights
P425430,No Highlights
P12570,No Highlights
P183733,No Highlights
P12574,No Highlights
P96811,"['Without Parabens', 'Alcohol Free', 'Gluten Free', 'Vegan']"
P397025,No Highlights
P431732,No Highlights
P96809,No Highlights
P12577,No Highlights
P474057,"['Hydrating', 'SPF', 'Gluten Free', 'Alcohol Free', 'UV Protection']"
P236606,No Highlights
P458573,No Highlights
P397665,No Highlights
P427514,No Highlights
P428414,No Highlights
P395117,No Highlights
P397024,No Highlights
P472471,"['Good for: Acne/Blemishes', 'Salicylic Acid', 'Oil Free', 'Vegan', 'Alcohol Free']"
P78300,No Highlights
P78301,No Highlights
P455232,No Highlights
P395717,No Highlights
P237115,No Highlights
P432240,No Highlights
P476571,"['Hydrating', 'Without Parabens']"
P500444,"['Vegan', 'Warm &Spicy Scent', 'Without Parabens', 'Gluten Free', 'Cruelty-Free']"
P455233,No Highlights
P449156,No Highlights
P505124,No Highlights
P467126,"['Good for: Loss of firmness', 'Good for: Anti-Aging', 'Niacinamide', 'Cruelty-Free']"
P467124,"['Plumping', 'Hydrating', 'Good for: Anti-Aging', 'Best for Oily, Combo, Normal Skin', 'Cruelty-Free']"
P467123,"['Hyaluronic Acid', 'Hydrating', 'Best for Oily, Combo, Normal Skin', 'SPF', 'Cruelty-Free']"
P467122,"['Good for: Dark Circles', 'Good for: Anti-Aging', 'Good for: Dryness', 'Cruelty-Free']"
P467120,"['Liquid Formula', 'Good for: Pores', 'Floral Scent', 'Best for Oily, Combo, Normal Skin', 'Cruelty-Free']"
P467118,"['Good for: Loss of firmness', 'Good for: Anti-Aging', 'Niacinamide', 'Cruelty-Free']"
P501493,"['Good for: Dullness/Uneven Texture', 'Good for: Loss of firmness', 'Plumping', 'Hydrating', 'Good for: Dryness', 'Without Parabens']"
P500002,"['Hyaluronic Acid', 'Good for: Loss of firmness', 'Hydrating', 'Good for: Anti-Aging', 'Good for: Dryness', 'Cruelty-Free']"
P500318,"['Good for: Dullness/Uneven Texture', 'Hyaluronic Acid', 'Lactic Acid', 'Good for: Anti-Aging', 'AHA/Glycolic Acid', 'Good for: Dark spots']"
P503897,"['Good for: Loss of firmness', 'Best for Dry Skin', 'Hydrating', 'Without Mineral Oil', 'Cruelty-Free']"
P503902,"['Good for: Dullness/Uneven Texture', 'Liquid Formula', 'AHA/Glycolic Acid', 'Fragrance Free', 'Niacinamide', 'Cruelty-Free']"
P417179,"['Woody & Earthy Scent', 'Layerable Scent', 'Unisex/ Genderless Scent']"
P417181,"['Layerable Scent', 'Unisex/ Genderless Scent']"
P461168,No Highlights
P417182,"['Layerable Scent', 'Unisex/ Genderless Scent']"
P445101,"['Layerable Scent', 'Floral Scent']"
P417180,"['Unisex/ Genderless Scent', 'Layerable Scent']"
P456171,"['Unisex/ Genderless Scent', 'Layerable Scent', 'Floral Scent']"
P417184,"['Layerable Scent', 'Unisex/ Genderless Scent']"
P423281,"['Layerable Scent', 'Unisex/ Genderless Scent']"
P417183,"['Layerable Scent', 'Unisex/ Genderless Scent']"
P417178,"['Layerable Scent', 'Unisex/ Genderless Scent']"
P417185,"['Layerable Scent', 'Unisex/ Genderless Scent']"
P417192,No Highlights
P417195,No Highlights
P417230,"['Floral Scent', 'Without Parabens', 'Without Phthalates']"
P435343,No Highlights
P467626,No Highlights
P417224,No Highlights
P469125,No Highlights
P417193,No Highlights
P417186,No Highlights
P448108,"['Layerable Scent', 'Unisex/ Genderless Scent']"
P429419,No Highlights
P417232,"['Floral Scent', 'Without Parabens', 'Without Phthalates']"
P417189,No Highlights
P417221,"['Layerable Scent', 'Woody & Earthy Scent']"
P461942,No Highlights
P417222,No Highlights
P503749,"['Unisex/ Genderless Scent', 'Layerable Scent', 'Woody & Earthy Scent']"
P463462,No Highlights
P422439,No Highlights
P482013,"['Unisex/ Genderless Scent', 'Layerable Scent', 'Fresh Scent', 'Without Phthalates', 'Without Parabens', 'Gluten Free']"
P417197,No Highlights
P502036,No Highlights
P475117,No Highlights
P504442,No Highlights
P501349,No Highlights
P417229,"['Fresh Scent', 'Without Phthalates', 'Without Parabens']"
P502006,No Highlights
P417212,No Highlights
P417211,"['Layerable Scent', 'Woody & Earthy Scent']"
P417198,No Highlights
P482014,"['Floral Scent', 'Layerable Scent', 'Unisex/ Genderless Scent', 'Gluten Free', 'Without Parabens', 'Without Phthalates']"
P501999,No Highlights
P482015,"['Unisex/ Genderless Scent', 'Layerable Scent', 'Fresh Scent', 'Without Phthalates', 'Without Parabens', 'Gluten Free']"
P417199,No Highlights
P417215,No Highlights
P417213,No Highlights
P448101,"['Without Phthalates', 'Without Parabens', 'Floral Scent']"
P417218,No Highlights
P417228,No Highlights
P417200,No Highlights
P469884,No Highlights
P452820,No Highlights
P417225,No Highlights
P463463,No Highlights
P466124,No Highlights
P417201,No Highlights
P417210,No Highlights
P417214,No Highlights
P425814,No Highlights
P417220,No Highlights
P468152,"['Layerable Scent', 'Woody & Earthy Scent']"
P468154,No Highlights
P427381,No Highlights
P461943,No Highlights
P468153,No Highlights
P501800,"['Unisex/ Genderless Scent', 'Layerable Scent', 'Floral Scent', 'Without Phthalates', 'Without Parabens']"
P452818,No Highlights
P435342,No Highlights
P447134,No Highlights
P482016,"['Unisex/ Genderless Scent', 'Floral Scent']"
P447132,No Highlights
P417216,No Highlights
P468157,"['Without Phthalates', 'Without Parabens', 'Unisex/ Genderless Scent', 'Layerable Scent', 'Fresh Scent']"
P479635,"['Unisex/ Genderless Scent', 'Floral Scent']"
P468155,No Highlights
P468156,"['Without Phthalates', 'Without Parabens', 'Unisex/ Genderless Scent', 'Layerable Scent', 'Floral Scent']"
P452819,No Highlights
P505242,"['Unisex/ Genderless Scent', 'Floral Scent']"
P218700,"['Cruelty-Free', 'Clean at Sephora']"
P283501,"['Cruelty-Free', 'Vegan', 'Clean at Sephora']"
P287700,"['Clean at Sephora', 'Good for: Dryness', 'Cruelty-Free']"
P404338,No Highlights
P377570,No Highlights
P384780,"['Vegan', 'Clean at Sephora', 'Cruelty-Free']"
P407445,"['Vegan', 'Clean at Sephora']"
P454084,"['Cruelty-Free', 'Vegan', 'Clean at Sephora']"
P458900,"['Good for: Anti-Aging', 'Cruelty-Free', 'allure 2018 Best of Beauty Award Winner']"
P471043,"['Good for: Dark Circles', 'Good for: Anti-Aging', 'Retinol', 'Cruelty-Free', 'Clean at Sephora']"
P446641,"['Cruelty-Free', 'Vegan', 'Clean at Sephora']"
P425901,"['Cruelty-Free', 'Vegan', 'Clean at Sephora']"
P394124,"['Clean at Sephora', 'Reef Safe SPF', 'Cruelty-Free']"
P468161,"['Good for: Anti-Aging', 'Retinol', 'Hydrating', 'Cruelty-Free', 'Clean at Sephora']"
P434559,No Highlights
P504044,"['Vegan', 'Plumping', 'Clean at Sephora', 'Retinol', 'Good for: Anti-Aging', 'Fragrance Free']"
P482269,"['Hydrating', 'Clean at Sephora', 'Good for: Dryness', 'Reef Safe SPF', 'UV Protection', 'Cruelty-Free']"
P223416,No Highlights
P425900,No Highlights
P480175,"['Vegan', 'Good for: Redness', 'Hydrating', 'Good for: Dryness', 'Fragrance Free', 'Cruelty-Free']"
P444042,"['Reef Safe SPF', 'Cruelty-Free']"
P500500,"['Hydrating', 'Clean at Sephora', 'Good for: Dryness', 'Reef Safe SPF', 'UV Protection', 'Cruelty-Free']"
P503123,"['Good for: Loss of firmness', 'Clean at Sephora', 'Hydrating', 'Good for: Anti-Aging', 'Retinol', 'Cruelty-Free']"
P436742,No Highlights
P434021,"['Without Mineral Oil', 'Without Phthalates', 'Without Parabens', 'Gluten Free', 'Without Sulfates SLS & SLES']"
P434015,No Highlights
P434022,"['Vegan', 'Shimmer Finish', 'Long-wearing', 'Without Parabens', 'Gluten Free']"
P448510,No Highlights
P454984,"['Full Coverage', 'Natural Finish', 'Good for: Dark Circles', 'Hyaluronic Acid', 'Vegan']"
P443567,"['Vegan', 'allure 2020 Best of Beauty Award Winner', 'Pressed Powder Formula', 'Hyaluronic Acid', 'Matte Finish']"
P475118,No Highlights
P447156,"['Vegan', 'Without Mineral Oil', 'Without Phthalates', 'Without Parabens', 'Gluten Free', 'Without Sulfates SLS & SLES']"
P463464,No Highlights
P481715,"['Vegan', 'High Shine Finish', 'Plumping', 'Hydrating', 'Gluten Free']"
P451644,No Highlights
P472817,No Highlights
P502307,"['Vegan', 'Stick Formula', 'Hydrating', 'Matte Finish', 'Without Parabens', 'Cruelty-Free']"
P480311,"['Vegan', 'Hyaluronic Acid', 'Hydrating', 'Fragrance Free', 'Good for: Dryness', 'Gluten Free']"
P480310,"['Vegan', 'Hyaluronic Acid', 'Hydrating', 'Fragrance Free', 'Good for: Dryness', 'Gluten Free']"
P219412,"['Layerable Scent', 'Floral Scent']"
P377519,"['Floral Scent', 'Layerable Scent']"
P387939,"['Floral Scent', 'Layerable Scent']"
P381110,"['Floral Scent', 'Layerable Scent']"
P395313,"['Unisex/ Genderless Scent', 'Layerable Scent', 'Warm &Spicy Scent', 'Hypoallergenic']"
P408989,"['Unisex/ Genderless Scent', 'Layerable Scent', 'Warm &Spicy Scent', 'Hypoallergenic']"
P445401,No Highlights
P470219,"['Unisex/ Genderless Scent', 'Layerable Scent', 'Fresh Scent']"
P501813,"['Layerable Scent', 'Woody & Earthy Scent', 'Floral Scent']"
P445402,No Highlights
P500034,"['Unisex/ Genderless Scent', 'Layerable Scent']"
P470220,"['Unisex/ Genderless Scent', 'Layerable Scent', 'Fresh Scent']"
P412535,No Highlights
P412676,No Highlights
P431232,No Highlights
P482682,"['Floral Scent', 'Unisex/ Genderless Scent', 'Layerable Scent']"
P395315,No Highlights
P395311,No Highlights
P502369,No Highlights
P458630,No Highlights
P408988,No Highlights
P458629,No Highlights
P482683,"['Unisex/ Genderless Scent', 'Layerable Scent', 'Floral Scent']"
P423770,No Highlights
P423771,No Highlights
P405279,No Highlights
P469132,"['Unisex/ Genderless Scent', 'Floral Scent', 'Long-wearing']"
P461945,No Highlights
P454540,No Highlights
P395309,No Highlights
P454539,No Highlights
P461946,No Highlights
P469133,"['Floral Scent', 'Long-wearing', 'Unisex/ Genderless Scent']"
P476865,"['Floral Scent', 'Unisex/ Genderless Scent']"
P476866,"['Floral Scent', 'Unisex/ Genderless Scent']"
P431233,No Highlights
P476441,"['Clean + Planet Positive', 'Good for: Hair Thinning', 'All Hair Types', 'Without Silicones', 'Good for: Flaky/Dry Scalp', 'Good for: Oily Scalp']"
P479464,"['Clean + Planet Positive', 'Hydrating', 'Good for: Frizz', 'Without Silicones', 'Increases Shine', 'Cruelty-Free']"
P476438,"['Clean + Planet Positive', 'Light Hold', 'Curl-Enhancing', 'Good for: Frizz', 'Without Silicones', 'Increases Shine']"
P501186,"['Sustainable Packaging', 'Clean + Planet Positive', 'Light Hold', 'Good for: Frizz', 'Increases Shine']"
P476440,"['Good for: Damage', 'Vegan', 'Clean + Planet Positive', 'Heat Protection', 'Niacinamide', 'Cruelty-Free']"
P503813,"['Sustainable Packaging', 'Clean + Planet Positive', 'Good for: Volume', 'Good for: Frizz', 'Without Silicones']"
P500628,"['Sustainable Packaging', 'Clean + Planet Positive', 'All Hair Types', 'Good for: Dryness', 'Without Silicones']"
P500882,"['Clean + Planet Positive', 'Light Hold', 'Curl-Enhancing', 'Good for: Frizz', 'Without Silicones', 'Increases Shine']"
P476453,"['Clean + Planet Positive', 'Good for: Color Care', 'Good for: Volume', 'Good for: Hair Thinning', 'Without Silicones', 'Increases Shine']"
P479969,"['Clean + Planet Positive', 'Hydrating', 'All Hair Types', 'Good for: Frizz', 'Good for: Dryness', 'Without Silicones']"
P476531,"['Vegan', 'Clean + Planet Positive', 'All Hair Types', 'Good for: Frizz', 'Without Silicones', 'Increases Shine']"
P476530,"['Vegan', 'Clean + Planet Positive', 'Good for: Frizz', 'Good for: Dryness', 'Without Silicones', 'Increases Shine']"
P476529,"['Good for: Damage', 'Good for: Color Care', 'Clean + Planet Positive', 'Good for: Dryness', 'Without Silicones', 'Increases Shine']"
P500846,"['Sustainable Packaging', 'Clean + Planet Positive', 'All Hair Types', 'Good for: Dryness', 'Without Silicones']"
P476452,"['Clean + Planet Positive', 'Good for: Volume', 'Good for: Frizz', 'Without Silicones', 'Increases Shine']"
P476577,"['Vegan', 'Good for: Damage', 'Good for: Color Care', 'Clean + Planet Positive', 'Without Silicones']"
P476576,"['Good for: Damage', 'Vegan', 'Good for: Color Care', 'Clean + Planet Positive', 'Without Silicones']"
P479847,"['Good for: Damage', 'Vegan', 'Good for: Color Care', 'Clean at Sephora', 'All Hair Types', 'Without Silicones']"
P479846,"['Good for: Damage', 'Vegan', 'Good for: Color Care', 'Clean at Sephora', 'All Hair Types', 'Without Silicones']"
P501449,"['Vegan', 'Good for: Color Care', 'Clean at Sephora', 'All Hair Types', 'Salicylic Acid', 'Good for: Oily Scalp']"
P501500,"['Good for: Damage', 'Vegan', 'Good for: Color Care', 'Fresh Scent', 'Clean at Sephora', 'All Hair Types']"
P504132,No Highlights
P436148,No Highlights
P439943,"['Cruelty-Free', 'Hydrating', 'High Shine Finish', 'Without Parabens', 'Without Phthalates', 'Vegan']"
P436152,"['Vegan', 'Natural Finish', 'Without Phthalates', 'Without Parabens', 'Cruelty-Free']"
P443514,"['Cruelty-Free', 'Metallic Finish', 'Vegan', 'Without Parabens', 'Without Phthalates', 'Without Sulfates SLS & SLES']"
P471556,"['Vegan', 'Pressed Powder Formula', 'Natural Finish', 'Cream Formula', 'Cruelty-Free']"
P481098,"['Vegan', 'Cream Formula', 'Without Phthalates', 'Without Parabens', 'Without Sulfates SLS & SLES', 'Cruelty-Free']"
P449090,"['Vegan', 'Long-wearing', 'Without Phthalates', 'Waterproof', 'Without Parabens', 'Cruelty-Free']"
P436155,"['Cruelty-Free', 'Radiant Finish', 'Without Parabens', 'Without Phthalates', 'Without Sulfates SLS & SLES', 'Vegan']"
P468163,"['Cruelty-Free', 'High Shine Finish', 'Hydrating', 'Vegan']"
P436156,"['Cruelty-Free', 'Natural Finish', 'Without Parabens', 'Without Phthalates', 'Without Sulfates SLS & SLES']"
P504365,"['Vegan', 'Radiant Finish', 'Without Phthalates', 'Without Parabens', 'Without Sulfates SLS & SLES', 'Cruelty-Free']"
P482684,"['Vegan', 'Natural Finish', 'Cream Formula', 'Without Parabens', 'Without Sulfates SLS & SLES', 'Cruelty-Free']"
P436154,No Highlights
P463306,"['Pressed Powder Formula', 'Natural Finish', 'Vegan', 'Without Parabens', 'Without Phthalates', 'Without Sulfates SLS & SLES']"
P476697,"['Volumizing', 'Long-wearing', 'Lengthening', 'Curling', 'Without Parabens', 'Without Sulfates SLS & SLES']"
P436151,No Highlights
P468164,"['Cruelty-Free', 'Cream Formula', 'Pressed Powder Formula', 'Natural Finish', 'Vegan']"
P472166,No Highlights
P501443,"['Liquid Formula', 'Long-wearing', 'Matte Finish', 'Waterproof', 'Without Parabens']"
P462371,"['Cruelty-Free', 'Hydrating', 'Vegan']"
P504277,"['Vegan', 'Good for: Redness', 'Refill Available', 'Good for: Dullness/Uneven Texture', 'Clean + Planet Positive', 'Hydrating']"
P500479,"['Vegan', 'Refill Available', 'Clean + Planet Positive', 'Hydrating', 'Good for: Dryness', 'Cruelty-Free']"
P484051,"['Vegan', 'Refill Available', 'Clean + Planet Positive', 'Hydrating', 'Good for: Dryness', 'Cruelty-Free']"
P484052,"['Vegan', 'Refill Available', 'Clean + Planet Positive', 'Hydrating', 'Good for: Dryness', 'Cruelty-Free']"
P500467,"['Vegan', 'Refill Available', 'Clean + Planet Positive', 'Hydrating', 'Good for: Dryness', 'Cruelty-Free']"
P500486,"['Vegan', 'Refill Available', 'Clean + Planet Positive', 'Hydrating', 'Good for: Dryness', 'Cruelty-Free']"
P500498,"['Vegan', 'Refill Available', 'Clean + Planet Positive', 'Hydrating', 'Good for: Dryness', 'Cruelty-Free']"
P500483,"['Vegan', 'Refill Available', 'Clean + Planet Positive', 'Hydrating', 'Good for: Dryness', 'Cruelty-Free']"
P503553,"['Vegan', 'Refill Available', 'Clean + Planet Positive', 'Hydrating', 'Good for: Dryness', 'Cruelty-Free']"
P500468,"['Vegan', 'Refill Available', 'Clean + Planet Positive', 'Hydrating', 'Good for: Dryness', 'Cruelty-Free']"
P503576,"['Refill Available', 'Clean + Planet Positive']"
P503917,"['Vegan', 'Refill Available', 'Hydrating', 'Clean at Sephora', 'Good for: Dryness', 'Cruelty-Free']"
P232903,"['Good for: Acne/Blemishes', 'Salicylic Acid', 'Best for Oily, Combo, Normal Skin', 'Cruelty-Free']"
P232915,"['Best for Oily, Combo, Normal Skin', 'Good for: Dullness/Uneven Texture', 'Good for: Pores', 'AHA/Glycolic Acid', 'Salicylic Acid', 'Cruelty-Free']"
P425877,"['Good for: Dullness/Uneven Texture', 'Good for: Pores', 'AHA/Glycolic Acid', 'Salicylic Acid', 'Cruelty-Free']"
P421276,"['Best for Oily, Combo, Normal Skin', 'Good for: Pores', 'Good for: Acne/Blemishes', 'Cruelty-Free']"
P404322,"['Good for: Dullness/Uneven Texture', 'Good for: Pores', 'AHA/Glycolic Acid', 'Best for Oily, Combo, Normal Skin', 'Cruelty-Free']"
P232906,"['Best for Oily, Combo, Normal Skin', 'Good for: Loss of firmness', 'Good for: Dryness', 'Oil Free', 'Fragrance Free', 'Cruelty-Free']"
P415667,"['Good for: Pores', 'Good for: Acne/Blemishes', 'Best for Oily, Combo, Normal Skin', 'Cruelty-Free']"
P232910,"['Good for: Dark Circles', 'Good for: Dullness/Uneven Texture', 'Good for: Dryness']"
P232907,"['Best for Oily, Combo, Normal Skin', 'Good for: Acne/Blemishes', 'Cruelty-Free']"
P306941,No Highlights
P377368,No Highlights
P425882,"['Best for Oily, Combo, Normal Skin', 'Good for: Dullness/Uneven Texture', 'Good for: Pores', 'AHA/Glycolic Acid', 'Cruelty-Free']"
P442867,No Highlights
P415202,"['Good for: Dark Circles', 'Good for: Dryness', 'Good for: Loss of firmness', 'Hyaluronic Acid', 'Cruelty-Free']"
P457695,"['Good for: Dark Circles', 'Good for: Redness', 'Good for: Dryness', 'Fragrance Free', 'Cruelty-Free']"
P439927,"['allure 2020 Best of Beauty Award Winner', 'Good for: Dullness/Uneven Texture', 'Good for: Pores', 'AHA/Glycolic Acid', 'Cruelty-Free']"
P232902,No Highlights
P448932,No Highlights
P440305,No Highlights
P457697,No Highlights
P457696,No Highlights
P411881,No Highlights
P470535,"['Good for: Pores', 'Good for: Dullness/Uneven Texture', 'Good for: Anti-Aging', 'AHA/Glycolic Acid', 'Retinol', 'Niacinamide']"
P436365,No Highlights
P412117,No Highlights
P433468,"['Good for: Acne/Blemishes', 'Good for: Dullness/Uneven Texture', 'Good for: Pores', 'Salicylic Acid', 'Retinol', 'Best for Oily, Combo, Normal Skin']"
P469111,"['Good for: Anti-Aging', 'Good for: Loss of firmness', 'Good for: Dark Circles', 'Good for: Dryness', 'Vitamin C', 'Hyaluronic Acid']"
P471045,"['Good for: Anti-Aging', 'UV Protection', 'Reef Safe SPF', 'SPF']"
P469112,"['Good for: Anti-Aging', 'Good for: Loss of firmness', 'Good for: Dryness', 'Hyaluronic Acid']"
P421271,No Highlights
P502200,"['Hyaluronic Acid', 'Good for: Dullness/Uneven Texture', 'Good for: Loss of firmness', 'Plumping', 'Hydrating', 'Good for: Dryness']"
P479701,"['Good for: Redness', 'Good for: Dullness/Uneven Texture', 'Good for: Pores', 'Salicylic Acid', 'Good for: Acne/Blemishes', 'Niacinamide']"
P382356,No Highlights
P502197,"['Hyaluronic Acid', 'Good for: Dullness/Uneven Texture', 'Plumping', 'Hydrating', 'Good for: Dryness', 'Best for Dry, Combo, Normal Skin']"
P469110,"['Good for: Anti-Aging', 'Good for: Loss of firmness', 'Good for: Dryness', 'Hyaluronic Acid']"
P479703,"['Salicylic Acid', 'Niacinamide', 'Good for: Redness', 'Good for: Pores', 'Good for: Dullness/Uneven Texture', 'Good for: Acne/Blemishes']"
P467028,No Highlights
P404232,No Highlights
P232920,No Highlights
P481355,"['Good for: Dullness/Uneven Texture', 'Lactic Acid', 'Salicylic Acid', 'Without Parabens', 'Without Sulfates SLS & SLES', 'Cruelty-Free']"
P383308,No Highlights
P460511,"['allure 2020 Best of Beauty Award Winner', 'Good for: Dullness/Uneven Texture', 'Good for: Pores', 'AHA/Glycolic Acid', 'Best for Oily, Combo, Normal Skin', 'Cruelty-Free']"
P500124,"['Good for: Dullness/Uneven Texture', 'Good for: Pores', 'Without Phthalates', 'Good for: Acne/Blemishes', 'Salicylic Acid', 'Best for Oily, Combo, Normal Skin']"
P502195,"['Good for: Redness', 'Best for Dry Skin', 'Good for: Dryness', 'Cruelty-Free']"
P502186,"['Hyaluronic Acid', 'Good for: Dullness/Uneven Texture', 'Vitamin C', 'Retinol', 'Good for: Anti-Aging', 'Good for: Dark spots']"
P500155,"['Good for: Dullness/Uneven Texture', 'Lactic Acid', 'Good for: Pores', 'Good for: Dryness', 'Without Parabens', 'Best for Dry, Combo, Normal Skin']"
P439406,No Highlights
P468450,"['Unisex/ Genderless Scent', 'Layerable Scent', 'Cruelty-Free']"
P503601,"['Unisex/ Genderless Scent', 'Layerable Scent', 'Warm &Spicy Scent', 'Woody & Earthy Scent', 'Floral Scent', 'Cruelty-Free']"
P501018,"['Vegan', 'Unisex/ Genderless Scent', 'Layerable Scent', 'Warm &Spicy Scent', 'Woody & Earthy Scent', 'Cruelty-Free']"
P479717,"['Floral Scent', 'Cruelty-Free', 'Unisex/ Genderless Scent', 'Layerable Scent', 'Vegan']"
P479718,"['Vegan', 'Unisex/ Genderless Scent', 'Layerable Scent', 'Floral Scent', 'Cruelty-Free']"
P473710,No Highlights
P500987,"['Vegan', 'Unisex/ Genderless Scent', 'Layerable Scent', 'Warm &Spicy Scent', 'Woody & Earthy Scent', 'Cruelty-Free']"
P474954,"['Unisex/ Genderless Scent', 'Layerable Scent', 'Floral Scent', 'Cruelty-Free']"
P474055,"['Layerable Scent', 'Warm &Spicy Scent', 'Cruelty-Free']"
P502074,"['Vegan', 'Unisex/ Genderless Scent', 'Layerable Scent', 'Warm &Spicy Scent']"
P468826,"['Floral Scent', 'Layerable Scent']"
P502088,"['Vegan', 'Unisex/ Genderless Scent', 'Layerable Scent', 'Warm &Spicy Scent']"
P474056,"['Layerable Scent', 'Warm &Spicy Scent', 'Cruelty-Free']"
P455258,No Highlights
P439404,No Highlights
P472036,"['Layerable Scent', 'Floral Scent']"
P439405,"['Unisex/ Genderless Scent', 'Layerable Scent', 'Cruelty-Free']"
P468446,No Highlights
P468448,"['Unisex/ Genderless Scent', 'Layerable Scent', 'Cruelty-Free']"
P463451,No Highlights
P501260,"['Unisex/ Genderless Scent', 'Layerable Scent', 'Warm &Spicy Scent', 'Floral Scent', 'Cruelty-Free']"
P503670,"['Unisex/ Genderless Scent', 'Layerable Scent', 'Warm &Spicy Scent', 'Floral Scent', 'Cruelty-Free']"
P478278,"['Layerable Scent', 'Warm &Spicy Scent', 'Floral Scent']"
P462863,['allure 2022 Best of Beauty Award Winner']
P439403,No Highlights
P505421,"['Vegan', 'Unisex/ Genderless Scent', 'Layerable Scent', 'Warm &Spicy Scent', 'Cruelty-Free']"
P476689,"['Layerable Scent', 'Warm &Spicy Scent', 'Floral Scent', 'Cruelty-Free']"
P434411,"['Heat Protection', 'All Hair Types', 'Good for: Dryness', 'Good for: Frizz', 'Increases Shine']"
P446354,"['Heat Protection', 'All Hair Types', 'Good for: Dryness', 'Good for: Frizz', 'Increases Shine']"
P446338,"['Hydrating', 'Fresh Scent', 'All Hair Types', 'Good for: Dryness', 'Good for: Frizz', 'Increases Shine']"
P434402,"['Hydrating', 'Heat Protection', 'All Hair Types', 'Good for: Frizz', 'Good for: Dryness', 'Increases Shine']"
P434431,"['Good for: Damage', 'Hydrating', 'Heat Protection', 'All Hair Types', 'Good for: Frizz', 'Increases Shine']"
P434428,"['Good for: Damage', 'Hydrating', 'Fresh Scent', 'All Hair Types', 'Good for: Dryness', 'Increases Shine']"
P434423,"['Good for: Damage', 'Good for: Hair Thinning', 'All Hair Types', 'Good for: Dryness', 'Increases Shine']"
P441845,"['Hyaluronic Acid', 'Good for: Color Care', 'All Hair Types', 'Prevents Color Fading', 'Reduces Brassiness', 'Increases Shine']"
P434440,"['Hyaluronic Acid', 'Good for: Volume', 'Hydrating', 'Good for: Hair Thinning', 'All Hair Types', 'Increases Shine']"
P461173,"['Good for: Damage', 'Hyaluronic Acid', 'Floral Scent', 'All Hair Types', 'Good for: Dryness', 'Good for: Frizz']"
P479848,"['Good for: Damage', 'High Shine Finish', 'Good for: Color Care', 'Hydrating', 'All Hair Types', 'Increases Shine']"
P434429,"['Good for: Damage', 'Hydrating', 'Fresh Scent', 'All Hair Types', 'Good for: Dryness', 'Increases Shine']"
P434435,"['Good for: Damage', 'Hydrating', 'Heat Protection', 'All Hair Types', 'Good for: Dryness', 'Increases Shine']"
P441847,"['Good for: Damage', 'Hyaluronic Acid', 'Good for: Color Care', 'All Hair Types', 'Good for: Dryness', 'Prevents Color Fading']"
P441848,"['Good for: Damage', 'Hyaluronic Acid', 'Good for: Color Care', 'Heat Protection', 'All Hair Types', 'Good for: Frizz']"
P447573,"['Good for: Damage', 'Hydrating', 'All Hair Types', 'Good for: Frizz', 'Increases Shine']"
P434406,"['Good for: Damage', 'Radiant Finish', 'Hydrating', 'All Hair Types', 'Good for: Frizz', 'Good for: Dryness']"
P434436,"['Good for: Damage', 'Hydrating', 'All Hair Types', 'Good for: Dryness', 'Lengthening', 'Increases Shine']"
P434413,"['Good for: Color Care', 'Good for: Frizz', 'Coily Hair', 'Good for: Dryness', 'Without Sulfates SLS & SLES']"
P441844,"['Hyaluronic Acid', 'Good for: Color Care', 'All Hair Types', 'Prevents Color Fading', 'Reduces Brassiness', 'Increases Shine']"
P434417,"['Heat Protection', 'Good for: Frizz', 'Coily Hair', 'Curly Hair', 'Wavy Hair', 'Increases Shine']"
P434418,"['Good for: Damage', 'Heat Protection', 'Good for: Frizz', 'Coily Hair', 'Good for: Dryness', 'Curly Hair']"
P454999,"['Good for: Damage', 'Floral Scent', 'Good for: Volume', 'All Hair Types', 'Without Silicones']"
P441846,"['Hyaluronic Acid', 'Good for: Color Care', 'Hydrating', 'All Hair Types', 'Good for: Dryness', 'Increases Shine']"
P434430,"['Good for: Damage', 'Hydrating', 'Fresh Scent', 'All Hair Types', 'Good for: Dryness', 'Increases Shine']"
P434439,"['Good for: Damage', 'Fresh Scent', 'All Hair Types', 'Good for: Dryness', 'Lengthening', 'Increases Shine']"
P449767,"['Volumizing', 'All Hair Types', 'Good for: Flaky/Dry Scalp', 'Good for: Oily Scalp']"
P466882,"['Good for: Damage', 'Hyaluronic Acid', 'Heat Protection', 'All Hair Types', 'Good for: Frizz', 'Increases Shine']"
P468828,"['Good for: Damage', 'Hyaluronic Acid', 'Good for: Color Care', 'All Hair Types', 'Good for: Dryness', 'Increases Shine']"
P468829,"['Good for: Damage', 'Floral Scent', 'All Hair Types', 'Good for: Dryness', 'Prevents Color Fading', 'Increases Shine']"
P454998,"['Good for: Damage', 'Heat Protection', 'All Hair Types', 'Good for: Frizz', 'Increases Shine']"
P434441,"['Hyaluronic Acid', 'Good for: Volume', 'Hydrating', 'Good for: Hair Thinning', 'All Hair Types', 'Increases Shine']"
P472042,"['Heat Protection', 'Curl-Enhancing', 'Good for: Frizz', 'Good for: Dryness', 'Without Parabens', 'Without Sulfates SLS & SLES']"
P474336,"['Fresh Scent', 'Hydrating', 'All Hair Types', 'Good for: Dryness', 'Increases Shine', 'Good for: Oily Scalp']"
P457412,"['Layerable Scent', 'Good for: Volume', 'Fresh Scent', 'Long-wearing', 'Without Silicones', 'Good for: Oily Scalp']"
P454994,"['Good for: Damage', 'Floral Scent', 'All Hair Types', 'Good for: Oily Scalp']"
P448445,"['Heat Protection', 'Good for: Frizz', 'Coily Hair', 'Good for: Dryness', 'Curly Hair', 'Increases Shine']"
P434415,"['Good for: Frizz', 'Coily Hair', 'Good for: Dryness', 'Wavy Hair', 'Increases Shine']"
P472045,"['Hydrating', 'Curl-Enhancing', 'Good for: Frizz', 'Coily Hair', 'Curly Hair', 'Increases Shine']"
P434434,"['Good for: Damage', 'Hydrating', 'Fresh Scent', 'All Hair Types', 'Good for: Dryness', 'Increases Shine']"
P480317,"['Good for: Color Care', 'Heat Protection', 'Hydrating', 'Good for: Frizz', 'Good for: Dryness', 'Prevents Color Fading']"
P480318,"['Good for: Damage', 'Good for: Color Care', 'Hydrating', 'Good for: Dryness', 'Prevents Color Fading', 'Increases Shine']"
P434437,"['Good for: Damage', 'Hydrating', 'All Hair Types', 'Good for: Dryness', 'Lengthening', 'Increases Shine']"
P466880,"['Good for: Damage', 'Hyaluronic Acid', 'All Hair Types', 'Good for: Dryness', 'Good for: Flaky/Dry Scalp', 'Increases Shine']"
P468830,"['Good for: Dryness', 'Good for: Damage', 'Increases Shine', 'Prevents Color Fading', 'Floral Scent', 'All Hair Types']"
P480314,"['Good for: Damage', 'Good for: Color Care', 'Hydrating', 'Good for: Dryness', 'Prevents Color Fading', 'Increases Shine']"
P434398,"['Good for: Damage', 'Hydrating', 'All Hair Types', 'Good for: Dryness', 'Curly Hair', 'Increases Shine']"
P454996,"['Good for: Damage', 'Floral Scent', 'Good for: Volume', 'All Hair Types', 'Good for: Dryness']"
P457413,"['Layerable Scent', 'Good for: Volume', 'Fresh Scent', 'Long-wearing', 'Without Silicones', 'Good for: Oily Scalp']"
P466881,"['Good for: Damage', 'Hyaluronic Acid', 'Hydrating', 'All Hair Types', 'Good for: Dryness', 'Increases Shine']"
P434456,"['Heat Protection', 'Hydrating', 'All Hair Types', 'Good for: Frizz', 'Increases Shine']"
P434399,"['Good for: Damage', 'Hydrating', 'All Hair Types', 'Good for: Dryness', 'Curly Hair', 'Increases Shine']"
P472039,"['Hydrating', 'Curl-Enhancing', 'Coily Hair', 'Good for: Dryness', 'Curly Hair', 'Without Sulfates SLS & SLES']"
P472044,"['Medium Hold', 'Hydrating', 'Curl-Enhancing', 'Good for: Frizz', 'Without Parabens', 'Without Sulfates SLS & SLES']"
P454997,"['Good for: Damage', 'Floral Scent', 'All Hair Types', 'Good for: Dryness']"
P477478,"['Unisex/ Genderless Scent', 'Hydrating', 'Fresh Scent', 'All Hair Types', 'Good for: Flaky/Dry Scalp', 'Good for: Oily Scalp']"
P434401,"['Good for: Damage', 'Radiant Finish', 'Hydrating', 'All Hair Types', 'Good for: Dryness', 'Increases Shine']"
P434432,"['Good for: Damage', 'Hydrating', 'Fresh Scent', 'All Hair Types', 'Good for: Dryness', 'Increases Shine']"
P466884,"['Good for: Damage', 'Hyaluronic Acid', 'Good for: Color Care', 'Heat Protection', 'All Hair Types', 'Good for: Frizz']"
P434438,"['Good for: Damage', 'Hydrating', 'All Hair Types', 'Good for: Dryness', 'Lengthening', 'Increases Shine']"
P434416,"['Good for: Damage', 'Heat Protection', 'Good for: Frizz', 'Coily Hair', 'Good for: Dryness', 'Curly Hair']"
P434400,"['Good for: Damage', 'Radiant Finish', 'Hydrating', 'All Hair Types', 'Good for: Dryness', 'Increases Shine']"
P434404,"['Good for: Damage', 'Hydrating', 'All Hair Types', 'Good for: Dryness', 'Curly Hair', 'Increases Shine']"
P472040,"['Curl-Enhancing', 'Good for: Frizz', 'Coily Hair', 'Good for: Dryness', 'Curly Hair', 'Increases Shine']"
P448158,"['Good for: Damage', 'Heat Protection', 'All Hair Types', 'Good for: Frizz', 'Lengthening', 'Increases Shine']"
P434405,"['Good for: Damage', 'Hydrating', 'All Hair Types', 'Good for: Frizz', 'Good for: Dryness', 'Curly Hair']"
P454995,"['Good for: Damage', 'Floral Scent', 'All Hair Types', 'Good for: Dryness']"
P468827,"['Good for: Damage', 'Hyaluronic Acid', 'Good for: Color Care', 'All Hair Types', 'Good for: Dryness', 'Increases Shine']"
P434397,"['Good for: Damage', 'Hydrating', 'All Hair Types', 'Good for: Dryness', 'Curly Hair', 'Increases Shine']"
P453691,"['Good for: Damage', 'Heat Protection', 'All Hair Types', 'Good for: Frizz', 'Lengthening', 'Increases Shine']"
P472041,"['Good for: Damage', 'Hydrating', 'Curl-Enhancing', 'Coily Hair', 'Good for: Dryness', 'Curly Hair']"
P480315,"['Good for: Damage', 'Good for: Color Care', 'Hydrating', 'Good for: Dryness', 'Prevents Color Fading', 'Increases Shine']"
P472043,"['Good for: Damage', 'Hydrating', 'Good for: Frizz', 'Coily Hair', 'Curly Hair', 'Increases Shine']"
P434442,"['Hyaluronic Acid', 'Good for: Volume', 'Hydrating', 'Good for: Hair Thinning', 'All Hair Types', 'Increases Shine']"
P434409,"['High Shine Finish', 'Hydrating', 'All Hair Types', 'Good for: Frizz', 'Good for: Dryness', 'Increases Shine']"
P474337,"['Volumizing', 'Fresh Scent', 'All Hair Types', 'Good for: Dryness', 'Increases Shine', 'Good for: Oily Scalp']"
P434408,"['High Shine Finish', 'Hydrating', 'All Hair Types', 'Good for: Frizz', 'Good for: Dryness', 'Increases Shine']"
P466885,"['Hyaluronic Acid', 'Good for: Color Care', 'Hydrating', 'All Hair Types', 'Good for: Dryness', 'Increases Shine']"
P434443,"['Hyaluronic Acid', 'Good for: Volume', 'Hydrating', 'Good for: Hair Thinning', 'All Hair Types', 'Increases Shine']"
P448444,"['Good for: Damage', 'Good for: Frizz', 'Coily Hair', 'Good for: Dryness', 'Curly Hair', 'Increases Shine']"
P448443,"['Good for: Damage', 'Good for: Frizz', 'Coily Hair', 'Good for: Dryness', 'Curly Hair', 'Wavy Hair']"
P434407,"['Good for: Damage', 'Radiant Finish', 'Hydrating', 'All Hair Types', 'Good for: Frizz', 'Good for: Dryness']"
P434452,"['Good for: Volume', 'All Hair Types', 'Good for: Frizz']"
P504612,"['Hydrating', 'All Hair Types', 'Good for: Dryness', 'Without Sulfates SLS & SLES', 'Good for: Flaky/Dry Scalp', 'Increases Shine']"
P434410,"['High Shine Finish', 'Hydrating', 'All Hair Types', 'Good for: Frizz', 'Good for: Dryness', 'Increases Shine']"
P480313,"['Good for: Damage', 'Good for: Color Care', 'Good for: Frizz', 'Good for: Dryness', 'Prevents Color Fading', 'Increases Shine']"
P449768,"['Volumizing', 'Hydrating', 'All Hair Types', 'Good for: Dryness', 'Good for: Flaky/Dry Scalp']"
P466883,"['Good for: Damage', 'Hyaluronic Acid', 'Good for: Color Care', 'All Hair Types', 'Good for: Dryness', 'Prevents Color Fading']"
P466879,"['Good for: Damage', 'Hyaluronic Acid', 'Hydrating', 'Good for: Anti-Aging', 'All Hair Types', 'Good for: Flaky/Dry Scalp']"
P447576,"['Good for: Damage', 'Hydrating', 'All Hair Types', 'Good for: Dryness', 'Curly Hair', 'Increases Shine']"
P434451,"['Good for: Volume', 'Heat Protection', 'All Hair Types', 'Good for: Frizz', 'UV Protection']"
P474338,"['Hydrating', 'Fresh Scent', 'All Hair Types', 'Good for: Dryness', 'Increases Shine', 'Good for: Oily Scalp']"
P434455,"['Good for: Color Care', 'Heat Protection', 'All Hair Types', 'Good for: Frizz', 'UV Protection']"
P434444,"['Volumizing', 'Hyaluronic Acid', 'Good for: Volume', 'Good for: Hair Thinning', 'All Hair Types']"
P504621,"['Hydrating', 'All Hair Types', 'Good for: Dryness', 'Salicylic Acid', 'Good for: Flaky/Dry Scalp', 'Increases Shine']"
P480316,"['Good for: Damage', 'Good for: Color Care', 'Hydrating', 'All Hair Types', 'Good for: Dryness', 'Prevents Color Fading']"
P504603,"['Hydrating', 'All Hair Types', 'Good for: Dryness', 'Without Silicones', 'Good for: Flaky/Dry Scalp', 'Increases Shine']"
P434392,No Highlights
P504588,"['Hyaluronic Acid', 'Hydrating', 'All Hair Types', 'Good for: Frizz', 'Good for: Dryness', 'Increases Shine']"
P440662,"['Heat Protection', 'Good for: Volume', 'All Hair Types', 'Good for: Frizz', 'UV Protection']"
P500317,"['Volumizing', 'Good for: Volume', 'Fresh Scent', 'Good for: Hair Thinning', 'All Hair Types']"
P504616,"['Hydrating', 'All Hair Types', 'Good for: Frizz', 'Good for: Dryness', 'Good for: Flaky/Dry Scalp', 'Increases Shine']"
P504599,"['Hydrating', 'Fresh Scent', 'All Hair Types', 'Salicylic Acid', 'Good for: Flaky/Dry Scalp']"
P500315,"['Volumizing', 'Light Hold', 'Good for: Volume', 'Fresh Scent', 'Good for: Hair Thinning', 'All Hair Types']"
P500305,"['Volumizing', 'Good for: Volume', 'Fresh Scent', 'Good for: Hair Thinning', 'All Hair Types']"
P500300,"['Volumizing', 'Light Hold', 'Good for: Volume', 'Fresh Scent', 'Good for: Hair Thinning', 'All Hair Types']"
P462868,No Highlights
P421996,"['Refill Available', 'Clean at Sephora', 'Fragrance Free', 'Good for: Dryness', 'Without Parabens', 'Best for Dry, Combo, Normal Skin']"
P422510,"['Good for: Dullness/Uneven Texture', 'Clean at Sephora', 'Fragrance Free', 'Good for: Dryness', 'Without Parabens', 'Best for Dry, Combo, Normal Skin']"
P422000,"['Clean at Sephora', 'Fragrance Free', 'Good for: Dryness', 'Without Parabens', 'Best for Dry, Combo, Normal Skin']"
P435805,"['Clean at Sephora', 'Fragrance Free', 'Good for: Dryness', 'Without Parabens', 'Best for Dry, Combo, Normal Skin']"
P421998,"['Good for: Dullness/Uneven Texture', 'Community Favorite', 'Clean at Sephora', 'Good for: Anti-Aging', 'Good for: Dryness']"
P445951,"['Good for: Dullness/Uneven Texture', 'Community Favorite', 'Clean at Sephora', 'Good for: Anti-Aging', 'Good for: Dryness']"
P454838,"['Good for: Dark Circles', 'Good for: Anti-Aging', 'Vitamin C', 'Hyaluronic Acid', 'Without Parabens']"
P422022,"['Good for: Dullness/Uneven Texture', 'Vitamin C', 'Clean at Sephora', 'Salicylic Acid', 'Without Parabens', 'Good for: Dark spots']"
P455611,"['Good for: Dullness/Uneven Texture', 'Vitamin C', 'Clean at Sephora', 'Salicylic Acid', 'Without Parabens', 'Good for: Dark spots']"
P422007,"['Without Parabens', 'Best for Dry, Combo, Normal Skin']"
P501029,"['Without Mineral Oil', 'Clean at Sephora', 'Good for: Anti-Aging', 'Fragrance Free', 'Without Parabens', 'Without Silicones']"
P422505,"['Good for: Damage', 'Clean at Sephora', 'All Hair Types', 'Good for: Dryness', 'Without Sulfates SLS & SLES', 'Increases Shine']"
P474840,"['Good for: Dullness/Uneven Texture', 'Good for: Pores', 'Clean at Sephora', 'Retinol', 'Good for: Anti-Aging', 'Without Parabens']"
P457864,"['Good for: Pores', 'Clean at Sephora', 'Good for: Anti-Aging', 'Good for: Dryness', 'Without Parabens', 'Best for Dry, Combo, Normal Skin']"
P480177,"['Good for: Loss of firmness', 'Clean at Sephora', 'Good for: Dark Circles', 'Good for: Anti-Aging', 'Fragrance Free', 'Niacinamide']"
P422002,"['Good for: Dullness/Uneven Texture', 'Good for: Pores', 'Clean at Sephora', 'Good for: Acne/Blemishes', 'Without Parabens']"
P474060,"['Clean at Sephora', 'Fragrance Free', 'Good for: Dryness', 'Without Parabens', 'Best for Dry, Combo, Normal Skin']"
P472472,"['Good for: Dullness/Uneven Texture', 'Lactic Acid', 'Clean at Sephora', 'Good for: Anti-Aging', 'Without Parabens', 'Without Sulfates SLS & SLES']"
P421999,"['Good for: Dullness/Uneven Texture', 'Clean at Sephora', 'Good for: Dryness', 'Without Parabens']"
P422269,"['Good for: Dullness/Uneven Texture', 'Clean at Sephora', 'Good for: Dryness', 'Best for Oily, Combo, Normal Skin', 'Without Parabens']"
P422640,"['Good for: Redness', 'Best for Dry Skin', 'Clean at Sephora', 'Good for: Dryness', 'Without Parabens']"
P479329,"['Best for Dry Skin', 'Clean at Sephora', 'Fragrance Free', 'Good for: Dryness', 'Without Parabens']"
P427529,"['Good for: Anti-Aging', 'Good for: Dullness/Uneven Texture', 'Vitamin C', 'Without Parabens', 'Hyaluronic Acid']"
P446422,No Highlights
P503913,"['Good for: Redness', 'Hydrating', 'Clean at Sephora', 'Good for: Dryness']"
P422013,"['Clean at Sephora', 'Best for Oily, Combo, Normal Skin', 'Without Parabens', 'Without Sulfates SLS & SLES']"
P470221,"['Best for Normal Skin', 'Good for: Dullness/Uneven Texture', 'Best for Dry Skin', 'Clean at Sephora', 'Good for: Dryness']"
P431735,"['Good for: Dullness/Uneven Texture', 'Clean at Sephora', 'Good for: Dryness', 'Without Parabens']"
P483664,"['Good for: Dullness/Uneven Texture', 'Best for Dry Skin', 'Hydrating', 'Clean at Sephora', 'Good for: Dryness', 'Without Parabens']"
P422257,"['Medium Hold', 'Clean at Sephora']"
P440937,"['Best for Normal Skin', 'Good for: Redness', 'Good for: Dullness/Uneven Texture', 'Clean at Sephora', 'Good for: Acne/Blemishes']"
P449541,"['Good for: Dullness/Uneven Texture', 'Clean at Sephora', 'Good for: Anti-Aging', 'Good for: Dryness']"
P470040,"['Clean at Sephora', 'Fragrance Free', 'Oil Free', 'Best for Oily, Combo, Normal Skin', 'Without Parabens', 'Alcohol Free']"
P421997,"['Good for: Redness', 'Good for: Dullness/Uneven Texture', 'Clean at Sephora', 'Best for Oily, Combo, Normal Skin', 'Without Parabens', 'Alcohol Free']"
P432239,No Highlights
P422248,"['Clean at Sephora', 'Without Parabens', 'Best for Dry, Combo, Normal Skin']"
P422011,"['Good for: Dullness/Uneven Texture', 'Clean at Sephora', 'Good for: Dryness', 'Best for Dry, Combo, Normal Skin']"
P437672,"['Good for: Redness', 'Good for: Dullness/Uneven Texture', 'Clean at Sephora', 'Best for Oily, Combo, Normal Skin', 'Without Parabens', 'Alcohol Free']"
P461948,No Highlights
P422012,"['Good for: Dullness/Uneven Texture', 'Clean at Sephora', 'Good for: Dryness', 'Without Parabens']"
P422003,No Highlights
P422638,No Highlights
P422275,No Highlights
P429522,No Highlights
P422004,No Highlights
P422005,No Highlights
P435804,"['Good for: Dullness/Uneven Texture', 'Clean at Sephora', 'Good for: Dryness', 'Without Parabens']"
P431733,No Highlights
P422492,No Highlights
P422249,['Clean at Sephora']
P422481,No Highlights
P461947,"['Good for: Redness', 'Clean at Sephora', 'Good for: Dryness', 'Without Parabens', 'Without Sulfates SLS & SLES']"
P436378,"['Best for Oily Skin', 'Clean at Sephora', 'Salicylic Acid', 'Good for: Acne/Blemishes']"
P422253,No Highlights
P422503,No Highlights
P422493,No Highlights
P467628,"['Good for: Dullness/Uneven Texture', 'Vitamin C', 'Clean at Sephora', 'Salicylic Acid', 'Without Parabens', 'Good for: Dark spots']"
P422500,No Highlights
P422842,No Highlights
P422494,No Highlights
P422260,No Highlights
P422496,No Highlights
P432820,No Highlights
P482021,"['Fragrance Free', 'Good for: Dryness']"
P422484,No Highlights
P480176,"['Clean at Sephora', 'Best for Oily, Combo, Normal Skin', 'Without Parabens', 'Without Sulfates SLS & SLES']"
P422498,"['Good for: Dullness/Uneven Texture', 'Clean at Sephora', 'Good for: Dryness', 'UV Protection', 'SPF']"
P504464,"['Good for: Pores', 'Clean at Sephora', 'Good for: Dryness', 'Without Parabens', 'Best for Dry, Combo, Normal Skin']"
P429621,"['Floral Scent', 'Unisex/ Genderless Scent']"
P460005,"['Floral Scent', 'Unisex/ Genderless Scent']"
P433937,"['Unisex/ Genderless Scent', 'Warm &Spicy Scent']"
P465332,No Highlights
P433938,"['Unisex/ Genderless Scent', 'Warm &Spicy Scent']"
P480179,No Highlights
P429631,"['Floral Scent', 'Unisex/ Genderless Scent']"
P429620,"['Unisex/ Genderless Scent', 'Floral Scent']"
P452620,"['Floral Scent', 'Unisex/ Genderless Scent']"
P429627,"['Unisex/ Genderless Scent', 'Woody & Earthy Scent']"
P475958,No Highlights
P481717,"['Floral Scent', 'Unisex/ Genderless Scent']"
P480178,No Highlights
P429630,"['Unisex/ Genderless Scent', 'Floral Scent']"
P429619,"['Woody & Earthy Scent', 'Unisex/ Genderless Scent']"
P465333,No Highlights
P429629,"['Woody & Earthy Scent', 'Unisex/ Genderless Scent']"
P504776,No Highlights
P429623,"['Unisex/ Genderless Scent', 'Fresh Scent']"
P481103,['Floral Scent']
P482023,No Highlights
P429626,"['Unisex/ Genderless Scent', 'Woody & Earthy Scent']"
P429628,"['Woody & Earthy Scent', 'Unisex/ Genderless Scent']"
P429625,No Highlights
P502585,No Highlights
P504994,"['Warm &Spicy Scent', 'Floral Scent']"
P502624,No Highlights
P431509,No Highlights
P294018,No Highlights
P480321,"['Vegan', 'Hydrating', 'Clean at Sephora', 'Good for: Dryness', 'Cruelty-Free']"
P434336,"['Vegan', 'Good for: Dullness/Uneven Texture', 'Plumping', 'Clean at Sephora', 'Good for: Dryness']"
P418624,"['Good for: Damage', 'Good for: Dullness/Uneven Texture', 'Plumping', 'Clean + Planet Positive', 'Good for: Dryness', 'allure 2017 Best of Beauty Award Winner']"
P471046,"['Radiant Finish', 'Cream Formula', 'Hydrating', 'Clean at Sephora', 'Good for: Anti-Aging', 'allure 2021 Best of Beauty Award Winner']"
P455241,"['allure 2020 Best of Beauty Award Winner', 'Good for: Dullness/Uneven Texture', 'Good for: Pores', 'Clean + Planet Positive', 'Good for: Acne/Blemishes', 'Good for: Dark spots']"
P433627,"['Good for: Dullness/Uneven Texture', 'Good for: Pores', 'Clean + Planet Positive', 'Good for: Anti-Aging', 'Good for: Acne/Blemishes', 'Good for: Dark spots']"
P461177,"['Vegan', 'Good for: Dullness/Uneven Texture', 'Good for: Pores', 'Clean + Planet Positive', 'Salicylic Acid']"
P468684,"['Vegan', 'Plumping', 'Clean + Planet Positive', 'Hydrating', 'Good for: Dryness', 'Cruelty-Free']"
P476876,"['Refill Available', 'Good for: Loss of firmness', 'Vitamin C', 'Plumping', 'Good for: Anti-Aging', 'Best for Dry, Combo, Normal Skin']"
P428816,"['Good for: Redness', 'Good for: Loss of firmness', 'Good for: Dark Circles', 'Clean at Sephora', 'Good for: Anti-Aging', 'Best for Oily, Combo, Normal Skin']"
P446419,"['Good for: Dullness/Uneven Texture', 'Good for: Loss of firmness', 'Vitamin C', 'Clean + Planet Positive', 'Good for: Anti-Aging', 'Good for: Dark spots']"
P500618,"['Vegan', 'Good for: Dullness/Uneven Texture', 'Good for: Pores', 'Hydrating', 'Clean at Sephora', 'Good for: Dryness']"
P418625,"['Vegan', 'Clean + Planet Positive', 'Hydrating', 'Good for: Dryness', 'Cruelty-Free', 'allure 2017 Best of Beauty Award Winner']"
P500055,['Refill Available']
P474068,"['Vegan', 'Clean + Planet Positive', 'Hydrating', 'Good for: Dryness', 'Alcohol Free', 'Cruelty-Free']"
P440072,"['Vegan', 'Plumping', 'Vitamin C', 'Clean + Planet Positive', 'Hydrating', 'Good for: Dryness']"
P502630,"['Vegan', 'Good for: Dullness/Uneven Texture', 'Good for: Dryness', 'Best for Dry, Combo, Normal Skin']"
P432835,"['Vegan', 'Good for: Loss of firmness', 'Clean + Planet Positive', 'Good for: Anti-Aging', 'Cruelty-Free']"
P502854,"['Vegan', 'Good for: Dullness/Uneven Texture', 'Clean at Sephora', 'Fragrance Free', 'Good for: Dryness', 'Best for Dry, Combo, Normal Skin']"
P502837,"['Vegan', 'Hydrating', 'Clean at Sephora', 'Fragrance Free', 'Best for Oily, Combo, Normal Skin', 'Best for Dry, Combo, Normal Skin']"
P456412,"['Good for: Redness', 'Clean at Sephora', 'Good for: Dryness']"
P480612,"['Vegan', 'Hyaluronic Acid', 'Good for: Pores', 'Clean at Sephora', 'Salicylic Acid', 'Cruelty-Free']"
P456207,No Highlights
P456418,"['Good for: Dullness/Uneven Texture', 'Clean at Sephora']"
P456417,"['Clean at Sephora', 'Good for: Dullness/Uneven Texture']"
P456414,No Highlights
P474340,"['Vegan', 'Good for: Dullness/Uneven Texture', 'Clean at Sephora', 'Without Silicones']"
P456421,No Highlights
P456413,"['Clean at Sephora', 'Good for: Dryness', 'Good for: Redness']"
P455919,No Highlights
P456151,"['Radiant Finish', 'Liquid Formula', 'Clean + Planet Positive', 'Good for: Dark Circles', 'Medium Coverage', 'Good for: Acne/Blemishes', 'Good for: Dryness']"
P468685,"['Vegan', 'Natural Finish', 'Pressed Powder Formula', 'Good for: Pores', 'Clean + Planet Positive', 'Best for Oily, Combo, Normal Skin']"
P481396,"['Natural Finish', 'allure 2022 Clean Beauty Winner', 'Clean + Planet Positive', 'Long-wearing', 'Medium Coverage', 'Reef Safe SPF']"
P451920,"['Hyaluronic Acid', 'Liquid Formula', 'High Shine Finish', 'Plumping', 'Clean + Planet Positive', 'Hydrating']"
P441884,"['Liquid Formula', 'allure 2019 Best of Beauty Award Winner', 'Community Favorite', 'Clean + Planet Positive', 'Satin Finish', 'Medium Coverage']"
P471049,"['Vegan', 'Clean + Planet Positive', 'Long-wearing', 'Good for: Hair Thinning', 'allure 2021 Best of Beauty Award Winner', 'Without Silicones']"
P443764,"['Hyaluronic Acid', 'Plumping', 'Clean + Planet Positive', 'Hydrating', 'Good for: Dryness', 'Cruelty-Free']"
P447744,"['Vegan', 'Clean + Planet Positive', 'Shimmer Finish', 'Long-wearing', 'Gluten Free', 'Cruelty-Free']"
P471048,"['Vegan', 'Clean + Planet Positive', 'Long-wearing', 'Good for: Hair Thinning', 'Without Silicones']"
P503996,"['Radiant Finish', 'Liquid Formula', 'Clean + Planet Positive', 'Good for: Dark Circles', 'Medium Coverage', 'Good for: Acne/Blemishes']"
P474961,"['Hyaluronic Acid', 'Liquid Formula', 'High Shine Finish', 'Plumping', 'Clean + Planet Positive', 'Hydrating']"
P461178,"['Vegan', 'Hyaluronic Acid', 'Clean + Planet Positive', 'AHA/Glycolic Acid', 'Without Parabens', 'Without Sulfates SLS & SLES']"
P441886,"['Vegan', 'Natural Finish', 'Cream Formula', 'Clean + Planet Positive', 'Hydrating', 'Without Sulfates SLS & SLES']"
P503896,"['Radiant Finish', 'Liquid Formula', 'Clean + Planet Positive', 'Without Mineral Oil', 'Hypoallergenic', 'Without Silicones']"
P457455,"['Vegan', 'Radiant Finish', 'Pressed Powder Formula', 'Clean + Planet Positive', 'Without Silicones', 'Cruelty-Free']"
P471047,"['Vegan', 'Clean + Planet Positive', 'Long-wearing', 'Good for: Hair Thinning', 'Without Silicones']"
P474069,"['Good for: Dullness/Uneven Texture', 'Clean + Planet Positive', 'AHA/Glycolic Acid', 'Good for: Acne/Blemishes', 'Without Silicones', 'Cruelty-Free']"
P462872,"['Volumizing', 'Clean + Planet Positive', 'Long-wearing', 'Good for: Hair Thinning', 'Lengthening', 'Curling']"
P500329,"['Vegan', 'High Shine Finish', 'Clean + Planet Positive', 'Plumping', 'Hydrating', 'Hypoallergenic']"
P502288,"['Vegan', 'Good for: Dullness/Uneven Texture', 'Clean + Planet Positive', 'Best for Oily, Combo, Normal Skin', 'Best for Dry, Combo, Normal Skin']"
P502745,"['Vegan', 'Good for: Redness', 'Clean + Planet Positive', 'Hydrating', 'Good for: Anti-Aging', 'Oil Free']"
P501578,"['Good for: Damage', 'Clean + Planet Positive', 'Good for: Volume', 'Lengthening', 'Increases Shine', 'Cruelty-Free']"
P475122,"['Volumizing', 'Clean + Planet Positive', 'Long-wearing', 'Good for: Hair Thinning', 'Lengthening', 'Curling']"
P501568,"['Vegan', 'allure 2022 Best of Beauty Award Winner', 'Clean at Sephora', 'Long-wearing', 'Waterproof']"
P501589,"['Radiant Finish', 'Good for: Redness', 'Good for: Dark Circles', 'Hydrating', 'Clean at Sephora', 'Medium Coverage']"
P504604,"['Radiant Finish', 'Cream Formula', 'Hydrating', 'Clean at Sephora', 'Long-wearing', 'Without Parabens']"
P245205,"['Vegan', 'Community Favorite', ""allure 2018 Readers' Choice Award Winner"", 'Long-wearing', 'Waterproof', 'Cruelty-Free']"
P311138,"['Vegan', 'Liquid Formula', 'Matte Finish', 'Long-wearing', 'Full Coverage', 'Cruelty-Free']"
P413458,"['Vegan', 'Refill Available', 'Pressed Powder Formula', 'Community Favorite', 'Without Parabens', 'Cruelty-Free']"
P418804,No Highlights
P430718,"['Cruelty-Free', 'Vegan', 'Cream Formula', 'Waterproof', 'Long-wearing', 'Community Favorite']"
P469488,"['Vegan', 'Matte Finish', 'Long-wearing', 'Full Coverage', 'Best for Dry, Combo, Normal Skin']"
P385908,"['Cruelty-Free', 'Vegan', 'Liquid Formula', 'Long-wearing']"
P409988,"['Vegan', 'Loose Powder Formula', 'Light Coverage', 'Matte Finish']"
P418800,"['Cruelty-Free', 'Vegan', 'Pressed Powder Formula', 'Light Coverage', 'Matte Finish']"
P420220,No Highlights
P392437,No Highlights
P420219,No Highlights
P483466,"['Vegan', 'Long-wearing', 'Matte Finish', 'Waterproof', 'Cruelty-Free']"
P501592,"['Vegan', 'Liquid Formula', 'Long-wearing', 'Matte Finish', 'Cruelty-Free']"
P468169,"['Vegan', ""allure 2018 Readers' Choice Award Winner"", 'Long-wearing', 'Waterproof', 'Cruelty-Free']"
P441024,"['Vegan', 'Refill Available', 'Pressed Powder Formula', 'Full Coverage']"
P454732,No Highlights
P464781,"['Vegan', 'Stick Formula', 'Metallic Finish', 'Long-wearing', 'Cruelty-Free']"
P420218,No Highlights
P481106,"['Full Coverage', 'Long-wearing', 'Hydrating', 'Natural Finish', 'Vegan']"
P438613,"['Matte Finish', 'Cruelty-Free', 'Vegan', 'Liquid Formula', 'Full Coverage', 'Long-wearing']"
P454032,No Highlights
P475569,"['Liquid Formula', 'Natural Finish', 'Hydrating', 'Vegan', 'Cruelty-Free']"
P430304,No Highlights
P504366,"['Vegan', 'Natural Finish', 'Full Coverage', 'Best for Oily, Combo, Normal Skin', 'Cruelty-Free']"
P442770,"['Cruelty-Free', 'Vegan', 'Liquid Formula', 'Volumizing', 'Long-wearing']"
P463638,No Highlights
P418801,No Highlights
P454733,No Highlights
P460562,"['Vegan', 'Liquid Formula', 'Best for Dry, Combo, Normal Skin']"
P447557,No Highlights
P446787,"['Vegan', 'Volumizing', 'Liquid Formula', 'Long-wearing', 'Cruelty-Free']"
P472980,"['Vegan', 'Liquid Formula', 'Hydrating']"
P462706,"['Vegan', 'Liquid Formula', 'Curling']"
P504596,"['Vegan', 'Good for: Pores', 'Hydrating', 'Fragrance Free', 'Best for Dry, Combo, Normal Skin', 'Cruelty-Free']"
P504620,"['Vegan', 'Liquid Formula', 'Long-wearing', 'Matte Finish', 'Cruelty-Free']"
P307907,"['Cream Formula', 'Best for Dry Skin', 'Without Phthalates', 'Good for: Dryness']"
P107319,"['Woody & Earthy Scent', 'Liquid Formula', 'Without Phthalates', 'Without Parabens', 'Increases Shine']"
P162554,"['allure 2020 Best of Beauty Award Winner', 'Hydrating', 'Without Phthalates', 'Without Parabens']"
P425327,"['Cream Formula', 'Best for Dry Skin', 'Without Phthalates', 'Good for: Dryness']"
P66703,"['Cream Formula', 'Without Phthalates', 'Good for: Dryness', 'Without Parabens']"
P387512,"['allure 2020 Best of Beauty Award Winner', 'Without Phthalates', 'Good for: Dryness', 'Without Parabens']"
P238001,"['Cream Formula', 'Best for Dry Skin', 'Without Phthalates', 'Good for: Dryness', 'Without Parabens']"
P425324,"['Woody & Earthy Scent', 'Liquid Formula', 'Without Phthalates', 'Without Parabens', 'Increases Shine']"
P39678,No Highlights
P39950,"['Floral Scent', 'Fresh Scent', 'Without Triclosan']"
P392873,No Highlights
P39675,"['Without Phthalates', 'Good for: Dryness', 'Without Parabens', 'Best for Dry, Combo, Normal Skin']"
P387511,"['Cream Formula', 'Good for: Dullness/Uneven Texture', 'Good for: Anti-Aging', 'Without Phthalates', 'Without Parabens', 'Increases Shine']"
P392869,No Highlights
P449167,No Highlights
P442735,No Highlights
P428817,No Highlights
P451282,No Highlights
P39890,No Highlights
P442734,"['Good for: Anti-Aging', 'Best for Oily, Combo, Normal Skin', 'Without Parabens', 'Best for Dry, Combo, Normal Skin', 'Without Sulfates SLS & SLES']"
P457273,"['Best for Normal Skin', 'Good for: Dark Circles', 'Good for: Anti-Aging']"
P457274,No Highlights
P467255,"['Good for: Frizz', 'Increases Shine', 'All Hair Types']"
P477186,"['Good for: Frizz', 'Increases Shine', 'All Hair Types']"
P416341,"['Best for Dry Skin', 'Without Phthalates', 'Good for: Dryness', 'Without Parabens', 'Without Sulfates SLS & SLES']"
P426501,"['Best for Dry Skin', 'Good for: Dryness', 'Without Sulfates SLS & SLES', 'Without Parabens', 'Without Phthalates']"
P461949,"['Without Phthalates', 'Good for: Dryness', 'Without Parabens', 'Best for Dry, Combo, Normal Skin', 'Without Sulfates SLS & SLES']"
P480613,"['Good for: Loss of firmness', 'Plumping', 'Good for: Pores', 'Hydrating', 'Good for: Anti-Aging', 'Good for: Dryness']"
P482024,"['Good for: Loss of firmness', 'Plumping', 'Good for: Pores', 'Hydrating', 'Good for: Anti-Aging', 'Good for: Dryness']"
P475124,"['Good for: Dryness', 'Good for: Anti-Aging', 'Good for: Pores', 'Good for: Redness']"
P455924,"['Best for Dry, Combo, Normal Skin', 'Good for: Dark Circles', 'Without Sulfates SLS & SLES', 'Without Parabens', 'Without Phthalates']"
P417241,"['Best for Dry, Combo, Normal Skin', 'Good for: Dullness/Uneven Texture', 'Without Sulfates SLS & SLES', 'Without Parabens', 'Without Phthalates']"
P417242,No Highlights
P450290,"['Best for Dry, Combo, Normal Skin', 'Good for: Anti-Aging', 'Without Sulfates SLS & SLES', 'Without Parabens', 'Without Phthalates', 'Niacinamide']"
P429637,"['Best for Oily Skin', 'Good for: Dullness/Uneven Texture', 'Without Sulfates SLS & SLES', 'Without Parabens', 'Without Phthalates']"
P416344,"['Good for: Pores', 'Without Phthalates', 'Best for Oily, Combo, Normal Skin', 'Without Parabens', 'Without Sulfates SLS & SLES']"
P505160,"['Good for: Redness', 'Good for: Loss of firmness', 'Plumping', 'Good for: Pores', 'Good for: Anti-Aging', 'Best for Dry, Combo, Normal Skin']"
P417107,"['Best for Combination Skin', 'Good for: Pores', 'Without Sulfates SLS & SLES', 'Without Parabens', 'Without Phthalates']"
P417118,"['Without Phthalates', 'Good for: Dryness', 'Without Parabens', 'Best for Dry, Combo, Normal Skin', 'SPF', 'Without Sulfates SLS & SLES']"
P421249,"['Best for Oily Skin', 'Good for: Pores', 'Without Sulfates SLS & SLES', 'Without Parabens', 'Without Phthalates']"
P444964,No Highlights
P480450,"['Good for: Dryness', 'Good for: Dullness/Uneven Texture', 'Without Phthalates', 'Without Sulfates SLS & SLES', 'Without Parabens']"
P417111,"['Best for Dry, Combo, Normal Skin', 'Good for: Dullness/Uneven Texture', 'Without Sulfates SLS & SLES', 'Without Parabens', 'Without Phthalates']"
P448182,No Highlights
P431416,No Highlights
P417243,No Highlights
P417114,No Highlights
P417116,No Highlights
P416538,"['Best for Dry, Combo, Normal Skin', 'Good for: Loss of firmness', 'Without Sulfates SLS & SLES', 'Without Parabens', 'Without Phthalates']"
P417115,No Highlights
P416725,"['Best for Dry, Combo, Normal Skin', 'Good for: Dullness/Uneven Texture', 'Without Sulfates SLS & SLES', 'Without Parabens', 'Without Phthalates']"
P433962,No Highlights
P428636,"['Best for Oily, Combo, Normal Skin', 'Good for: Pores', 'Without Sulfates SLS & SLES', 'Without Parabens', 'Without Phthalates']"
P428637,"['Best for Dry, Combo, Normal Skin', 'Good for: Loss of firmness', 'Without Sulfates SLS & SLES', 'Without Parabens', 'Without Phthalates']"
P461950,"['Without Phthalates', 'Good for: Dryness', 'Without Parabens', 'Best for Dry, Combo, Normal Skin', 'Without Sulfates SLS & SLES']"
P417110,No Highlights
P475961,"['Best for Dry Skin', 'Without Phthalates', 'Good for: Dryness', 'Without Parabens', 'Without Sulfates SLS & SLES']"
P428639,"['Best for Dry, Combo, Normal Skin', 'Good for: Dullness/Uneven Texture', 'Without Sulfates SLS & SLES', 'Without Parabens', 'Without Phthalates']"
P454083,No Highlights
P430405,"['Best for Oily Skin', 'Good for: Dullness/Uneven Texture', 'Without Sulfates SLS & SLES', 'Without Parabens', 'Without Phthalates']"
P459501,"['Without Sulfates SLS & SLES', 'Without Phthalates', 'Without Parabens']"
P501264,"['Best for Dry Skin', 'Without Phthalates', 'Good for: Dryness', 'Without Parabens', 'Without Sulfates SLS & SLES']"
P505144,"['Good for: Redness', 'Good for: Loss of firmness', 'Plumping', 'Good for: Pores', 'Good for: Anti-Aging', 'Best for Dry, Combo, Normal Skin']"
P308201,"['Community Favorite', 'Matte Finish', 'Long-wearing', 'Full Coverage', 'Oil Free', 'Best for Oily, Combo, Normal Skin']"
P128706,"['Volumizing', 'Community Favorite', 'Without Phthalates', 'Without Formaldehydes', 'Lengthening', 'Without Sulfates SLS & SLES']"
P467208,"['Volumizing', 'Without Silicones', 'Without Parabens', 'Lengthening', 'Long-wearing', 'Oil Free']"
P379510,"['Hyaluronic Acid', 'Good for: Dullness/Uneven Texture', 'Vitamin C', 'Good for: Pores', 'Good for: Anti-Aging', 'Without Parabens']"
P375939,No Highlights
P54509,"['Good for: Dullness/Uneven Texture', 'Hyaluronic Acid', 'Good for: Dryness', 'Best for Dry, Combo, Normal Skin', 'Without Sulfates SLS & SLES']"
P453825,No Highlights
P473717,"['Hydrating', 'Good for: Dark Circles', 'Long-wearing', 'Matte Finish', 'Full Coverage', 'Best for Dry, Combo, Normal Skin']"
P419848,"['Volumizing', 'Community Favorite', 'Without Phthalates', 'Long-wearing', 'Without Formaldehydes', 'Without Parabens']"
P54477,No Highlights
P431511,"['Without Sulfates SLS & SLES', 'Without Parabens', 'Without Formaldehydes', 'Long-wearing', 'Hydrating', 'High Shine Finish']"
P422430,"['Best for Oily, Combo, Normal Skin', 'Good for: Dryness', 'Good for: Dullness/Uneven Texture', 'Good for: Redness', 'Salicylic Acid', 'Oil Free']"
P399503,"['Waterproof', 'Long-wearing', 'Without Parabens', 'Fragrance Free']"
P54450,"['Without Sulfates SLS & SLES', 'Without Retinyl Palmitate', 'Without Formaldehydes', 'Long-wearing', 'Lengthening', 'Without Phthalates']"
P457812,"['Without Parabens', 'Plumping', 'Long-wearing', 'Hydrating', 'High Shine Finish']"
P470041,"['Best for Combination Skin', 'Without Mineral Oil', 'Long-wearing', 'Good for: Dryness', 'Without Parabens', 'SPF']"
P375841,"['Good for: Dark Circles', 'Good for: Anti-Aging', 'Good for: Dryness', 'Without Parabens', 'Best for Dry, Combo, Normal Skin', 'Without Sulfates SLS & SLES']"
P467209,"['Without Silicones', 'Without Parabens', 'Volumizing', 'Oil Free', 'Long-wearing', 'Lengthening']"
P244911,"['Long-wearing', 'Satin Finish', 'Hydrating', 'Hyaluronic Acid']"
P428823,"['Light Coverage', 'Radiant Finish', 'Cream Formula', 'Hydrating', 'Oil Free', 'SPF']"
P470536,"['Best for Normal Skin', 'Good for: Pores', 'Good for: Dullness/Uneven Texture', 'AHA/Glycolic Acid', 'Salicylic Acid', 'Vitamin C']"
P54419,"['Pressed Powder Formula', 'Long-wearing', 'Matte Finish', 'Full Coverage', 'Best for Oily, Combo, Normal Skin']"
P244006,"['Without Sulfates SLS & SLES', 'Without Phthalates', 'Without Parabens', 'Without Formaldehydes', 'Volumizing', 'Long-wearing']"
P448111,"['Floral Scent', 'Fresh Scent', 'allure 2020 Best of Beauty Award Winner']"
P422457,"['Volumizing', 'Community Favorite', 'Without Phthalates', 'Without Formaldehydes', 'Lengthening', 'Without Sulfates SLS & SLES']"
P472981,"['Hyaluronic Acid', 'Cream Formula', 'Good for: Loss of firmness', 'Vitamin C', 'Good for: Dark Circles', 'Without Parabens']"
P479971,"['Hyaluronic Acid', 'Good for: Loss of firmness', 'Vitamin C', 'Good for: Anti-Aging', 'Good for: Dark spots', 'Niacinamide']"
P500706,"['Natural Finish', 'Hyaluronic Acid', 'Liquid Formula', 'Hydrating', 'Medium Coverage', 'Best for Oily, Combo, Normal Skin', 'SPF']"
P422464,"['Without Phthalates', 'Without Parabens', 'Without Formaldehydes', 'Volumizing', 'Long-wearing', 'Community Favorite']"
P54443,"['Without Sulfates SLS & SLES', 'Without Phthalates', 'Without Parabens', 'Without Mineral Oil', 'Without Formaldehydes', 'Long-wearing']"
P468688,"['Stick Formula', 'Matte Finish', 'Long-wearing', 'Full Coverage', 'Oil Free']"
P502761,"['Best for Combination Skin', 'Hyaluronic Acid', 'Good for: Dullness/Uneven Texture', 'Good for: Anti-Aging', 'Good for: Dryness', 'Without Parabens']"
P65300,No Highlights
P437230,"['Long-wearing', 'Matte Finish', 'Hydrating', 'Hyaluronic Acid']"
P429440,"['Volumizing', 'Long-wearing', 'Waterproof', 'Lengthening', 'Without Parabens', 'Without Sulfates SLS & SLES']"
P219008,No Highlights
P217932,"['Best for Oily, Combo, Normal Skin', 'Good for: Pores', 'Without Parabens']"
P54433,No Highlights
P453826,"['Hyaluronic Acid', 'Good for: Loss of firmness', 'Good for: Anti-Aging', 'Best for Dry, Combo, Normal Skin', 'SPF', 'Good for: Dark spots']"
P467630,No Highlights
P262303,No Highlights
P54444,"['Long-wearing', 'Matte Finish', 'Waterproof']"
P54417,No Highlights
P293302,No Highlights
P375938,"['Warm &Spicy Scent', 'Floral Scent']"
P481824,"['Liquid Formula', 'Long-wearing', 'Waterproof']"
P422456,No Highlights
P484054,No Highlights
P375937,"['allure 2020 Best of Beauty Award Winner', 'Warm &Spicy Scent', 'Floral Scent']"
P217931,No Highlights
P425810,No Highlights
P433569,No Highlights
P474843,"['Cream Formula', 'Good for: Dullness/Uneven Texture', 'Hydrating', 'Good for: Anti-Aging', 'Good for: Dryness', 'Best for Dry, Combo, Normal Skin']"
P474844,"['Cream Formula', 'Hydrating', 'Good for: Dark Circles', 'Good for: Anti-Aging', 'Best for Dry, Combo, Normal Skin']"
P482025,"['Good for: Loss of firmness', 'Hydrating', 'Good for: Anti-Aging', 'Good for: Dryness', 'Best for Dry, Combo, Normal Skin', 'Without Sulfates SLS & SLES']"
P434531,No Highlights
P430813,No Highlights
P102813,No Highlights
P481112,"['Volumizing', 'Lengthening', 'Waterproof']"
P422428,No Highlights
P500503,"['Volumizing', 'Long-wearing', 'Without Sulfates SLS & SLES']"
P376135,"['Hyaluronic Acid', 'Good for: Loss of firmness', 'Good for: Anti-Aging', 'Good for: Dryness', 'Without Formaldehydes', 'Best for Dry, Combo, Normal Skin']"
P398675,"['Layerable Scent', 'Warm &Spicy Scent', 'Cream Formula', 'Floral Scent']"
P433461,No Highlights
P379009,"['Best for Oily, Combo, Normal Skin', 'SPF', 'Good for: Anti-Aging', 'Good for: Loss of firmness', 'Good for: Dryness', 'Good for: Dullness/Uneven Texture']"
P403701,"['Volumizing', 'Without Phthalates', 'Long-wearing', 'Without Formaldehydes', 'Without Parabens', 'Without Sulfates SLS & SLES']"
P447607,No Highlights
P447608,No Highlights
P454029,No Highlights
P502840,"['Hyaluronic Acid', 'Good for: Dullness/Uneven Texture', 'Vitamin C', 'Good for: Pores', 'Good for: Anti-Aging', 'Without Parabens']"
P502196,"['Hyaluronic Acid', 'Hydrating', 'Long-wearing', 'Niacinamide']"
P438362,No Highlights
P451737,No Highlights
P505452,"['Good for: Dullness/Uneven Texture', 'Good for: Pores', 'Without Sulfates SLS & SLES', 'Good for: Dark spots', 'Niacinamide']"
P502823,"['Good for: Dullness/Uneven Texture', 'Good for: Loss of firmness', 'Hydrating', 'Good for: Dryness']"
P481823,"['Volumizing', 'Lengthening', 'Waterproof']"
P420652,"['allure 2019 Best of Beauty Award Winner', 'Community Favorite', 'Vitamin C', 'Hydrating', 'Good for: Dryness', 'Without Parabens']"
P443563,"['High Shine Finish', 'Community Favorite', 'Hydrating', 'Without Phthalates', 'Good for: Dryness', 'Without Parabens']"
P457508,"['Radiant Finish', 'allure 2020 Best of Beauty Award Winner', 'Hydrating', 'Long-wearing', 'Best for Oily, Combo, Normal Skin']"
P446930,"['Hydrating', 'Best for Dry Skin', 'Hypoallergenic', 'Fragrance Free', 'Without Mineral Oil']"
P454313,"['Good for: Redness', 'Good for: Dryness', 'Fragrance Free', 'Hypoallergenic', 'Without Parabens']"
P469490,"['Good for: Dullness/Uneven Texture', 'Good for: Loss of firmness', 'Shimmer Finish', 'Without Mineral Oil', 'Good for: Dryness', 'Without Silicones']"
P482693,"['Hyaluronic Acid', 'Hydrating', 'Good for: Dryness', 'Hypoallergenic', 'Best for Oily, Combo, Normal Skin', 'Best for Dry, Combo, Normal Skin']"
P466134,No Highlights
P479330,"['Good for: Dullness/Uneven Texture', 'Best for Dry Skin', 'Hydrating', 'Good for: Dryness', 'Without Parabens', 'Without Sulfates SLS & SLES']"
P482692,"['Hyaluronic Acid', 'Hydrating', 'Good for: Dryness', 'Hypoallergenic', 'Best for Oily, Combo, Normal Skin', 'Best for Dry, Combo, Normal Skin']"
P460514,"['Good for: Dryness', 'Fragrance Free', 'Without Sulfates SLS & SLES', 'Best for Dry, Combo, Normal Skin', 'Without Parabens', 'Without Phthalates']"
P460513,"['Hydrating', 'Hypoallergenic', 'Fragrance Free', 'Best for Dry, Combo, Normal Skin', 'Without Parabens', 'Without Phthalates']"
P503867,"['Hyaluronic Acid', 'Good for: Loss of firmness', 'Retinol', 'Good for: Anti-Aging', 'Hypoallergenic', 'Best for Dry, Combo, Normal Skin']"
P501030,"['Good for: Dullness/Uneven Texture', 'Best for Dry Skin', 'Vitamin C', 'Hydrating', 'Good for: Dryness', 'Best for Dry, Combo, Normal Skin']"
P504212,"['Vitamin C', 'Hydrating', 'Good for: Dryness', 'Without Formaldehydes', 'Best for Dry, Combo, Normal Skin', 'Without Sulfates SLS & SLES']"
P482695,"['Hyaluronic Acid', 'Best for Oily Skin', 'Hydrating', 'Good for: Dryness', 'Hypoallergenic', 'Best for Oily, Combo, Normal Skin']"
P481825,"['Good for: Dryness', 'UV Protection', 'Hypoallergenic', 'Best for Oily, Combo, Normal Skin', 'SPF', 'Best for Dry, Combo, Normal Skin']"
P482696,"['Hyaluronic Acid', 'Good for: Dark Circles', 'Good for: Dryness', 'Best for Dry, Combo, Normal Skin', 'Without Sulfates SLS & SLES', 'Niacinamide']"
P484055,"['Good for: Loss of firmness', 'Hydrating', 'Good for: Dryness', 'Best for Oily, Combo, Normal Skin', 'Best for Dry, Combo, Normal Skin']"
P459116,No Highlights
P504208,"['Hydrating', 'Good for: Dryness', 'Best for Oily, Combo, Normal Skin', 'Best for Dry, Combo, Normal Skin']"
P482694,"['Hyaluronic Acid', 'Hydrating', 'Good for: Dryness', 'Hypoallergenic', 'Best for Oily, Combo, Normal Skin', 'Best for Dry, Combo, Normal Skin']"
P500982,"['Hyaluronic Acid', 'Good for: Dryness', 'Best for Oily, Combo, Normal Skin', 'Best for Dry, Combo, Normal Skin']"
P503868,"['Vitamin C', 'Hydrating', 'Good for: Dryness', 'Without Formaldehydes', 'Best for Dry, Combo, Normal Skin', 'Without Sulfates SLS & SLES']"
P482698,"['Good for: Dullness/Uneven Texture', 'Best for Oily Skin', 'Hydrating', 'Best for Oily, Combo, Normal Skin', 'Without Parabens', 'Without Sulfates SLS & SLES']"
P482697,"['Hyaluronic Acid', 'Hydrating', 'Good for: Dryness', 'Without Parabens', 'Best for Dry, Combo, Normal Skin', 'Without Sulfates SLS & SLES']"
P503934,"['Hydrating', 'Good for: Dryness', 'Without Formaldehydes', 'Best for Oily, Combo, Normal Skin', 'Best for Dry, Combo, Normal Skin', 'Without Sulfates SLS & SLES']"
P109908,"['Loose Powder Formula', 'Community Favorite', 'Long-wearing', 'Matte Finish', 'Oil Free', 'Best for Oily, Combo, Normal Skin']"
P293605,"['Stick Formula', 'Long-wearing', 'Without Parabens', 'Without Phthalates']"
P422083,"['Loose Powder Formula', 'Long-wearing', 'Matte Finish', 'Best for Oily, Combo, Normal Skin', 'Oil Free', 'Community Favorite']"
P109936,"['Light Coverage', 'Natural Finish', 'Liquid Formula', 'Hydrating', 'Long-wearing']"
P140906,"['Light Coverage', 'Liquid Formula', 'Matte Finish', 'Oil Free', 'SPF']"
P379031,No Highlights
P433131,"['Light Coverage', 'Pressed Powder Formula', 'Natural Finish', 'Long-wearing', 'Without Parabens']"
P109911,No Highlights
P429050,"['Natural Finish', 'Liquid Formula', 'Hydrating', 'Long-wearing', 'Full Coverage']"
P500622,"['Loose Powder Formula', 'Hyaluronic Acid', 'Matte Finish', 'Long-wearing', 'Fragrance Free', 'Best for Dry, Combo, Normal Skin']"
P440268,"['Natural Finish', 'Liquid Formula', 'Hydrating', 'Long-wearing', 'Fragrance Free', 'Medium Coverage']"
P422082,"['Liquid Formula', 'Light Coverage', 'Natural Finish', 'Long-wearing', 'Hydrating', 'SPF']"
P109931,No Highlights
P109906,"['Liquid Formula', 'Shimmer Finish', 'Hydrating', 'Satin Finish', 'Long-wearing', 'Medium Coverage']"
P110012,No Highlights
P473319,"['Cream Formula', 'Stick Formula', 'Shimmer Finish', 'Long-wearing', 'Fragrance Free']"
P109927,No Highlights
P414034,No Highlights
P427041,No Highlights
P381714,"['Pressed Powder Formula', 'Matte Finish', 'Long-wearing', 'Medium Coverage', 'Oil Free']"
P482286,"['Light Coverage', 'Natural Finish', 'Cream Formula', 'Hydrating', 'Fragrance Free', 'Without Parabens']"
P466665,"['Light Coverage', 'Liquid Formula', 'Matte Finish', 'Oil Free', 'SPF']"
P467957,No Highlights
P443744,No Highlights
P454942,"['Best for Dry, Combo, Normal Skin', 'Cream Formula', 'Natural Finish', 'Long-wearing', 'Hydrating', 'Without Sulfates SLS & SLES']"
P480180,"['Light Coverage', 'Loose Powder Formula', 'Matte Finish', 'Long-wearing', 'Fragrance Free', 'Best for Oily, Combo, Normal Skin']"
P285323,No Highlights
P433852,"['Loose Powder Formula', 'Long-wearing', 'Radiant Finish', 'Best for Oily, Combo, Normal Skin', 'Oil Free']"
P435359,"['Loose Powder Formula', 'Long-wearing', 'Radiant Finish', 'Best for Oily, Combo, Normal Skin', 'Oil Free']"
P475572,"['Light Coverage', 'Loose Powder Formula', 'Radiant Finish', 'Long-wearing', 'Fragrance Free']"
P380667,No Highlights
P433850,"['allure 2018 Best of Beauty Award Winner', 'Pressed Powder Formula']"
P501817,"['Stick Formula', 'Shimmer Finish', 'Long-wearing', 'Full Coverage', 'Fragrance Free', 'Without Parabens']"
P454941,"['Best for Oily, Combo, Normal Skin', 'Long-wearing', 'Without Sulfates SLS & SLES']"
P453906,"['Best for Dry, Combo, Normal Skin', 'Cream Formula', 'Natural Finish', 'Long-wearing', 'Hydrating', 'Without Sulfates SLS & SLES']"
P501504,"['Vitamin C', 'Hydrating', 'Without Mineral Oil', 'Matte Finish', 'Long-wearing', 'Fragrance Free']"
P380682,No Highlights
P500437,"['Pressed Powder Formula', 'Natural Finish', 'Shimmer Finish', 'Long-wearing', 'Fragrance Free', 'Cruelty-Free']"
P454943,"['Cream Formula', 'Light Coverage', 'Radiant Finish', 'Long-wearing', 'Hydrating', 'Without Sulfates SLS & SLES']"
P255110,No Highlights
P109941,No Highlights
P443743,No Highlights
P454946,"['Best for Oily, Combo, Normal Skin', 'Long-wearing', 'Without Sulfates SLS & SLES']"
P380664,No Highlights
P479972,"['Light Coverage', 'Radiant Finish', 'Liquid Formula', 'Hydrating', 'Long-wearing']"
P504012,"['Vegan', 'Natural Finish', 'Liquid Formula', 'Long-wearing', 'Waterproof', 'Medium Coverage']"
P109943,No Highlights
P444318,No Highlights
P502987,"['Loose Powder Formula', 'Vitamin C', 'Matte Finish', 'Long-wearing', 'Fragrance Free', 'Best for Oily, Combo, Normal Skin']"
P467956,"['Cream Formula', 'Light Coverage', 'Radiant Finish', 'Long-wearing', 'Hydrating', 'Without Sulfates SLS & SLES']"
P504190,"['Light Coverage', 'Natural Finish', 'Cream Formula', 'Hydrating', 'Without Parabens', 'Without Sulfates SLS & SLES']"
P500414,"['Pressed Powder Formula', 'Shimmer Finish', 'Long-wearing', 'Fragrance Free', 'Cruelty-Free']"
P483668,"['Natural Finish', 'Fragrance Free', 'Alcohol Free', 'Without Silicones', 'Long-wearing']"
P483669,"['Natural Finish', 'Fragrance Free', 'Alcohol Free', 'Without Silicones', 'Long-wearing', 'Hydrating']"
P461182,"['Loose Powder Formula', 'Long-wearing', 'Matte Finish', 'Best for Oily, Combo, Normal Skin', 'Oil Free', 'Community Favorite']"
P468175,"['Vegan', 'High Shine Finish', 'Community Favorite', 'Plumping', 'Clean at Sephora', 'Hydrating']"
P480326,"['Vegan', 'Hyaluronic Acid', 'Plumping', 'Hydrating', 'Clean at Sephora', 'Cruelty-Free']"
P504609,"['Vegan', 'High Shine Finish', 'Plumping', 'Hydrating', 'Clean at Sephora', 'Cruelty-Free']"
P450514,"['Matte Finish', 'Satin Finish', 'Metallic Finish', 'Without Sulfates SLS & SLES', 'Clean at Sephora']"
P460814,"['Natural Finish', 'Clean at Sephora', 'Long-wearing', 'Without Silicones', 'Without Sulfates SLS & SLES']"
P461463,"['Matte Finish', 'Satin Finish', 'Metallic Finish', 'Without Sulfates SLS & SLES', 'Clean at Sephora']"
P439204,"['Matte Finish', 'Satin Finish', 'Metallic Finish', 'Without Sulfates SLS & SLES', 'Clean at Sephora']"
P483470,No Highlights
P454981,"['Hydrating', 'Satin Finish', 'Without Sulfates SLS & SLES', 'Without Silicones', 'Clean at Sephora']"
P482699,"['Liquid Formula', 'Clean at Sephora', 'Matte Finish', 'Long-wearing', 'Full Coverage', 'Without Silicones']"
P475128,"['Liquid Formula', 'Full Coverage', 'Long-wearing', 'Natural Finish', 'Vegan', 'Clean at Sephora']"
P468455,"['Cruelty-Free', 'Vegan', 'Without Parabens', 'Matte Finish', 'Long-wearing', 'Clean at Sephora']"
P435713,"['Vegan', 'Loose Powder Formula', 'Clean at Sephora', 'Matte Finish', 'Medium Coverage', 'Without Parabens']"
P458546,"['Hydrating', 'Clean at Sephora', 'Without Silicones', 'Without Sulfates SLS & SLES', 'Cruelty-Free']"
P449098,"['Vegan', 'Clean at Sephora', 'Matte Finish', 'Long-wearing', 'Without Silicones', 'Without Sulfates SLS & SLES']"
P478722,"['Matte Finish', 'Shimmer Finish', 'Metallic Finish', 'Without Sulfates SLS & SLES', 'Clean at Sephora', 'Cruelty-Free']"
P448148,"['Vegan', 'Loose Powder Formula', 'Clean at Sephora', 'Matte Finish', 'Medium Coverage', 'Without Parabens']"
P502170,"['Vegan', 'allure 2022 Best of Beauty Award Winner', 'Clean at Sephora', 'Long-wearing', 'Without Silicones', 'Cruelty-Free']"
P475127,"['Long-wearing', 'Natural Finish', 'Hydrating', 'Without Silicones', 'Vegan', 'Clean at Sephora']"
P472317,"['Volumizing', 'Lengthening', 'Long-wearing', 'Vegan', 'Without Silicones', 'Clean at Sephora']"
P502178,"['Vegan', 'Clean at Sephora', 'Long-wearing', 'Without Silicones', 'Without Sulfates SLS & SLES', 'Cruelty-Free']"
P483670,"['Vegan', 'Volumizing', 'Clean at Sephora', 'Long-wearing', 'Lengthening', 'Cruelty-Free']"
P464265,"['Hydrating', 'Satin Finish', 'Without Sulfates SLS & SLES', 'Without Silicones', 'Clean at Sephora']"
P450886,"['Vegan', 'Hydrating', 'Clean at Sephora', 'Long-wearing', 'Gluten Free']"
P444317,"['Vegan', 'Hydrating', 'Clean at Sephora', 'Long-wearing', 'Gluten Free']"
P474342,"['Vegan', 'Hyaluronic Acid', 'High Shine Finish', 'Clean at Sephora', 'Hydrating']"
P421444,"['Vegan', 'Shimmer Finish', 'Clean at Sephora', 'Long-wearing', 'Gluten Free']"
P472318,"['Vegan', 'Hyaluronic Acid', 'High Shine Finish', 'Clean at Sephora', 'Hydrating']"
P421441,"['Vegan', 'Hydrating', 'Clean at Sephora', 'Best for Dry, Combo, Normal Skin', 'Gluten Free']"
P437317,"['Vegan', 'Hydrating', 'Clean at Sephora', 'Best for Dry, Combo, Normal Skin', 'Gluten Free']"
P427722,"['Radiant Finish', 'Cream Formula', 'Clean at Sephora', 'Long-wearing', 'Gluten Free']"
P421448,"['Vegan', 'Natural Finish', 'Cream Formula', 'Clean at Sephora', 'Medium Coverage', 'Gluten Free']"
P421445,"['Vegan', 'Light Coverage', 'Pressed Powder Formula', 'Clean at Sephora', 'Gluten Free']"
P455190,"['Vegan', 'Good for: Dullness/Uneven Texture', 'Hydrating', 'Clean at Sephora', 'Without Silicones']"
P454771,"['Vegan', 'Hydrating', 'Clean at Sephora', 'Best for Dry, Combo, Normal Skin', 'Gluten Free']"
P476514,"['Vegan', 'Radiant Finish', 'Good for: Dullness/Uneven Texture', 'Hydrating', 'Clean at Sephora', 'Cruelty-Free']"
P434534,"['Vegan', 'Cream Formula', 'Clean at Sephora', 'Matte Finish', 'Gluten Free']"
P454770,"['Vegan', 'Good for: Dullness/Uneven Texture', 'Hydrating', 'Clean at Sephora', 'Without Silicones']"
P476419,"['Vegan', 'Radiant Finish', 'Good for: Dullness/Uneven Texture', 'Hydrating', 'Clean at Sephora', 'Cruelty-Free']"
P455191,"['Vegan', 'Hydrating', 'Clean at Sephora', 'Best for Dry, Combo, Normal Skin', 'Gluten Free']"
P451888,"['Radiant Finish', 'Cream Formula', 'Clean at Sephora', 'Long-wearing', 'Gluten Free']"
P471256,No Highlights
P439212,No Highlights
P471255,No Highlights
P451195,No Highlights
P460844,No Highlights
P483672,"['Vegan', 'Lengthening']"
P465812,No Highlights
P456006,No Highlights
P479331,"['Vegan', 'Long-wearing']"
P501299,"['Vegan', 'Cruelty-Free']"
P456007,No Highlights
P504914,"['Vegan', 'Volumizing', 'Long-wearing', 'Lengthening', 'Cruelty-Free']"
P502057,"['Vegan', 'Lengthening', 'Cruelty-Free']"
P481826,"['Vegan', 'Long-wearing']"
P501302,"['Vegan', 'Long-wearing', 'Waterproof', 'Oil Free', 'Cruelty-Free']"
P479332,"['Liquid Formula', 'Long-wearing', 'Matte Finish', 'Waterproof', 'Without Parabens', 'Cruelty-Free']"
P501247,"['Vegan', 'Cruelty-Free']"
P399330,"['Vegan', 'Fresh Scent', 'Without Parabens', 'Without Silicones', 'Without Sulfates SLS & SLES', 'Good for: Oily Scalp']"
P384533,"['Vegan', 'All Hair Types', 'Good for: Dryness', 'Without Silicones', 'Without Sulfates SLS & SLES']"
P383223,"['Good for: Volume', 'Heat Protection', 'All Hair Types', 'Good for: Frizz', 'Good for: Dryness', 'Without Silicones']"
P415925,"['Good for: Damage', 'Heat Protection', 'All Hair Types', 'Good for: Dryness', 'Without Silicones', 'Increases Shine']"
P270706,"['Vegan', 'Good for: Volume', 'All Hair Types', 'Without Silicones', 'Without Sulfates SLS & SLES']"
P437657,"['Vegan', 'All Hair Types', 'Without Parabens', 'Without Silicones', 'Without Sulfates SLS & SLES', 'Good for: Flaky/Dry Scalp']"
P384534,"['Vegan', 'All Hair Types', 'Good for: Dryness', 'Without Silicones', 'Without Sulfates SLS & SLES']"
P296439,"['Good for: Damage', 'Vegan', 'All Hair Types', 'Without Silicones', 'Without Sulfates SLS & SLES']"
P244509,"['Vegan', 'All Hair Types', 'Good for: Frizz', 'Without Silicones', 'Without Sulfates SLS & SLES']"
P296440,"['Good for: Damage', 'Vegan', 'All Hair Types', 'Without Silicones', 'Without Sulfates SLS & SLES']"
P254603,"['Good for: Volume', 'Good for: Dryness', 'Wavy Hair', 'Without Silicones', 'Vegan']"
P501168,"['Good for: Damage', 'Heat Protection', 'Without Silicones', 'Without Sulfates SLS & SLES', 'Cruelty-Free']"
P244510,"['Vegan', 'All Hair Types', 'Good for: Frizz', 'Without Silicones', 'Without Sulfates SLS & SLES']"
P270707,"['Vegan', 'Good for: Volume', 'All Hair Types', 'Without Silicones', 'Without Sulfates SLS & SLES']"
P419620,"['Vegan', 'Curl-Enhancing', 'Wavy Hair', 'Straight Hair', 'Without Silicones']"
P440977,"['Good for: Color Care', 'All Hair Types', 'Without Parabens', 'Without Silicones', 'Without Sulfates SLS & SLES', 'Increases Shine']"
P426023,"['Good for: Damage', 'Heat Protection', 'All Hair Types', 'Good for: Dryness', 'Without Silicones', 'Increases Shine']"
P392308,No Highlights
P378142,No Highlights
P454059,"['Good for: Damage', 'Good for: Color Care', 'Hydrating', 'Without Parabens', 'Without Silicones', 'Without Sulfates SLS & SLES']"
P467774,"['Good for: Damage', 'Curl-Enhancing', 'Good for: Frizz', 'Good for: Dryness', 'Without Silicones', 'Without Sulfates SLS & SLES']"
P467773,No Highlights
P426026,"['Vegan', 'Curl-Enhancing', 'Wavy Hair', 'Straight Hair', 'Without Silicones']"
P457231,"['Good for: Volume', 'Heat Protection', 'All Hair Types', 'Good for: Frizz', 'Good for: Dryness', 'Without Silicones']"
P468832,"['Vegan', 'All Hair Types', 'Good for: Hair Thinning', 'Without Parabens', 'Without Silicones', 'Without Sulfates SLS & SLES']"
P501160,"['Good for: Damage', 'Heat Protection', 'Without Silicones', 'Without Sulfates SLS & SLES', 'Cruelty-Free']"
P439091,"['Vegan', 'Good for: Volume', 'Good for: Dryness', 'Wavy Hair', 'Without Silicones']"
P467777,No Highlights
P411028,No Highlights
P501315,No Highlights
P467771,No Highlights
P454057,No Highlights
P467772,"['Good for: Damage', 'Curl-Enhancing', 'Good for: Frizz', 'Good for: Dryness', 'Without Silicones', 'Without Sulfates SLS & SLES']"
P467776,No Highlights
P454058,No Highlights
P480456,"['Good for: Damage', 'Curl-Enhancing', 'Good for: Frizz', 'Good for: Dryness', 'Without Silicones', 'Without Sulfates SLS & SLES']"
P425964,"['Vegan', 'All Hair Types', 'Good for: Dryness', 'Without Silicones', 'Without Sulfates SLS & SLES', 'Increases Shine']"
P467775,No Highlights
P503224,"['All Hair Types', 'Good for: Dryness', 'Without Parabens', 'Without Silicones', 'Increases Shine']"
P422037,"['Vegan', 'All Hair Types', 'Good for: Dryness', 'Without Silicones', 'Without Sulfates SLS & SLES', 'Increases Shine']"
P503236,"['All Hair Types', 'Good for: Dryness', 'Without Parabens', 'Without Silicones', 'Without Sulfates SLS & SLES', 'Increases Shine']"
P504311,"['Heat Protection', 'Without Phthalates', 'Good for: Frizz', 'Without Parabens', 'Without Silicones', 'Without Sulfates SLS & SLES']"
P480454,"['Curl-Enhancing', 'Good for: Dryness', 'Without Sulfates SLS & SLES', 'Without Silicones', 'Good for: Frizz', 'Good for: Damage']"
P504338,"['Heat Protection', 'Without Phthalates', 'Good for: Frizz', 'Without Parabens', 'Without Silicones', 'Without Sulfates SLS & SLES']"
P480455,"['Curl-Enhancing', 'Good for: Dryness', 'Without Sulfates SLS & SLES', 'Without Silicones', 'Good for: Frizz', 'Good for: Damage']"
P504450,"['Heat Protection', 'Without Phthalates', 'Good for: Frizz', 'Without Parabens', 'Without Silicones', 'Without Sulfates SLS & SLES']"
P504294,"['Heat Protection', 'Without Phthalates', 'Good for: Frizz', 'Without Parabens', 'Without Silicones', 'Without Sulfates SLS & SLES']"
P504287,"['Heat Protection', 'Without Phthalates', 'Good for: Frizz', 'Without Parabens', 'Without Silicones', 'Without Sulfates SLS & SLES']"
P468384,"['Vegan', 'Satin Finish', 'Fragrance Free', 'Cream Formula', 'Clean at Sephora', 'Black Owned at Sephora']"
P468380,"['Vegan', 'Hyaluronic Acid', 'Good for: Dullness/Uneven Texture', 'allure 2021 Best of Beauty Award Winner', 'Medium Coverage', 'Black Owned at Sephora']"
P500123,"['Vegan', 'Stick Formula', 'Natural Finish', 'Hyaluronic Acid', 'Clean at Sephora', 'Black Owned at Sephora']"
P480618,"['Liquid Formula', 'Clean at Sephora', 'Good for: Dark Circles', 'Long-wearing', 'Full Coverage', 'Good for: Dark spots']"
P468383,"['Vegan', 'Pressed Powder Formula', 'Niacinamide', 'Matte Finish', 'Clean at Sephora', 'Black Owned at Sephora']"
P468382,"['Vegan', 'Pressed Powder Formula', 'Clean at Sephora', 'Matte Finish', 'Best for Oily, Combo, Normal Skin', 'Niacinamide']"
P468385,"['Hydrating', 'Without Parabens', 'Vegan', 'High Shine Finish', 'Gluten Free', 'Black Owned at Sephora']"
P503938,"['Vegan', 'Hydrating', 'Clean at Sephora', 'Matte Finish', 'Long-wearing', 'Black Owned at Sephora']"
P477199,"['Pressed Powder Formula', 'Hyaluronic Acid', 'Niacinamide', 'Radiant Finish', 'Vegan', 'Black Owned at Sephora']"
P468381,"['Vegan', 'Good for: Dark spots', 'Good for: Dullness/Uneven Texture', 'Good for: Pores', 'Good for: Acne/Blemishes', 'Black Owned at Sephora']"
P503895,"['Vegan', 'Hydrating', 'Clean at Sephora', 'Matte Finish', 'Long-wearing', 'Cruelty-Free']"
P476884,"['Liquid Formula', 'Satin Finish', 'Oil Free', 'Good for: Dullness/Uneven Texture', 'Vegan', 'Black Owned at Sephora']"
P505047,"['Good for: Dullness/Uneven Texture', 'Good for: Loss of firmness', 'Vitamin C', 'Clean at Sephora', 'Good for: Anti-Aging', 'Cruelty-Free']"
P505140,"['Natural Finish', 'Hyaluronic Acid', 'Plumping', 'Hydrating', 'Clean at Sephora', 'Cruelty-Free']"
P505142,"['Good for: Dullness/Uneven Texture', 'Hyaluronic Acid', 'Good for: Loss of firmness', 'Good for: Dark Circles', 'Clean at Sephora', 'Cruelty-Free']"
P505131,"['Good for: Redness', 'Good for: Dullness/Uneven Texture', 'Good for: Loss of firmness', 'Clean at Sephora', 'Good for: Anti-Aging', 'Cruelty-Free']"
P505133,"['Good for: Dullness/Uneven Texture', 'Hydrating', 'Clean at Sephora', 'Good for: Acne/Blemishes', 'Best for Dry, Combo, Normal Skin', 'Cruelty-Free']"
P431161,"['Woody & Earthy Scent', 'Vegan', 'Without Parabens', 'Without Sulfates SLS & SLES', 'Clean + Planet Positive']"
P431160,"['Clean + Planet Positive', 'Woody & Earthy Scent', 'Layerable Scent', 'Without Parabens', 'Without Phthalates', 'Vegan']"
P431159,"['Vegan', 'Unisex/ Genderless Scent', 'Woody & Earthy Scent', 'Clean at Sephora']"
P471051,"['Without Parabens', 'Without Phthalates', 'Clean + Planet Positive', 'Unisex/ Genderless Scent', 'Vegan']"
P443565,"['Woody & Earthy Scent', 'Clean + Planet Positive', 'Without Parabens', 'Without Phthalates', 'Vegan']"
P472320,"['Vegan', 'Clean + Planet Positive', 'Without Parabens', 'Woody & Earthy Scent', 'Without Sulfates SLS & SLES']"
P451665,"['Clean + Planet Positive', 'Vegan', 'Without Phthalates', 'Woody & Earthy Scent', 'Without Parabens']"
P464785,"['Clean + Planet Positive', 'Woody & Earthy Scent', 'Unisex/ Genderless Scent', 'Without Phthalates', 'Vegan']"
P431168,"['Woody & Earthy Scent', 'Clean + Planet Positive', 'Vegan', 'Without Phthalates']"
P473846,"['Without Parabens', 'Without Phthalates', 'Vegan', 'Clean + Planet Positive', 'Alcohol Free']"
P500316,"['Vegan', 'Clean + Planet Positive', 'Without Phthalates', 'Without Parabens', 'Alcohol Free', 'Cruelty-Free']"
P473847,"['Alcohol Free', 'Clean + Planet Positive', 'Vegan', 'Without Parabens', 'Without Phthalates', 'Woody & Earthy Scent']"
P431164,"['Clean + Planet Positive', 'Without Parabens', 'Without Phthalates', 'Woody & Earthy Scent', 'Vegan']"
P469491,"['Vegan', 'Unisex/ Genderless Scent', 'Clean + Planet Positive', 'Without Phthalates', 'Without Parabens']"
P473822,"['Without Phthalates', 'Vegan', 'Without Parabens', 'Floral Scent', 'Clean + Planet Positive']"
P431165,No Highlights
P431167,"['Woody & Earthy Scent', 'Alcohol Free', 'Without Parabens', 'Without Phthalates', 'Vegan', 'Clean + Planet Positive']"
P447751,"['Vegan', 'Unisex/ Genderless Scent', 'Layerable Scent', 'Clean at Sephora']"
P473845,"['Woody & Earthy Scent', 'Without Phthalates', 'Without Parabens', 'Vegan', 'Clean + Planet Positive', 'Alcohol Free']"
P447753,"['Clean + Planet Positive', 'Without Parabens', 'Without Phthalates', 'Warm &Spicy Scent', 'Vegan']"
P431166,"['Clean + Planet Positive', 'Without Parabens', 'Without Phthalates', 'Floral Scent', 'Vegan']"
P431158,"['Clean + Planet Positive', 'Without Parabens', 'Without Phthalates', 'Floral Scent', 'Vegan']"
P467032,"['Vegan', 'Unisex/ Genderless Scent', 'Woody & Earthy Scent', 'Clean + Planet Positive', 'Without Phthalates']"
P431157,"['Layerable Scent', 'Clean + Planet Positive', 'Vegan', 'Without Phthalates']"
P468387,"['Alcohol Free', 'Vegan', 'Cruelty-Free', 'Woody & Earthy Scent']"
P447752,No Highlights
P467256,No Highlights
P447749,No Highlights
P431163,"['Woody & Earthy Scent', 'Clean + Planet Positive', 'Vegan', 'Without Phthalates']"
P469492,No Highlights
P404758,"['Unisex/ Genderless Scent', 'Warm &Spicy Scent']"
P385358,"['Unisex/ Genderless Scent', 'Fresh Scent']"
P480182,No Highlights
P385350,"['Unisex/ Genderless Scent', 'Warm &Spicy Scent']"
P385354,No Highlights
P466135,"['Fresh Scent', 'Unisex/ Genderless Scent']"
P440447,"['Unisex/ Genderless Scent', 'Fresh Scent']"
P461184,No Highlights
P432622,"['Unisex/ Genderless Scent', 'Warm &Spicy Scent']"
P408227,"['Warm &Spicy Scent', 'Unisex/ Genderless Scent']"
P461185,No Highlights
P427008,No Highlights
P466136,"['Fresh Scent', 'Unisex/ Genderless Scent']"
P440634,No Highlights
P479498,"['Fresh Scent', 'Unisex/ Genderless Scent']"
P440635,No Highlights
P440448,No Highlights
P473175,"['Woody & Earthy Scent', 'Unisex/ Genderless Scent']"
P473176,"['Unisex/ Genderless Scent', 'Woody & Earthy Scent']"
P472168,No Highlights
P503905,No Highlights
P419511,No Highlights
P443390,No Highlights
P503924,No Highlights
P479499,"['Fresh Scent', 'Unisex/ Genderless Scent']"
P419513,No Highlights
P422045,No Highlights
P503234,"['Unisex/ Genderless Scent', 'Warm &Spicy Scent', 'Fresh Scent']"
P467127,No Highlights
P466666,No Highlights
P468181,No Highlights
P502313,"['Unisex/ Genderless Scent', 'Warm &Spicy Scent']"
P503939,"['Layerable Scent', 'Floral Scent']"
P502411,"['Unisex/ Genderless Scent', 'Warm &Spicy Scent']"
P430969,"['Stick Formula', 'Matte Finish', 'Long-wearing']"
P427647,"['Refill Available', 'Customizable']"
P479712,"['Natural Finish', 'Liquid Formula', 'Long-wearing', 'Waterproof', 'Medium Coverage', 'Best for Oily, Combo, Normal Skin']"
P398775,"['Stick Formula', 'Natural Finish', 'Long-wearing', 'Full Coverage', 'Best for Dry, Combo, Normal Skin']"
P183919,No Highlights
P151107,"['Cream Formula', 'Long-wearing', 'Matte Finish', 'Full Coverage', 'Best for Oily, Combo, Normal Skin']"
P421281,"['Refill Available', 'Customizable']"
P439652,"['Natural Finish', 'Cream Formula', 'Long-wearing', 'Medium Coverage', 'Best for Dry, Combo, Normal Skin']"
P415958,No Highlights
P454035,"['Light Coverage', 'Radiant Finish', 'Liquid Formula', 'Long-wearing', 'Best for Dry, Combo, Normal Skin']"
P434023,"['Liquid Formula', 'Long-wearing', 'Matte Finish', 'Full Coverage', 'Best for Oily, Combo, Normal Skin']"
P462883,"['Satin Finish', 'Hydrating', 'Long-wearing']"
P421291,No Highlights
P219411,No Highlights
P437364,No Highlights
P460730,"['Long-wearing', 'Waterproof']"
P417171,No Highlights
P379925,No Highlights
P460729,"['Cream Formula', 'Long-wearing', 'Matte Finish', 'Full Coverage', 'Waterproof', 'Best for Oily, Combo, Normal Skin']"
P417172,"['Loose Powder Formula', 'Good for: Pores', 'Matte Finish']"
P500323,"['Natural Finish', 'Liquid Formula', 'Long-wearing', 'Waterproof', 'Medium Coverage', 'Best for Oily, Combo, Normal Skin']"
P504432,"['Pressed Powder Formula', 'Matte Finish', 'Long-wearing', 'Full Coverage', 'Waterproof', 'Best for Oily, Combo, Normal Skin']"
P382443,No Highlights
P171101,No Highlights
P460731,"['Long-wearing', 'Waterproof']"
P404776,No Highlights
P169812,No Highlights
P476574,"['Loose Powder Formula', 'Matte Finish', 'Waterproof', 'Best for Oily, Combo, Normal Skin']"
P428677,No Highlights
P440956,No Highlights
P425604,No Highlights
P468185,"['Good for: Dullness/Uneven Texture', 'Long-wearing']"
P500992,"['Liquid Formula', 'Matte Finish', 'Long-wearing', 'Waterproof', 'Full Coverage']"
P483474,"['Liquid Formula', 'Long-wearing', 'Waterproof']"
P382379,No Highlights
P422221,"['Loose Powder Formula', 'Good for: Pores', 'Matte Finish']"
P382378,No Highlights
P468191,No Highlights
P382399,No Highlights
P387211,No Highlights
P468186,"['Vegan', 'Good for: Dullness/Uneven Texture', 'Long-wearing']"
P417174,No Highlights
P446310,"['Hydrating', 'Long-wearing', 'Alcohol Free']"
P468182,"['Good for: Pores', 'Long-wearing', 'Best for Oily, Combo, Normal Skin']"
P476549,"['Hyaluronic Acid', 'High Shine Finish', 'Hydrating']"
P468193,No Highlights
P422218,No Highlights
P382404,No Highlights
P382377,No Highlights
P428676,No Highlights
P382383,No Highlights
P454975,No Highlights
P382431,No Highlights
P454728,No Highlights
P382409,No Highlights
P468192,No Highlights
P382438,No Highlights
P468184,"['Hydrating', 'Good for: Dryness', 'Best for Dry, Combo, Normal Skin']"
P502974,"['Satin Finish', 'Hydrating', 'Long-wearing']"
P386652,No Highlights
P454727,No Highlights
P468183,"['Best for Oily Skin', 'Long-wearing', 'Best for Oily, Combo, Normal Skin']"
P481719,No Highlights
P483473,"['Liquid Formula', 'Satin Finish', 'Long-wearing', 'Waterproof']"
P472989,"['Waterproof', 'Fragrance Free']"
P501505,"['Volumizing', 'Long-wearing', 'Lengthening', 'Curling']"
P472988,"['Waterproof', 'Fragrance Free']"
P504180,"['Good for: Redness', 'Long-wearing']"
P472990,"['Waterproof', 'Fragrance Free']"
P504862,"['Best for Oily, Combo, Normal Skin', 'Best for Dry, Combo, Normal Skin']"
P504860,"['Radiant Finish', 'Hyaluronic Acid', 'Hydrating', 'Long-wearing', 'Best for Dry, Combo, Normal Skin', 'Alcohol Free']"
P481114,"['Vegan', 'Stick Formula', 'High Shine Finish', 'Plumping', 'Hydrating', 'Cruelty-Free']"
P472327,"['Vegan', 'Stick Formula', 'Cream Formula', 'Matte Finish']"
P503679,"['Natural Finish', 'Liquid Formula', 'Hydrating', 'Long-wearing', 'Medium Coverage']"
P98364786,"['Matte Finish', 'Gluten Free']"
P477838,"['Matte Finish', 'Long-wearing', 'Hydrating']"
P472324,"['Cream Formula', 'Radiant Finish', 'Stick Formula', 'Vegan']"
P500452,"['Light Coverage', 'Vegan', 'Radiant Finish', 'Cream Formula', 'Fragrance Free', 'Cruelty-Free']"
P477837,"['Vegan', 'Matte Finish', 'Long-wearing', 'Stick Formula']"
P501527,"['Natural Finish', 'Pressed Powder Formula', 'Metallic Finish', 'Shimmer Finish', 'Matte Finish', 'Full Coverage']"
P472325,"['Pressed Powder Formula', 'Matte Finish', 'Shimmer Finish', 'Vegan']"
P472326,"['Pressed Powder Formula', 'Matte Finish', 'Vegan']"
P39853698,"['Cream Formula', 'Matte Finish', 'Long-wearing', 'Vegan', 'Gluten Free']"
P33257988,No Highlights
P500403,"['Light Coverage', 'Vegan', 'Radiant Finish', 'Fragrance Free', 'Cruelty-Free']"
P481720,"['Liquid Formula', 'Full Coverage', 'Matte Finish', 'Long-wearing', 'Vegan', 'Cruelty-Free']"
P472328,"['Pressed Powder Formula', 'Shimmer Finish', 'Vegan']"
P503698,"['Vegan', 'Loose Powder Formula', 'Pressed Powder Formula', 'Cream Formula', 'Liquid Formula', 'Cruelty-Free']"
P04456664,"['Light Coverage', 'Matte Finish', 'Pressed Powder Formula', 'Cream Formula']"
P13211222,"['Radiant Finish', 'Vegan', 'Gluten Free']"
P64197382,No Highlights
P472322,No Highlights
P02318798,No Highlights
P472323,No Highlights
P472321,No Highlights
P465781,No Highlights
P475575,"['Waterproof', 'Long-wearing', 'Vegan']"
P46587789,No Highlights
P01018539,"['Matte Finish', 'Waterproof', 'Long-wearing', 'Vegan', 'Gluten Free']"
P475576,"['Natural Finish', 'Vegan']"
P07778978,No Highlights
P477805,"['Good for: Dryness', 'Good for: Dullness/Uneven Texture', 'Hydrating', 'Vegan']"
P64581325,No Highlights
P74789566,No Highlights
P97512348,No Highlights
P87788965,No Highlights
P503992,"['Good for: Dullness/Uneven Texture', 'Clean + Planet Positive', 'Hydrating', 'AHA/Glycolic Acid', 'Good for: Dryness', 'Best for Dry, Combo, Normal Skin']"
P503991,"['Vegan', 'Plumping', 'Clean + Planet Positive', 'Hydrating', 'Good for: Anti-Aging', 'Best for Dry, Combo, Normal Skin']"
P504026,"['Vegan', 'Good for: Dullness/Uneven Texture', 'Clean + Planet Positive', 'Good for: Anti-Aging', 'Retinol', 'Good for: Acne/Blemishes']"
P504016,"['Vegan', 'Good for: Dullness/Uneven Texture', 'Clean + Planet Positive', 'Good for: Anti-Aging', 'Retinol', 'Good for: Acne/Blemishes']"
P504031,"['Vegan', 'Good for: Dullness/Uneven Texture', 'Clean + Planet Positive', 'Good for: Anti-Aging', 'Retinol', 'Good for: Acne/Blemishes']"
P504059,"['Vegan', 'Good for: Dullness/Uneven Texture', 'Vitamin C', 'Hydrating', 'Good for: Anti-Aging', 'Good for: Dark spots']"
P504199,"['Vegan', 'Good for: Dullness/Uneven Texture', 'Lactic Acid', 'Good for: Pores', 'Hydrating', 'Good for: Acne/Blemishes']"
P504134,"['Vegan', 'Volumizing', 'Plumping', 'Vitamin C', 'Hydrating', 'Good for: Dryness']"
P504023,"['Vegan', 'Best for Dry Skin', 'Vitamin C', 'Hydrating', 'Good for: Anti-Aging', 'Reef Safe SPF']"
P504040,"['Good for: Pores', 'Plumping', 'Hydrating', 'Fragrance Free', 'Good for: Acne/Blemishes', 'Best for Oily, Combo, Normal Skin']"
P191858,"['Floral Scent', 'Layerable Scent']"
P442304,"['Layerable Scent', 'Floral Scent']"
P281424,"['Floral Scent', 'Layerable Scent']"
P460871,"['Floral Scent', 'Layerable Scent']"
P431151,"['Layerable Scent', 'Floral Scent']"
P442513,"['Floral Scent', 'Layerable Scent']"
P387562,"['Floral Scent', 'Layerable Scent']"
P377464,"['Layerable Scent', 'Floral Scent']"
P460872,"['Layerable Scent', 'Floral Scent']"
P431153,"['Floral Scent', 'Layerable Scent']"
P387564,"['Floral Scent', 'Layerable Scent']"
P501021,"['Woody & Earthy Scent', 'Floral Scent']"
P474346,"['Floral Scent', 'Layerable Scent']"
P471261,"['Floral Scent', 'Layerable Scent']"
P501267,"['Layerable Scent', 'Floral Scent']"
P377465,"['Floral Scent', 'Layerable Scent']"
P474347,"['Floral Scent', 'Layerable Scent']"
P503831,"['Layerable Scent', 'Floral Scent']"
P504454,"['Layerable Scent', 'Floral Scent']"
P503592,"['Layerable Scent', 'Floral Scent']"
P501034,No Highlights
P504279,"['Layerable Scent', 'Floral Scent']"
P453666,No Highlights
P504682,"['Layerable Scent', 'Floral Scent']"
P459165,"['Layerable Scent', 'Floral Scent']"
P504168,"['Layerable Scent', 'Floral Scent']"
P505217,"['Layerable Scent', 'Floral Scent']"
P504857,"['Layerable Scent', 'Floral Scent']"
P440498,"['Oil Free', 'Without Sulfates SLS & SLES', 'Without Phthalates', 'Cruelty-Free', 'Vegan']"
P440482,"['Vegan', 'Oil Free', 'Without Sulfates SLS & SLES']"
P440503,No Highlights
P440483,"['Vegan', 'Without Sulfates SLS & SLES', 'Without Phthalates', 'Without Parabens']"
P444967,"['Vegan', 'Oil Free', 'Without Sulfates SLS & SLES']"
P440484,"['Vegan', 'Without Sulfates SLS & SLES', 'Without Phthalates', 'Without Parabens']"
P440490,No Highlights
P440502,"['Without Sulfates SLS & SLES', 'Without Phthalates', 'Cruelty-Free', 'Vegan']"
P440486,No Highlights
P440485,"['Without Sulfates SLS & SLES', 'Without Phthalates', 'Cruelty-Free', 'Vegan']"
P444968,"['Vegan', 'Without Sulfates SLS & SLES', 'Without Phthalates', 'Without Parabens']"
P440489,No Highlights
P440501,No Highlights
P440494,"['Oil Free', 'Vitamin C', 'Without Phthalates', 'Without Parabens', 'Without Sulfates SLS & SLES', 'Cruelty-Free']"
P444969,"['Vegan', 'Without Sulfates SLS & SLES', 'Without Phthalates', 'Without Parabens']"
P440496,No Highlights
P468690,No Highlights
P440491,No Highlights
P440492,No Highlights
P444615,"['Without Parabens', 'Without Sulfates SLS & SLES', 'Cruelty-Free', 'Vegan']"
P440499,No Highlights
P455909,"['Vegan', 'Oil Free', 'Without Parabens', 'Without Sulfates SLS & SLES', 'Without Phthalates']"
P440493,No Highlights
P440500,No Highlights
P460756,"['Oil Free', 'Without Phthalates', 'Without Parabens', 'Without Sulfates SLS & SLES', 'Cruelty-Free', 'Vegan']"
P474964,No Highlights
P479973,No Highlights
P462378,No Highlights
P462381,No Highlights
P479974,"['Vegan', 'Cruelty-Free', 'Without Parabens']"
P462379,No Highlights
P462375,"['Vegan', 'Without Phthalates', 'Oil Free', 'Without Parabens', 'Without Sulfates SLS & SLES', 'Cruelty-Free']"
P462384,No Highlights
P468196,No Highlights
P462383,No Highlights
P460757,No Highlights
P462386,No Highlights
P471784,No Highlights
P502709,"['Recyclable Packaging', 'Hydrating', 'Good for: Dryness', 'Without Parabens', 'Without Silicones', 'Cruelty-Free']"
P500256,"['Without Oxybenzone', 'Cream Formula', 'Hyaluronic Acid', 'Hydrating', 'Fragrance Free', 'Reef Safe SPF']"
P481123,"['Vegan', 'Hydrating', 'Clean at Sephora', 'Without Parabens', 'Cruelty-Free']"
P481118,"['Vegan', 'Clean at Sephora', 'Without Parabens', 'Best for Dry, Combo, Normal Skin', 'Cruelty-Free']"
P481117,"['Vegan', 'Clean at Sephora', 'Hydrating', 'Fragrance Free', 'Without Parabens', 'Cruelty-Free']"
P481115,"['Without Phthalates', 'Hypoallergenic']"
P481122,"['Vegan', 'Clean at Sephora', 'Fresh Scent', 'Without Parabens', 'Cruelty-Free']"
P481119,"['Vegan', 'Clean at Sephora', 'Without Phthalates', 'Without Parabens', 'Hypoallergenic', 'Cruelty-Free']"
P481120,"['Vegan', 'Clean at Sephora', 'Fragrance Free', 'Hypoallergenic', 'Without Parabens', 'Cruelty-Free']"
P481126,"['Vegan', 'Fresh Scent', 'Clean at Sephora', 'Without Parabens', 'Cruelty-Free']"
P502859,"['Without Phthalates', 'Hypoallergenic']"
P481121,"['Vegan', 'Hydrating', 'Clean at Sephora', 'Fragrance Free', 'Without Parabens', 'Cruelty-Free']"
P481116,"['Without Phthalates', 'Hypoallergenic']"
P503335,"['Woody & Earthy Scent', 'Clean at Sephora', 'Good for: Dryness', 'Without Parabens', 'Cruelty-Free']"
P477464,"['Good for: Damage', 'All Hair Types', 'Good for: Dryness', 'Without Silicones', 'Without Sulfates SLS & SLES', 'Increases Shine']"
P477463,"['Good for: Damage', 'All Hair Types', 'Good for: Frizz', 'Without Silicones', 'Good for: Flaky/Dry Scalp', 'Increases Shine']"
P477384,"['All Hair Types', 'Good for: Dryness', 'Without Silicones', 'Without Sulfates SLS & SLES', 'Good for: Flaky/Dry Scalp', 'Increases Shine']"
P477493,"['Good for: Damage', 'Unisex/ Genderless Scent', 'Light Hold', 'Curl-Enhancing', 'Good for: Dryness', 'Good for: Frizz']"
P500477,"['Good for: Damage', 'Unisex/ Genderless Scent', 'Coily Hair', 'Good for: Frizz', 'Curly Hair', 'Good for: Dryness']"
P444444,"['Vegan', 'Pressed Powder Formula', 'Metallic Finish', 'Matte Finish', 'Without Parabens']"
P468389,"['Vegan', 'Radiant Finish', 'Natural Finish', 'Cream Formula', 'Without Parabens']"
P444548,"['Vegan', 'Liquid Formula', 'Matte Finish', 'Long-wearing', 'Full Coverage', 'Without Parabens']"
P452685,"['Vegan', 'Matte Finish', 'Long-wearing', 'Waterproof', 'Without Parabens']"
P444545,"['Light Coverage', 'Vegan', 'Radiant Finish', 'Good for: Dullness/Uneven Texture', 'Long-wearing', 'Without Parabens']"
P472478,"['Vegan', 'Stick Formula', 'Matte Finish', 'Long-wearing', 'Full Coverage', 'Without Parabens']"
P462718,"['Vegan', 'Radiant Finish', 'Good for: Dullness/Uneven Texture', 'Customizable', 'Long-wearing', 'Without Parabens']"
P481127,"['Vegan', 'Stick Formula', 'Matte Finish', 'Long-wearing', 'Without Parabens', 'Cruelty-Free']"
P457824,"['Vegan', 'Pressed Powder Formula', 'Shimmer Finish', 'Matte Finish', 'Without Parabens']"
P444446,"['Vegan', 'Pressed Powder Formula', 'Metallic Finish', 'Matte Finish', 'Without Parabens']"
P444547,"['Vegan', 'Pressed Powder Formula', 'Shimmer Finish', 'Customizable', 'Medium Coverage', 'Without Parabens']"
P459150,"['Pressed Powder Formula', 'Metallic Finish', 'Shimmer Finish', 'Matte Finish', 'Without Parabens']"
P501445,No Highlights
P456964,"['Vegan', 'Pressed Powder Formula', 'Metallic Finish', 'Matte Finish', 'Without Parabens']"
P471559,"['Metallic Finish', 'Matte Finish', 'Shimmer Finish', 'Pressed Powder Formula', 'Vegan']"
P455560,No Highlights
P444546,"['Vegan', 'Pressed Powder Formula', 'Matte Finish', 'Medium Coverage', 'Without Parabens']"
P455561,No Highlights
P483477,"['Pressed Powder Formula', 'Metallic Finish', 'Matte Finish', 'Without Parabens', 'Cruelty-Free']"
P476886,"['Vegan', 'Pressed Powder Formula', 'Without Parabens', 'Gluten Free', 'Cruelty-Free']"
P483478,"['Pressed Powder Formula', 'Metallic Finish', 'Matte Finish', 'Without Parabens', 'Cruelty-Free']"
P474348,"['Vegan', 'Radiant Finish', 'Liquid Formula', 'Hydrating', 'Cruelty-Free']"
P477201,"['Vegan', 'Matte Finish', 'Long-wearing', 'Without Parabens', 'Cruelty-Free']"
P473121,"['Vegan', 'Pressed Powder Formula', 'Metallic Finish', 'Matte Finish']"
P462885,"['Vegan', 'Cream Formula', 'Customizable', 'Matte Finish', 'Medium Coverage', 'Without Parabens']"
P478296,"['Vegan', 'Volumizing', 'Long-wearing', 'Lengthening', 'Gluten Free', 'Cruelty-Free']"
P502025,No Highlights
P504916,No Highlights
P504920,No Highlights
P504891,No Highlights
P468691,"['Hydrating', 'Vegan', 'Cruelty-Free', 'Fragrance Free', 'High Shine Finish', 'Clean at Sephora']"
P468693,"['Vegan', 'allure 2022 Clean Beauty Winner', 'Community Favorite', 'Clean at Sephora', 'Fragrance Free', 'Cruelty-Free']"
P468694,"['Vegan', 'Natural Finish', 'Clean at Sephora', 'Fragrance Free', 'Gluten Free', 'Cruelty-Free']"
P481403,"['Hydrating', 'Vegan', 'Cruelty-Free', 'Clean at Sephora']"
P501766,"['Vegan', 'Natural Finish', 'Hydrating', 'Clean at Sephora', 'Cruelty-Free']"
P468696,"['Vegan', 'Radiant Finish', 'Hydrating', 'Clean at Sephora', 'Fragrance Free', 'Cruelty-Free']"
P468697,"['Vegan', 'Clean at Sephora', 'allure 2021 Best of Beauty Award Winner', 'Cruelty-Free']"
P502966,"['Good for: Dullness/Uneven Texture', 'Hyaluronic Acid', 'Hydrating', 'Clean at Sephora', 'Best for Dry, Combo, Normal Skin', 'Niacinamide']"
P468692,"['Vegan', 'Clean at Sephora', 'Long-wearing', 'Lengthening', 'allure 2021: Clean Beauty Winner', 'Cruelty-Free']"
P468695,"['Cruelty-Free', 'Volumizing', 'Vegan', 'Long-wearing', 'Fragrance Free', 'Clean at Sephora']"
P441813,"['Vegan', 'Radiant Finish', 'allure 2019 Best of Beauty Award Winner', 'Community Favorite', 'Hydrating', 'Clean at Sephora']"
P441814,"['Vegan', 'Radiant Finish', 'allure 2020 Best of Beauty Award Winner', 'Community Favorite', 'Hydrating', 'Clean at Sephora']"
P437097,"['Vegan', 'Natural Finish', 'Cream Formula', 'Clean at Sephora', 'Without Parabens', 'Cruelty-Free']"
P404797,"['Vegan', 'Cream Formula', 'Clean at Sephora', 'Matte Finish', 'Without Parabens', 'Cruelty-Free']"
P429903,"['Vegan', 'Volumizing', 'Community Favorite', 'Clean at Sephora', 'Without Parabens', 'Cruelty-Free']"
P463071,"['Vegan', 'Radiant Finish', 'Hydrating', 'Clean at Sephora', 'Alcohol Free']"
P463072,"['Vegan', 'Radiant Finish', 'Hydrating', 'Clean at Sephora', 'Alcohol Free']"
P410176,"['Light Coverage', 'Refill Available', 'Natural Finish', 'Clean at Sephora', 'Without Silicones', 'SPF']"
P411508,"['Vegan', 'Clean at Sephora']"
P453253,"['Vegan', 'Hydrating', 'Clean at Sephora', 'Fragrance Free']"
P433125,No Highlights
P404795,"['Vegan', 'Hydrating', 'Clean at Sephora', 'Gluten Free']"
P404798,"['Vegan', 'Radiant Finish', 'Cream Formula', 'Hydrating', 'Clean at Sephora', 'Cruelty-Free']"
P500448,"['Natural Finish', 'Liquid Formula', 'Hydrating', 'Clean at Sephora', 'Medium Coverage', 'Without Silicones']"
P432232,"['Vegan', 'Volumizing', 'Clean at Sephora', 'Fragrance Free', 'Without Parabens', 'Without Silicones', 'Cruelty-Free']"
P425737,"['Vegan', 'Clean at Sephora']"
P448151,No Highlights
P483675,"['Vegan', 'Good for: Pores', 'Clean at Sephora', 'Long-wearing', 'Best for Oily, Combo, Normal Skin', 'Cruelty-Free']"
P404793,"['Vegan', 'Vitamin C', 'Clean at Sephora', 'Hydrating', 'allure 2021 Best of Beauty Award Winner', 'Good for: Dryness']"
P446824,"['Vegan', 'Clean at Sephora', 'Fragrance Free', 'Without Parabens', 'Without Silicones']"
P476713,No Highlights
P503903,"['Vegan', 'Cream Formula', 'Clean at Sephora', 'Matte Finish', 'Without Parabens', 'Cruelty-Free']"
P456126,"['Clean at Sephora', 'Good for: Dryness', 'Vegan']"
P475966,"['Hyaluronic Acid', 'Gluten Free', 'Vegan', 'Clean at Sephora', 'Vitamin C', 'Light Coverage']"
P483674,"['Vegan', 'Good for: Pores', 'Clean at Sephora', 'Long-wearing', 'Best for Oily, Combo, Normal Skin', 'Cruelty-Free']"
P428235,No Highlights
P476712,"['Vegan', 'Natural Finish', 'Hyaluronic Acid', 'Liquid Formula', 'Clean at Sephora', 'Cruelty-Free']"
P468863,"['Vegan', 'High Shine Finish', 'Plumping', 'Clean at Sephora']"
P481128,"['Vegan', 'Natural Finish', 'Hyaluronic Acid', 'Liquid Formula', 'Clean at Sephora', 'Cruelty-Free']"
P433124,"['Vegan', 'Clean at Sephora']"
P468864,"['Vegan', 'Shimmer Finish', 'Clean at Sephora']"
P443308,"['Vegan', 'Clean at Sephora']"
P501572,"['Vegan', 'Clean at Sephora', 'Long-wearing', 'Waterproof', 'Without Parabens', 'Cruelty-Free']"
P444400,"['Vegan', 'Volumizing', 'Clean at Sephora', 'Waterproof', 'Without Parabens']"
P430903,"['Vegan', 'Good for: Dullness/Uneven Texture', 'Clean at Sephora', 'Good for: Dryness']"
P404794,"['Vegan', 'Clean at Sephora', 'Hydrating']"
P481384,"['Vegan', 'Clean at Sephora', 'Lengthening', 'Curling', 'Cruelty-Free']"
P447742,"['Vegan', 'Clean at Sephora']"
P443307,"['Vegan', 'Volumizing', 'Clean at Sephora', 'Waterproof', 'Without Parabens']"
P437098,No Highlights
P479643,"['Vegan', 'Clean at Sephora', 'Lengthening', 'Curling', 'Cruelty-Free']"
P481129,"['Vegan', 'Radiant Finish', 'Hyaluronic Acid', 'Liquid Formula', 'Clean at Sephora', 'Cruelty-Free']"
P500102,"['Vegan', 'Hyaluronic Acid', 'Clean at Sephora', 'Hydrating', 'Good for: Dryness', 'Cruelty-Free']"
P500101,"['Vegan', 'Hyaluronic Acid', 'Clean at Sephora', 'Fragrance Free', 'Oil Free', 'Cruelty-Free']"
P461472,"['Vegan', 'Clean at Sephora']"
P500131,"['Vegan', 'Clean at Sephora', 'Cruelty-Free']"
P471786,"['Light Coverage', 'Vegan', 'Natural Finish', 'Clean at Sephora', 'Without Silicones', 'SPF']"
P504886,"['Vegan', 'Good for: Pores', 'Clean at Sephora', 'Matte Finish', 'Alcohol Free', 'Cruelty-Free']"
P455850,"['Good for: Dryness', 'Good for: Frizz', 'Increases Shine', 'Without Sulfates SLS & SLES', 'Without Mineral Oil', 'All Hair Types']"
P468843,"['All Hair Types', 'Good for: Dryness', 'Without Parabens', 'Without Silicones', 'Good for: Flaky/Dry Scalp', 'Good for: Oily Scalp']"
P455842,"['Good for: Dryness', 'Good for: Frizz', 'Increases Shine', 'Without Sulfates SLS & SLES', 'Without Silicones', 'All Hair Types']"
P468841,"['allure 2021 Best of Beauty Award Winner', 'Curl-Enhancing', 'Good for: Frizz', 'Coily Hair', 'Good for: Dryness', 'Curly Hair']"
P455843,"['Without Mineral Oil', 'All Hair Types', 'Good for: Dryness', 'Without Silicones', 'Without Sulfates SLS & SLES', 'Good for: Flaky/Dry Scalp']"
P455846,"['Without Mineral Oil', 'All Hair Types', 'Good for: Dryness', 'Good for: Flaky/Dry Scalp']"
P455839,"['Curl-Enhancing', 'Good for: Frizz', 'Coily Hair', 'Good for: Dryness', 'Curly Hair', 'Wavy Hair']"
P467960,"['Without Mineral Oil', 'Curl-Enhancing', 'All Hair Types', 'Good for: Dryness', 'Without Sulfates SLS & SLES']"
P455835,"['Good for: Dryness', 'Good for: Frizz', 'Increases Shine', 'Without Sulfates SLS & SLES', 'Without Silicones', 'All Hair Types']"
P455838,"['Good for: Frizz', 'Without Sulfates SLS & SLES', 'Without Silicones', 'Without Mineral Oil', 'All Hair Types']"
P468842,"['Heat Protection', 'Increases Shine', 'Curl-Enhancing', 'Wavy Hair', 'Curly Hair', 'Coily Hair']"
P455841,"['Without Mineral Oil', 'All Hair Types', 'Good for: Dryness', 'Without Sulfates SLS & SLES', 'Good for: Flaky/Dry Scalp']"
P474352,"['Good for: Dryness', 'Good for: Frizz', 'UV Protection', 'All Hair Types', 'Heat Protection']"
P455844,"['Good for: Frizz', 'Good for: Dryness', 'Curl-Enhancing', 'Wavy Hair', 'Curly Hair', 'Coily Hair']"
P468844,"['All Hair Types', 'Good for: Frizz', 'Good for: Dryness', 'Without Silicones', 'Without Sulfates SLS & SLES', 'Increases Shine']"
P455849,"['Good for: Frizz', 'Good for: Dryness', 'Curl-Enhancing', 'Wavy Hair', 'Curly Hair', 'Coily Hair']"
P467961,"['Curl-Enhancing', 'All Hair Types', 'Good for: Dryness', 'Without Silicones', 'Good for: Oily Scalp']"
P467958,"['Without Mineral Oil', 'Curl-Enhancing', 'All Hair Types', 'Good for: Dryness']"
P455840,"['Curl-Enhancing', 'Good for: Frizz', 'Coily Hair', 'Good for: Dryness', 'Curly Hair', 'Wavy Hair']"
P474351,"['Good for: Dryness', 'Good for: Frizz', 'Heat Protection', 'UV Protection', 'All Hair Types']"
P474349,"['Good for: Frizz', 'Good for: Dryness', 'Without Sulfates SLS & SLES', 'UV Protection', 'All Hair Types']"
P474350,"['Good for: Frizz', 'Good for: Dryness', 'Without Sulfates SLS & SLES', 'UV Protection', 'All Hair Types']"
P504204,"['Long-wearing', 'Curl-Enhancing', 'Good for: Frizz', 'Curly Hair', 'Good for: Dryness']"
P503818,"['All Hair Types', 'Long-wearing', 'Good for: Frizz', 'Strong Hold']"
P504209,No Highlights
P503826,"['All Hair Types', 'Long-wearing', 'Good for: Frizz', 'Strong Hold']"
P503822,"['Long-wearing', 'Coily Hair', 'Curly Hair']"
P503811,"['Light Hold', 'Curl-Enhancing', 'Good for: Frizz', 'Good for: Dryness']"
P504217,"['All Hair Types', 'Long-wearing', 'Good for: Frizz']"
P504224,"['Medium Hold', 'Curl-Enhancing', 'Long-wearing', 'Good for: Frizz']"
P468845,"['Without Mineral Oil', 'All Hair Types', 'Good for: Frizz', 'Good for: Dryness', 'Without Sulfates SLS & SLES', 'Increases Shine']"
P375713,No Highlights
P450810,No Highlights
P401768,No Highlights
P405416,No Highlights
P464268,No Highlights
P390708,No Highlights
P428446,No Highlights
P481130,No Highlights
P432049,"['Vegan', 'Clean at Sephora', 'Without Parabens', 'Without Silicones', 'Gluten Free', 'Cruelty-Free']"
P454799,No Highlights
P435800,"['Vegan', 'Good for: Pores', 'Clean at Sephora', 'AHA/Glycolic Acid', 'Gluten Free', 'Cruelty-Free']"
P444047,"['Vegan', 'Vitamin C', 'Clean at Sephora', 'Good for: Hair Thinning', 'Gluten Free', 'Cruelty-Free']"
P432831,"['Hyaluronic Acid', 'Clean at Sephora', 'Good for: Anti-Aging']"
P423157,"['Vegan', 'Clean at Sephora', 'Gluten Free', 'Cruelty-Free']"
P454090,"['Hyaluronic Acid', 'Clean at Sephora', 'Good for: Dryness']"
P457002,"['Good for: Loss of firmness', 'Vitamin C']"
P477202,"['Vegan', 'Clean at Sephora', 'Gluten Free']"
P452009,"['Vegan', 'Clean at Sephora', 'Without Parabens', 'Gluten Free', 'Cruelty-Free']"
P423159,No Highlights
P454315,"['Best for Dry Skin', 'Clean at Sephora']"
P454798,['Refill Available']
P503944,"['Good for: Pores', 'Clean at Sephora', 'AHA/Glycolic Acid']"
P469193,No Highlights
P468390,No Highlights
P470538,No Highlights
P412090,"['Layerable Scent', 'All Hair Types', 'Good for: Frizz', 'Good for: Dryness', 'Increases Shine']"
P426011,"['Increases Shine', 'Good for: Frizz', 'Good for: Dryness', 'All Hair Types', 'Layerable Scent']"
P412097,No Highlights
P412096,No Highlights
P412095,No Highlights
P462387,No Highlights
P412087,No Highlights
P412091,No Highlights
P412086,No Highlights
P425242,No Highlights
P412085,No Highlights
P427311,No Highlights
P412098,No Highlights
P425008,"['Good for: Damage', 'All Hair Types']"
P447378,No Highlights
P447377,No Highlights
P412084,No Highlights
P463074,No Highlights
P412093,No Highlights
P412099,No Highlights
P412115,No Highlights
P427317,"['All Hair Types', 'Salicylic Acid', 'Good for: Flaky/Dry Scalp']"
P432032,No Highlights
P412092,No Highlights
P435939,No Highlights
P458508,No Highlights
P426012,No Highlights
P474353,"['Layerable Scent', 'Floral Scent', 'Hydrating', 'All Hair Types', 'Without Parabens', 'Without Sulfates SLS & SLES']"
P426013,No Highlights
P481721,"['Good for: Dryness', 'Good for: Dullness/Uneven Texture', 'Best for Oily, Combo, Normal Skin', 'Without Parabens', 'Without Mineral Oil', 'Without Silicones']"
P412107,No Highlights
P425007,No Highlights
P474354,"['Layerable Scent', 'Floral Scent', 'Hydrating', 'All Hair Types', 'Without Parabens', 'Without Sulfates SLS & SLES']"
P427316,No Highlights
P427319,No Highlights
P432283,No Highlights
P452428,No Highlights
P427320,No Highlights
P427313,No Highlights
P427307,No Highlights
P477823,"['Warm &Spicy Scent', 'Hydrating']"
P426014,No Highlights
P425012,No Highlights
P427331,No Highlights
P427332,No Highlights
P427336,No Highlights
P412089,No Highlights
P427321,No Highlights
P426711,No Highlights
P412108,No Highlights
P458509,No Highlights
P426712,No Highlights
P412114,No Highlights
P412088,No Highlights
P427338,No Highlights
P438602,No Highlights
P429254,No Highlights
P427318,"['All Hair Types', 'Good for: Oily Scalp']"
P477717,"['Warm &Spicy Scent', 'Hyaluronic Acid', 'Hydrating']"
P427324,No Highlights
P463075,No Highlights
P427314,No Highlights
P502746,"['Recyclable Packaging', 'Hyaluronic Acid', 'Without Mineral Oil', 'Good for: Dryness', 'Without Parabens', 'Best for Dry, Combo, Normal Skin']"
P477718,"['Warm &Spicy Scent', 'Hydrating']"
P481722,"['Good for: Dryness', 'Hyaluronic Acid', 'Without Sulfates SLS & SLES', 'Without Parabens', 'Without Mineral Oil', 'Radiant Finish']"
P427328,No Highlights
P504321,"['Hydrating', 'All Hair Types', 'Good for: Frizz', 'Without Sulfates SLS & SLES', 'Increases Shine']"
P427312,No Highlights
P427323,No Highlights
P477204,"['Good for: Damage', 'Good for: Color Care', 'All Hair Types', 'Reduces Brassiness', 'Increases Shine']"
P463073,No Highlights
P427310,No Highlights
P455868,No Highlights
P427322,No Highlights
P467967,No Highlights
P504305,"['Good for: Damage', 'Hydrating', 'All Hair Types', 'Without Sulfates SLS & SLES']"
P455866,No Highlights
P481723,"['Floral Scent', 'Good for: Volume', 'Increases Shine']"
P502662,"['Good for: Dullness/Uneven Texture', 'Without Parabens', 'Without Silicones', 'Cruelty-Free']"
P460738,No Highlights
P455869,No Highlights
P467966,No Highlights
P460737,No Highlights
P504816,"['Warm &Spicy Scent', 'Hydrating', 'Increases Shine']"
P504835,"['Sustainable Packaging', 'Good for: Color Care', 'Prevents Color Fading', 'Without Sulfates SLS & SLES', 'Increases Shine', 'Cruelty-Free']"
P504792,"['Sustainable Packaging', 'Good for: Color Care', 'Prevents Color Fading', 'Without Sulfates SLS & SLES', 'Increases Shine', 'Cruelty-Free']"
P504824,"['Sustainable Packaging', 'Good for: Color Care', 'Prevents Color Fading', 'Without Sulfates SLS & SLES', 'Increases Shine', 'Cruelty-Free']"
P504797,"['Sustainable Packaging', 'Good for: Color Care', 'Prevents Color Fading', 'Without Sulfates SLS & SLES', 'Increases Shine', 'Cruelty-Free']"
P432823,"['Good for: Dullness/Uneven Texture', 'Good for: Loss of firmness', 'Good for: Anti-Aging']"
P432824,"['Good for: Loss of firmness', 'Good for: Anti-Aging', 'Good for: Dullness/Uneven Texture', 'Good for: Redness']"
P501518,"['Vegan', 'Good for: Redness', 'Good for: Loss of firmness', 'Plumping', 'Clean at Sephora', 'Without Mineral Oil']"
P434340,"['Good for: Loss of firmness', 'Good for: Anti-Aging', 'Good for: Dullness/Uneven Texture', 'Good for: Redness']"
P440309,"['Good for: Redness', 'Good for: Dullness/Uneven Texture', 'Good for: Loss of firmness', 'Good for: Anti-Aging']"
P444470,"['Good for: Dark Circles', 'Good for: Anti-Aging', 'Good for: Loss of firmness']"
P446639,"['Good for: Loss of firmness', 'Good for: Anti-Aging', 'Good for: Dullness/Uneven Texture']"
P467635,No Highlights
P447604,"['Good for: Loss of firmness', 'Good for: Dark Circles', 'Good for: Anti-Aging']"
P196516,"['Refill Available', 'Floral Scent']"
P475134,"['Floral Scent', 'Refill Available']"
P475133,"['Floral Scent', 'Refill Available']"
P9864,"['Refill Available', 'Warm &Spicy Scent']"
P433658,"['Floral Scent', 'Refill Available']"
P500768,"['Floral Scent', 'Long-wearing']"
P433659,"['Warm &Spicy Scent', 'Refill Available']"
P502069,No Highlights
P468699,No Highlights
P468698,No Highlights
P481135,['Floral Scent']
P4016,"['Best for Oily, Combo, Normal Skin', 'Good for: Acne/Blemishes', 'Salicylic Acid', 'Without Parabens', 'Cruelty-Free']"
P440651,"['Best for Oily, Combo, Normal Skin', 'Good for: Acne/Blemishes', 'Salicylic Acid', 'Without Parabens', 'Cruelty-Free']"
P411365,"['Good for: Dark Circles', 'Good for: Anti-Aging', 'Retinol', 'Without Parabens', 'Gluten Free', 'Cruelty-Free']"
P440650,"['Good for: Dark Circles', 'Good for: Anti-Aging', 'Retinol', 'Without Parabens', 'Gluten Free', 'Cruelty-Free']"
P254720,No Highlights
P4015,No Highlights
P9940,"['Vitamin C', 'Without Phthalates', 'Best for Oily, Combo, Normal Skin', 'Without Parabens', 'SPF', 'Cruelty-Free']"
P4010,"['Good for: Dark Circles', 'Good for: Dullness/Uneven Texture', 'Salicylic Acid', 'Lactic Acid', 'Without Phthalates', 'Cruelty-Free']"
P394397,"['Good for: Dullness/Uneven Texture', 'Best for Dry Skin', 'Without Mineral Oil', 'Without Parabens', 'SPF', 'Cruelty-Free']"
P471788,"['Good for: Dark Circles', 'Good for: Dullness/Uneven Texture', 'Salicylic Acid', 'Lactic Acid', 'Without Phthalates', 'Cruelty-Free']"
P446423,"['Salicylic Acid', 'Good for: Acne/Blemishes', 'Best for Dry Skin', 'Gluten Free', 'Cruelty-Free', 'Without Formaldehydes']"
P466673,"['Best for Oily, Combo, Normal Skin', 'Good for: Dark spots', 'AHA/Glycolic Acid', 'Cruelty-Free']"
P34402,No Highlights
P427638,"['Good for: Dullness/Uneven Texture', 'Good for: Dark Circles', 'Good for: Dryness', 'Without Parabens', 'Gluten Free', 'Cruelty-Free']"
P421432,"['Good for: Acne/Blemishes', 'Best for Oily Skin', 'Salicylic Acid', 'Without Parabens', 'allure 2018 Best of Beauty Award Winner', 'Cruelty-Free']"
P446934,"['Good for: Dark Circles', 'Good for: Acne/Blemishes', 'Without Parabens', 'SPF', 'Gluten Free', 'Cruelty-Free']"
P500857,"['Good for: Acne/Blemishes', 'Salicylic Acid', 'Best for Oily, Combo, Normal Skin', 'Without Parabens', 'Without Sulfates SLS & SLES', 'Cruelty-Free']"
P7365,No Highlights
P479645,"['Hyaluronic Acid', 'Best for Dry Skin', 'Good for: Anti-Aging', 'Without Parabens', 'Gluten Free', 'Cruelty-Free']"
P482540,"['Without Parabens', 'Best for Dry, Combo, Normal Skin', 'SPF', 'Good for: Dark spots', 'Gluten Free', 'Cruelty-Free']"
P268700,"['Hyaluronic Acid', 'Without Phthalates', 'Good for: Dryness', 'Without Parabens', 'Best for Dry, Combo, Normal Skin']"
P47517,No Highlights
P9941,"['Vitamin C', 'Good for: Dark Circles', 'Without Phthalates', 'Without Parabens', 'Gluten Free', 'Cruelty-Free']"
P480461,"['Retinol', 'Good for: Anti-Aging', 'Without Parabens', 'Best for Dry, Combo, Normal Skin', 'Gluten Free', 'Cruelty-Free']"
P453928,"['Good for: Dark Circles', 'Good for: Anti-Aging', 'Retinol', 'Without Parabens', 'Gluten Free', 'Cruelty-Free']"
P470227,"['Best for Oily, Combo, Normal Skin', 'Good for: Dullness/Uneven Texture', 'Vitamin C', 'AHA/Glycolic Acid', 'Without Sulfates SLS & SLES', 'Cruelty-Free']"
P444970,No Highlights
P456571,"['Good for: Dark Circles', 'Good for: Dullness/Uneven Texture', 'AHA/Glycolic Acid', 'Vitamin C', 'Cruelty-Free']"
P417980,"['Good for: Dullness/Uneven Texture', 'Vitamin C', 'Without Parabens', 'SPF', 'Without Sulfates SLS & SLES', 'Cruelty-Free']"
P475135,"['Good for: Dullness/Uneven Texture', 'Vitamin C', 'Good for: Dark Circles', 'AHA/Glycolic Acid', 'Cruelty-Free']"
P474075,"['Retinol', 'Salicylic Acid', 'Best for Oily, Combo, Normal Skin', 'Without Parabens', 'Gluten Free', 'Cruelty-Free']"
P453929,"['Good for: Dark Circles', 'Good for: Anti-Aging', 'Good for: Loss of firmness', 'Retinol', 'Without Parabens', 'Cruelty-Free']"
P4032,No Highlights
P434550,"['Without Phthalates', 'Without Parabens', 'Without Mineral Oil', 'Good for: Anti-Aging', 'Best for Dry, Combo, Normal Skin']"
P456572,"['Good for: Dark Circles', 'Vitamin C', 'Without Parabens', 'Cruelty-Free']"
P9939,No Highlights
P433143,No Highlights
P38217,No Highlights
P107306,No Highlights
P4039,No Highlights
P476526,"['Best for Oily, Combo, Normal Skin', 'Good for: Dark spots', 'AHA/Glycolic Acid', 'Cruelty-Free']"
P377178,No Highlights
P429526,No Highlights
P454514,No Highlights
P467129,No Highlights
P501003,"['Hyaluronic Acid', 'Good for: Acne/Blemishes', 'Best for Oily, Combo, Normal Skin', 'Without Parabens', 'Without Sulfates SLS & SLES', 'Cruelty-Free']"
P479646,"['Good for: Dullness/Uneven Texture', 'Vitamin C', 'Without Parabens', 'SPF', 'Without Sulfates SLS & SLES', 'Cruelty-Free']"
P479696,"['Vitamin C', 'Best for Dry Skin', 'Good for: Dullness/Uneven Texture', 'Without Parabens', 'Cruelty-Free', 'Gluten Free']"
P388615,No Highlights
P394851,No Highlights
P419467,No Highlights
P460419,"['High Shine Finish', 'Long-wearing', 'Vegan', 'Cruelty-Free']"
P388616,No Highlights
P457823,No Highlights
P454979,"['Vegan', 'Retinol', 'High Shine Finish', 'Long-wearing']"
P460629,No Highlights
P482049,"['High Shine Finish', 'Long-wearing', 'Vegan', 'Cruelty-Free']"
P458940,No Highlights
P501802,"['Vegan', 'Fragrance Free', 'Without Formaldehydes', 'Without Parabens', 'Without Sulfates SLS & SLES', 'Cruelty-Free']"
P458939,No Highlights
P471789,"['Vegan', 'Without Parabens', 'Without Formaldehydes', 'Long-wearing', 'High Shine Finish']"
P482047,"['High Shine Finish', 'Long-wearing', 'Vegan', 'Cruelty-Free']"
P500441,"['Vegan', 'High Shine Finish', 'Long-wearing', 'Cruelty-Free']"
P500418,"['Vegan', 'High Shine Finish', 'Long-wearing', 'Cruelty-Free']"
P406503,No Highlights
P421252,No Highlights
P423310,No Highlights
P501815,"['Vegan', 'High Shine Finish', 'Long-wearing', 'Cruelty-Free']"
P461187,No Highlights
P502857,"['Vegan', 'Cruelty-Free']"
P505041,"['Vegan', 'Cruelty-Free']"
P505011,"['Vegan', 'Cruelty-Free']"
P505010,"['Vegan', 'Cruelty-Free']"
P441206,No Highlights
P377873,"['Radiant Finish', 'Hydrating', 'Good for: Dark Circles', 'Long-wearing', 'Medium Coverage', 'Good for: Acne/Blemishes']"
P2855,No Highlights
P422077,"['Radiant Finish', 'Hydrating', 'Good for: Dark Circles', 'Long-wearing', 'Medium Coverage', 'Good for: Dark spots']"
P78834,"['Matte Finish', 'Long-wearing', 'Vegan']"
P416200,"['Vegan', 'Cream Formula', 'Matte Finish', 'Long-wearing', 'Full Coverage', 'Good for: Acne/Blemishes']"
P387906,No Highlights
P427301,"['Radiant Finish', 'Liquid Formula', 'Community Favorite', 'Long-wearing', 'Full Coverage', 'Best for Dry, Combo, Normal Skin']"
P479338,"['Liquid Formula', 'Medium Coverage', 'Natural Finish', 'Good for: Redness', 'Good for: Dullness/Uneven Texture', 'Good for: Dark spots']"
P247355,"['Radiant Finish', 'Good for: Dullness/Uneven Texture', 'Liquid Formula', 'Community Favorite', 'Hydrating', 'Medium Coverage']"
P421485,"['Vegan', 'Community Favorite', 'allure 2021 Best of Beauty Award Winner', 'Matte Finish', 'Long-wearing']"
P302923,"['Light Coverage', 'Radiant Finish', 'Cream Formula', 'Community Favorite', 'Hydrating', 'SPF']"
P419506,"['Liquid Formula', 'Shimmer Finish', 'Natural Finish']"
P13046537,"['Radiant Finish', 'Hydrating', 'Without Parabens']"
P448502,"['Vegan', 'Satin Finish', 'Hydrating', 'Long-wearing', 'Without Sulfates SLS & SLES']"
P12790,"['Pressed Powder Formula', 'Radiant Finish', 'Long-wearing', 'Vegan']"
P462720,"['Liquid Formula', 'Matte Finish', 'Long-wearing', 'Full Coverage', 'Good for: Acne/Blemishes', 'Best for Oily, Combo, Normal Skin']"
P2866,"['Cream Formula', 'Stick Formula', 'Shimmer Finish', 'Radiant Finish']"
P261211,No Highlights
P377757,"['Pressed Powder Formula', 'Light Coverage', 'Radiant Finish', 'Without Parabens', 'Without Phthalates', 'Vegan']"
P441810,No Highlights
P471270,"['Natural Finish', 'Cream Formula', 'Long-wearing', 'Without Phthalates', 'Without Parabens']"
P479337,"['High Shine Finish', 'Hydrating', 'Without Parabens', 'Without Phthalates', 'Without Mineral Oil']"
P462721,No Highlights
P501583,"['Vegan', 'Stick Formula', 'Matte Finish', 'Long-wearing', 'Without Phthalates', 'Without Parabens']"
P104006,No Highlights
P474358,"['Liquid Formula', 'Matte Finish', 'Vegan']"
P468392,"['Stick Formula', 'Matte Finish', 'Vegan']"
P465783,No Highlights
P84818,No Highlights
P377756,"['Light Coverage', 'Vegan', 'Loose Powder Formula', 'Radiant Finish', 'Without Phthalates', 'Without Parabens']"
P465784,No Highlights
P422078,No Highlights
P468700,"['Shimmer Finish', 'Cream Formula', 'Without Parabens']"
P457302,"['Vegan', 'Radiant Finish', 'Hydrating', 'Without Parabens']"
P457632,"['Pressed Powder Formula', 'Radiant Finish', 'Long-wearing', 'Vegan']"
P482702,"['Liquid Formula', 'High Shine Finish', 'Hydrating', 'Without Parabens', 'Without Phthalates', 'Without Mineral Oil']"
P422073,No Highlights
P457304,No Highlights
P473173,"['Liquid Formula', 'Full Coverage', 'Good for: Dark Circles', 'Good for: Dark spots', 'Long-wearing', 'Hydrating']"
P504202,"['Pressed Powder Formula', 'Natural Finish', 'Best for Oily Skin', 'Matte Finish', 'Long-wearing', 'Good for: Acne/Blemishes']"
P2856,No Highlights
P448503,No Highlights
P503582,"['High Shine Finish', 'Matte Finish', 'Without Phthalates', 'Fragrance Free', 'Oil Free', 'Without Formaldehydes']"
P434385,"['Volumizing', 'Curling', 'Without Sulfates SLS & SLES', 'Without Parabens']"
P422079,No Highlights
P480462,"['Pressed Powder Formula', 'Light Coverage', 'Radiant Finish', 'Without Parabens', 'Without Phthalates', 'Vegan']"
P415965,No Highlights
P440527,"['Volumizing', 'Curling', 'Without Sulfates SLS & SLES', 'Without Parabens']"
P433123,No Highlights
P504808,"['Pressed Powder Formula', 'Natural Finish', 'High Shine Finish', 'Liquid Formula', 'Shimmer Finish', 'Hydrating']"
P504836,"['Stick Formula', 'Radiant Finish', 'Cream Formula', 'Shimmer Finish', 'Long-wearing']"
P504821,"['Pressed Powder Formula', 'Metallic Finish', 'Shimmer Finish', 'Satin Finish', 'Matte Finish']"
P463090,No Highlights
P504832,"['Pressed Powder Formula', 'Natural Finish', 'Shimmer Finish', 'Satin Finish', 'Long-wearing']"
P475138,"['Liquid Formula', 'Matte Finish', 'Best for Oily, Combo, Normal Skin', 'Without Parabens', 'Without Phthalates', 'Vegan']"
P475139,"['Liquid Formula', 'Matte Finish', 'Waterproof', 'Long-wearing', 'Vegan']"
P463092,No Highlights
P463091,No Highlights
P504081,"['Light Coverage', 'Radiant Finish', 'Pressed Powder Formula', 'Without Phthalates', 'Long-wearing', 'Without Parabens']"
P467033,No Highlights
P461188,"['Metallic Finish', 'Community Favorite', 'Matte Finish']"
P411826,No Highlights
P440313,"['Metallic Finish', 'Community Favorite', 'Matte Finish']"
P459829,"['Matte Finish', 'Metallic Finish', 'Community Favorite']"
P475969,"['Shimmer Finish', 'Matte Finish']"
P436273,No Highlights
P453218,"['Metallic Finish', 'Community Favorite', 'Matte Finish']"
P478018,"['Cream Formula', 'Pressed Powder Formula', 'Natural Finish', 'Long-wearing', 'Without Parabens', 'Cruelty-Free']"
P457653,"['Matte Finish', 'Metallic Finish']"
P413523,No Highlights
P450057,No Highlights
P502079,"['Matte Finish', 'Long-wearing', 'Waterproof', 'Without Parabens', 'Cruelty-Free']"
P444024,"['Vegan', 'Pressed Powder Formula', 'Shimmer Finish']"
P482292,"['Pressed Powder Formula', 'Metallic Finish', 'Long-wearing', 'Matte Finish', 'Without Parabens']"
P479976,"['Metallic Finish', 'Long-wearing', 'Matte Finish', 'Cruelty-Free']"
P471790,"['Pressed Powder Formula', 'Long-wearing', 'Oil Free']"
P468701,No Highlights
P441872,"['Shimmer Finish', 'Without Parabens', 'Vegan']"
P501473,"['Pressed Powder Formula', 'Metallic Finish', 'Shimmer Finish', 'Long-wearing', 'Matte Finish', 'Without Parabens']"
P464791,No Highlights
P444921,"['Pressed Powder Formula', 'Shimmer Finish', 'Hydrating']"
P500627,"['Pressed Powder Formula', 'Metallic Finish', 'Long-wearing', 'Matte Finish']"
P500263,"['Radiant Finish', 'Hyaluronic Acid', 'Hydrating', 'Good for: Anti-Aging', 'Good for: Dryness']"
P434566,No Highlights
P472992,"['Vegan', 'Liquid Formula', 'Without Mineral Oil', 'Oil Free', 'Without Parabens']"
P481728,"['Hydrating', 'High Shine Finish', 'Long-wearing', 'Without Parabens', 'Cruelty-Free', 'Vegan']"
P442957,"['Vegan', 'Radiant Finish', 'Hydrating', 'Medium Coverage']"
P502073,"['Pressed Powder Formula', 'Metallic Finish', 'Long-wearing', 'Matte Finish', 'Without Parabens']"
P482051,"['Vegan', 'Matte Finish', 'Long-wearing', 'Waterproof', 'Without Parabens', 'Cruelty-Free']"
P444034,No Highlights
P503993,"['Pressed Powder Formula', 'Cream Formula', 'Metallic Finish', 'Long-wearing', 'Matte Finish', 'Gluten Free']"
P482052,"['Hydrating', 'Plumping', 'Long-wearing', 'Without Parabens', 'Cruelty-Free', 'Vegan']"
P502442,"['Vegan', 'High Shine Finish', 'Hydrating', 'Long-wearing', 'Without Parabens', 'Cruelty-Free']"
P502303,"['Vegan', 'Plumping', 'Hydrating', 'Long-wearing', 'Without Parabens', 'Cruelty-Free']"
P502353,"['Radiant Finish', 'Hyaluronic Acid', 'Without Mineral Oil', 'Without Parabens', 'Cruelty-Free']"
P475142,"['Long-wearing', 'Cream Formula', 'Vegan']"
P475141,"['Matte Finish', 'Long-wearing', 'Vegan']"
P474359,"['Vegan', 'Liquid Formula', 'Matte Finish', 'Cruelty-Free']"
P505250,"['Pressed Powder Formula', 'Metallic Finish', 'Cream Formula', 'Shimmer Finish', 'Matte Finish', 'Long-wearing']"
P502350,"['Vegan', 'Cruelty-Free']"
P433973,"['Vegan', 'Good for: Dullness/Uneven Texture', 'Clean at Sephora', 'Best for Oily, Combo, Normal Skin', 'Best for Dry, Combo, Normal Skin', 'Cruelty-Free']"
P473133,"['Best for Oily, Combo, Normal Skin', 'Good for: Dullness/Uneven Texture', 'AHA/Glycolic Acid', 'Lactic Acid', 'Vegan', 'Clean at Sephora']"
P444216,"['Best for Dry, Combo, Normal Skin', 'Good for: Dryness', 'Good for: Loss of firmness', 'Good for: Anti-Aging', 'Clean at Sephora', 'Cruelty-Free']"
P433971,"['Hyaluronic Acid', 'Good for: Dullness/Uneven Texture', 'Clean at Sephora', 'Good for: Anti-Aging', 'Good for: Dryness', 'Best for Dry, Combo, Normal Skin']"
P473148,"['Vegan', 'Good for: Dullness/Uneven Texture', 'Good for: Pores', 'Clean at Sephora', 'Good for: Dryness', 'Best for Dry, Combo, Normal Skin']"
P433975,"['Hyaluronic Acid', 'Good for: Dark Circles', 'Clean at Sephora', 'Good for: Anti-Aging', 'Good for: Dryness', 'Cruelty-Free']"
P433974,"['Best for Dry, Combo, Normal Skin', 'Good for: Dryness', 'Good for: Dullness/Uneven Texture', 'Hyaluronic Acid', 'Clean at Sephora', 'Vegan']"
P450587,"['Vegan', 'Good for: Dullness/Uneven Texture', 'Clean at Sephora', 'Good for: Anti-Aging', 'Best for Dry, Combo, Normal Skin', 'Cruelty-Free']"
P500160,"['Clean at Sephora', 'Good for: Anti-Aging', 'Best for Dry, Combo, Normal Skin', 'SPF', 'Cruelty-Free']"
P478020,"['Good for: Dullness/Uneven Texture', 'Good for: Pores', 'Vitamin C', 'Vegan', 'Without Sulfates SLS & SLES', 'Without Parabens']"
P478021,"['Good for: Anti-Aging', 'Good for: Dullness/Uneven Texture', 'Retinol', 'Vegan', 'Without Silicones', 'Good for: Dryness']"
P459727,"['Vegan', 'allure 2019 Best of Beauty Award Winner', 'Clean + Planet Positive', 'Hydrating', 'Best for Dry, Combo, Normal Skin', 'Niacinamide']"
P459138,"['Vegan', 'Good for: Loss of firmness', 'Clean + Planet Positive', 'Fragrance Free', 'Good for: Dryness', 'Niacinamide']"
P474847,"['Vegan', 'Hyaluronic Acid', 'Clean + Planet Positive', 'Plumping', 'Hydrating', 'Niacinamide']"
P459728,"['Good for: Dullness/Uneven Texture', 'AHA/Glycolic Acid', 'Cruelty-Free', 'Vegan', 'Clean + Planet Positive']"
P480463,"['Vegan', 'Good for: Dullness/Uneven Texture', 'Clean + Planet Positive', 'AHA/Glycolic Acid', 'Good for: Dark spots', 'Niacinamide']"
P474360,"['Vegan', 'Good for: Dullness/Uneven Texture', 'Clean + Planet Positive', 'Good for: Dryness', 'Niacinamide', 'Cruelty-Free']"
P460570,"['Good for: Dryness', 'Fragrance Free', 'Cruelty-Free', 'Vegan', 'Clean + Planet Positive']"
P500993,"['Hyaluronic Acid', 'Clean + Planet Positive', 'Good for: Anti-Aging', 'Reef Safe SPF', 'UV Protection', 'Without Silicones']"
P503143,"['Clean + Planet Positive', 'Good for: Hair Thinning', 'All Hair Types', 'Fragrance Free', 'Without Silicones', 'Good for: Flaky/Dry Scalp']"
P502707,"['allure 2022 Best of Beauty Award Winner', 'Clean + Planet Positive', 'All Hair Types', 'Fragrance Free', 'Without Silicones', 'Good for: Flaky/Dry Scalp']"
P474076,"['Vegan', 'Clean + Planet Positive']"
P502757,"['allure 2022 Best of Beauty Award Winner', 'Clean + Planet Positive', 'Hydrating', 'All Hair Types', 'Fragrance Free', 'Good for: Flaky/Dry Scalp']"
P500039,"['Vegan', 'Clean + Planet Positive', 'Collagen', 'Good for: Anti-Aging', 'Good for: Dryness']"
P504029,"['Vegan', 'Clean + Planet Positive', 'Fragrance Free', 'Good for: Dryness', 'Niacinamide', 'Cruelty-Free']"
P503875,"['Vegan', 'Good for: Dullness/Uneven Texture', 'Clean + Planet Positive', 'Fragrance Free', 'Without Sulfates SLS & SLES', 'Cruelty-Free']"
P504054,"['Vegan', 'Good for: Loss of firmness', 'Clean + Planet Positive', 'Fragrance Free', 'Good for: Dryness', 'Niacinamide']"
P504074,"['Vegan', 'Refill Available', 'allure 2019 Best of Beauty Award Winner', 'Clean + Planet Positive', 'Hydrating', 'Niacinamide']"
P385317,No Highlights
P470232,"['allure 2022 Best of Beauty Award Winner', 'Without Mineral Oil', 'Without Phthalates', 'Without Parabens', 'Without Sulfates SLS & SLES']"
P470233,"['allure 2022 Best of Beauty Award Winner', 'Without Mineral Oil', 'Without Phthalates', 'Without Parabens', 'Without Sulfates SLS & SLES']"
P480334,No Highlights
P385319,No Highlights
P415763,No Highlights
P440637,No Highlights
P454827,No Highlights
P480332,"['Cruelty-Free', 'Vegan', 'Floral Scent', 'Without Phthalates', 'Without Parabens', 'Without Silicones']"
P470045,"['Without Sulfates SLS & SLES', 'Without Parabens', 'Without Phthalates', 'Without Mineral Oil']"
P469170,"['allure 2022 Best of Beauty Award Winner', 'Without Mineral Oil', 'Without Phthalates', 'allure 2021 Best of Beauty Award Winner', 'Without Parabens', 'Without Sulfates SLS & SLES']"
P454828,No Highlights
P503925,"['Vegan', 'Without Mineral Oil', 'Without Phthalates', 'Without Parabens', 'Without Sulfates SLS & SLES', 'Cruelty-Free']"
P470236,"['allure 2022 Best of Beauty Award Winner', 'Without Mineral Oil', 'Without Phthalates', 'Without Parabens', 'Without Sulfates SLS & SLES']"
P406775,No Highlights
P480331,"['Cruelty-Free', 'Vegan', 'Floral Scent', 'Without Phthalates', 'Without Parabens', 'Without Silicones']"
P480335,No Highlights
P440638,No Highlights
P470237,"['allure 2022 Best of Beauty Award Winner', 'Without Mineral Oil', 'Without Phthalates', 'Without Parabens', 'Without Sulfates SLS & SLES']"
P467037,"['allure 2022 Best of Beauty Award Winner', 'Without Mineral Oil', 'Without Phthalates', 'allure 2021 Best of Beauty Award Winner', 'Without Parabens', 'Without Sulfates SLS & SLES']"
P470231,"['Without Mineral Oil', 'Without Phthalates', 'Without Parabens', 'Without Sulfates SLS & SLES']"
P427608,No Highlights
P470230,"['Without Mineral Oil', 'Without Phthalates', 'Without Parabens', 'Without Sulfates SLS & SLES']"
P415765,No Highlights
P406776,No Highlights
P381768,No Highlights
P503898,"['Vegan', 'Without Mineral Oil', 'Without Phthalates', 'Without Parabens', 'Without Sulfates SLS & SLES', 'Cruelty-Free']"
P502931,No Highlights
P470229,No Highlights
P427607,No Highlights
P463480,No Highlights
P461189,No Highlights
P440639,No Highlights
P381767,No Highlights
P463474,No Highlights
P382348,No Highlights
P440640,No Highlights
P470234,"['allure 2022 Best of Beauty Award Winner', 'Without Mineral Oil', 'Without Phthalates', 'Without Parabens', 'Without Sulfates SLS & SLES']"
P470235,"['allure 2022 Best of Beauty Award Winner', 'Without Mineral Oil', 'Without Phthalates', 'Without Parabens', 'Without Sulfates SLS & SLES']"
P396423,No Highlights
P381777,No Highlights
P454966,No Highlights
P469882,No Highlights
P381776,No Highlights
P502899,No Highlights
P474362,"['Vegan', 'Warm &Spicy Scent', 'Without Phthalates', 'Without Parabens', 'Without Sulfates SLS & SLES', 'Cruelty-Free']"
P474361,"['Vegan', 'Warm &Spicy Scent', 'Without Phthalates', 'Without Parabens', 'Without Sulfates SLS & SLES', 'Cruelty-Free']"
P469883,['allure 2022 Best of Beauty Award Winner']
P456973,No Highlights
P463479,No Highlights
P504319,No Highlights
P416384,No Highlights
P463476,No Highlights
P467034,No Highlights
P408726,No Highlights
P468393,No Highlights
P483676,"['Vegan', 'Without Phthalates', 'Without Parabens', 'Without Sulfates SLS & SLES', 'Cruelty-Free']"
P472484,"['Fresh Scent', 'Without Parabens', 'Without Sulfates SLS & SLES']"
P463481,No Highlights
P409732,No Highlights
P483677,"['Vegan', 'Without Phthalates', 'Without Parabens', 'Without Sulfates SLS & SLES', 'Cruelty-Free']"
P416574,No Highlights
P441635,No Highlights
P454967,No Highlights
P428070,No Highlights
P409733,No Highlights
P408727,No Highlights
P483678,"['Vegan', 'Without Phthalates', 'Without Parabens', 'Without Sulfates SLS & SLES', 'Cruelty-Free']"
P463475,No Highlights
P450838,No Highlights
P480623,"['Vegan', 'Woody & Earthy Scent', 'Without Phthalates', 'Without Parabens', 'Without Sulfates SLS & SLES', 'Cruelty-Free']"
P460869,No Highlights
P505122,"['Vegan', 'Without Mineral Oil', 'Without Phthalates', 'Without Parabens', 'Without Silicones', 'Cruelty-Free']"
P502276,"['Vegan', 'Without Phthalates', 'Without Parabens', 'Without Sulfates SLS & SLES', 'Cruelty-Free']"
P463477,"['Vegan', 'Without Phthalates', 'Without Parabens', 'Without Sulfates SLS & SLES', 'Cruelty-Free']"
P381775,No Highlights
P467035,No Highlights
P502676,"['Vegan', 'Without Phthalates', 'Without Parabens', 'Without Sulfates SLS & SLES', 'Cruelty-Free']"
P500463,"['Vegan', 'Without Phthalates', 'Without Parabens', 'Without Sulfates SLS & SLES', 'Cruelty-Free']"
P503596,"['Vegan', 'Without Phthalates', 'Without Parabens', 'Without Sulfates SLS & SLES', 'Cruelty-Free']"
P442310,No Highlights
P419419,No Highlights
P504703,"['Vegan', 'Without Phthalates', 'Without Parabens', 'Without Sulfates SLS & SLES', 'Cruelty-Free']"
P482294,"['Vegan', 'Without Phthalates', 'Without Parabens', 'Without Sulfates SLS & SLES', 'Cruelty-Free']"
P448841,No Highlights
P500267,"['Vegan', 'Without Phthalates', 'Without Parabens', 'Without Sulfates SLS & SLES', 'Cruelty-Free']"
P482706,"['Vegan', 'Without Phthalates', 'Without Parabens', 'Without Sulfates SLS & SLES', 'Cruelty-Free']"
P480624,"['Without Sulfates SLS & SLES', 'Without Phthalates', 'Without Parabens', 'Vegan', 'Cruelty-Free', 'Woody & Earthy Scent']"
P484062,"['Cruelty-Free', 'Vegan', 'Without Parabens', 'Without Phthalates', 'Without Sulfates SLS & SLES']"
P503632,"['Vegan', 'Without Phthalates', 'Without Parabens', 'Without Sulfates SLS & SLES', 'Cruelty-Free']"
P504685,"['Vegan', 'Without Phthalates', 'Without Parabens', 'Without Sulfates SLS & SLES', 'Cruelty-Free']"
P441634,No Highlights
P419107,"['Vegan', 'Natural Finish', 'Clean at Sephora', 'Long-wearing', 'Without Parabens']"
P388953,No Highlights
P428673,No Highlights
P444609,['Clean at Sephora']
P478523,"['Stick Formula', 'Long-wearing', 'Fragrance Free', 'Without Parabens', 'Cruelty-Free']"
P405290,['Clean at Sephora']
P431758,"['Stick Formula', 'Long-wearing', 'Without Phthalates', 'Without Parabens', 'Without Sulfates SLS & SLES', 'Cruelty-Free']"
P417912,['Clean at Sephora']
P457828,No Highlights
P416774,No Highlights
P408286,"['Stick Formula', 'High Shine Finish', 'Hydrating', 'Without Parabens', 'Without Silicones']"
P444920,['Clean at Sephora']
P448152,['Clean at Sephora']
P482056,['Clean at Sephora']
P501811,"['Vegan', 'Stick Formula', 'Long-wearing', 'Fragrance Free', 'Without Parabens', 'Cruelty-Free']"
P400017,['Clean at Sephora']
P500480,"['Vegan', 'allure 2020 Best of Beauty Award Winner', 'Natural Finish', 'Long-wearing', 'Without Parabens']"
P501183,['Clean at Sephora']
P463098,['Clean at Sephora']
P481828,"['Clean at Sephora', 'Good for: Anti-Aging', 'UV Protection', 'Without Parabens', 'Without Sulfates SLS & SLES', 'Niacinamide']"
P448856,No Highlights
P501155,"['Stick Formula', 'Without Phthalates', 'Matte Finish', 'Without Parabens', 'Without Sulfates SLS & SLES', 'Cruelty-Free']"
P463096,No Highlights
P501177,"['Stick Formula', 'Without Phthalates', 'Matte Finish', 'Without Parabens', 'Without Sulfates SLS & SLES', 'Cruelty-Free']"
P501780,"['Vegan', 'Stick Formula', 'Long-wearing', 'Fragrance Free', 'Without Parabens']"
P463099,No Highlights
P476894,['Clean at Sephora']
P476893,"['Good for: Dullness/Uneven Texture', 'Good for: Loss of firmness', 'Hydrating', 'Good for: Acne/Blemishes', 'Good for: Dryness', 'Best for Dry, Combo, Normal Skin']"
P475143,['Clean at Sephora']
P502770,"['Vegan', 'Stick Formula', 'Long-wearing', 'Fragrance Free', 'Without Parabens']"
P482054,['Clean at Sephora']
P472178,"['Vegan', 'Long-wearing', 'Without Parabens']"
P388950,"['Vegan', 'Long-wearing', 'Lengthening', 'Oil Free', 'Without Parabens']"
P482055,"['Vegan', 'Plumping', 'Hydrating', 'Good for: Dryness', 'Without Parabens', 'Cruelty-Free']"
P501789,"['Vegan', 'Stick Formula', 'Long-wearing', 'Fragrance Free', 'Without Parabens', 'Cruelty-Free']"
P478511,"['Long-wearing', 'Waterproof', 'Lengthening', 'Without Parabens', 'Cruelty-Free']"
P504874,"['Clean at Sephora', 'Hydrating', 'Good for: Anti-Aging', 'SPF', 'Niacinamide']"
P504873,"['Vegan', 'Stick Formula', 'Metallic Finish', 'Clean at Sephora', 'Matte Finish', 'Long-wearing']"
P472179,"['Vegan', 'Hydrating', 'Long-wearing', 'Waterproof', 'Gluten Free']"
P476892,"['Good for: Dullness/Uneven Texture', 'Vitamin C', 'AHA/Glycolic Acid', 'Good for: Dryness', 'Best for Oily, Combo, Normal Skin', 'Best for Dry, Combo, Normal Skin']"
P504322,['Clean at Sephora']
P407080,['Clean at Sephora']
P502852,"['Good for: Dullness/Uneven Texture', 'Hyaluronic Acid', 'Good for: Loss of firmness', 'Good for: Anti-Aging', 'Fragrance Free', 'Without Parabens']"
P385320,"['Good for: Anti-Aging', 'Good for: Loss of firmness', 'Good for: Dullness/Uneven Texture', 'Hyaluronic Acid', 'Fragrance Free', 'Without Parabens']"
P402992,No Highlights
P474968,"['Hyaluronic Acid', 'Hydrating', 'Good for: Anti-Aging', 'Good for: Dryness', 'Oil Free', 'Without Parabens']"
P428005,"['Good for: Dullness/Uneven Texture', 'Hyaluronic Acid', 'Good for: Loss of firmness', 'Hydrating', 'Good for: Anti-Aging']"
P474967,"['Hyaluronic Acid', 'Good for: Loss of firmness', 'Hydrating', 'Good for: Anti-Aging', 'Oil Free', 'Without Parabens']"
P383182,"['Good for: Dullness/Uneven Texture', 'Good for: Loss of firmness', 'Good for: Anti-Aging']"
P393600,"['Good for: Anti-Aging', 'Good for: Loss of firmness', 'Good for: Dullness/Uneven Texture', 'Hyaluronic Acid', 'Fragrance Free', 'Without Parabens']"
P481138,"['Hydrating', 'Good for: Anti-Aging', 'Good for: Dryness', 'Hyaluronic Acid', 'Oil Free', 'Without Parabens']"
P402993,No Highlights
P500464,"['Good for: Dullness/Uneven Texture', 'Hyaluronic Acid', 'Good for: Loss of firmness', 'Hydrating', 'Good for: Anti-Aging']"
P504221,"['allure 2022 Best of Beauty Award Winner', 'Hyaluronic Acid', 'Good for: Loss of firmness', 'Hydrating', 'Good for: Anti-Aging', 'Oil Free']"
P504148,"['Good for: Damage', 'Refill Available', 'allure 2018 Best of Beauty Award Winner', 'Clean at Sephora', 'Good for: Hair Thinning', 'All Hair Types']"
P504161,"['Vegan', 'Good for: Damage', 'Recyclable Packaging', 'Clean at Sephora', 'All Hair Types', 'Good for: Hair Thinning']"
P504173,"['Good for: Damage', 'Refill Available', 'Clean at Sephora', 'Good for: Hair Thinning', 'All Hair Types', 'Good for: Anti-Aging']"
P504186,"['Vegan', 'Recyclable Packaging', 'Clean at Sephora', 'Good for: Hair Thinning', 'All Hair Types', 'Without Sulfates SLS & SLES']"
P504184,"['Vegan', 'Recyclable Packaging', 'Clean at Sephora', 'Good for: Hair Thinning', 'All Hair Types', 'Without Sulfates SLS & SLES']"
P504155,"['Vegan', 'Recyclable Packaging', 'Clean at Sephora', 'Good for: Hair Thinning', 'All Hair Types', 'Good for: Oily Scalp']"
P504130,"['Vegan', 'Good for: Damage', 'Refill Available', 'Clean at Sephora', 'Good for: Hair Thinning', 'All Hair Types']"
P504157,"['Vegan', 'Recyclable Packaging', 'Clean at Sephora', 'Good for: Hair Thinning', 'All Hair Types', 'Good for: Oily Scalp']"
P504172,"['Good for: Damage', 'Refill Available', 'Clean at Sephora', 'Good for: Hair Thinning', 'All Hair Types', 'Gluten Free']"
P504165,"['Good for: Damage', 'Refill Available', 'Clean at Sephora', 'Good for: Hair Thinning', 'All Hair Types', 'Gluten Free']"
P428224,"['Good for: Damage', 'Community Favorite', 'Good for: Color Care', 'Good for: Volume', 'Clean at Sephora', 'All Hair Types']"
P447376,"['High Shine Finish', 'Heat Protection', 'Clean at Sephora', 'All Hair Types', 'UV Protection']"
P433172,"['Good for: Damage', 'Community Favorite', 'Good for: Color Care', 'Fresh Scent', 'All Hair Types', 'Without Sulfates SLS & SLES']"
P441831,"['Good for: Damage', 'Community Favorite', 'Hydrating', 'All Hair Types', 'Curl-Enhancing', 'Good for: Frizz']"
P433173,"['Good for: Damage', 'Community Favorite', 'Good for: Color Care', 'Fresh Scent', 'All Hair Types', 'Good for: Dryness']"
P461483,"['Good for: Damage', 'Clean at Sephora', 'Good for: Volume', 'Good for: Hair Thinning', 'All Hair Types']"
P469856,"['Good for: Damage', 'Clean at Sephora', 'All Hair Types', 'Good for: Frizz', 'Good for: Dryness', 'Increases Shine']"
P443331,"['Good for: Damage', 'Community Favorite', 'Good for: Color Care', 'Clean at Sephora', 'Fresh Scent', 'All Hair Types']"
P443332,"['Good for: Damage', 'Community Favorite', 'Good for: Color Care', 'Fresh Scent', 'All Hair Types', 'Without Sulfates SLS & SLES']"
P482541,"['Good for: Damage', 'Heat Protection', 'Clean at Sephora', 'All Hair Types', 'Without Silicones', 'Increases Shine']"
P476895,"['Good for: Color Care', 'Clean at Sephora', 'All Hair Types', 'Good for: Dryness', 'Reduces Brassiness', 'Without Sulfates SLS & SLES']"
P500624,"['Good for: Volume', 'Clean at Sephora', 'All Hair Types', 'Good for: Flaky/Dry Scalp', 'Increases Shine', 'Good for: Oily Scalp']"
P480336,"['Good for: Damage', 'Good for: Color Care', 'Clean at Sephora', 'All Hair Types', 'Good for: Dryness', 'Cruelty-Free']"
P504622,"['Clean at Sephora', 'Good for: Volume', 'All Hair Types', 'Without Parabens', 'Good for: Oily Scalp']"
P430337,"['Vitamin C', 'Good for: Dryness', 'Good for: Dullness/Uneven Texture', 'Good for: Loss of firmness', 'Without Parabens', 'Vegan']"
P439061,"['Vegan', 'Good for: Dullness/Uneven Texture', 'AHA/Glycolic Acid', 'Without Parabens', 'Good for: Dark spots', 'Cruelty-Free']"
P448207,"['Clean at Sephora', 'Good for: Anti-Aging', 'Cruelty-Free']"
P416816,"['Vegan', 'Good for: Pores', 'AHA/Glycolic Acid', 'Salicylic Acid', 'Good for: Acne/Blemishes', 'Without Parabens']"
P431848,"['Salicylic Acid', 'Lactic Acid', 'Good for: Pores', 'Good for: Dullness/Uneven Texture', 'Without Parabens', 'Vegan']"
P473322,"['Vegan', 'Good for: Dullness/Uneven Texture', 'Good for: Loss of firmness', 'Clean at Sephora', 'Good for: Anti-Aging', 'AHA/Glycolic Acid']"
P416815,"['Good for: Acne/Blemishes', 'Good for: Pores', 'AHA/Glycolic Acid', 'Lactic Acid', 'Without Parabens', 'Vegan']"
P466142,"['Good for: Dullness/Uneven Texture', 'AHA/Glycolic Acid', 'Cruelty-Free', 'Clean at Sephora']"
P434545,"['Vegan', 'Good for: Dullness/Uneven Texture', 'Good for: Pores', 'Clean at Sephora', 'Cruelty-Free']"
P456566,"['Vegan', 'Hyaluronic Acid', 'Good for: Dullness/Uneven Texture', 'Good for: Loss of firmness', 'Vitamin C', 'Clean at Sephora', 'Without Parabens', 'Cruelty-Free']"
P472050,"['Best for Combination Skin', 'Best for Oily Skin', 'Good for: Pores', 'Good for: Acne/Blemishes', 'Salicylic Acid', 'Clean at Sephora']"
P442012,"['Good for: Dullness/Uneven Texture', 'Good for: Pores', 'Clean at Sephora', 'Cruelty-Free']"
P469213,"['Good for: Dark Circles', 'Good for: Loss of firmness', 'Good for: Dullness/Uneven Texture', 'Good for: Anti-Aging', 'Vegan', 'Clean at Sephora']"
P418872,"['Good for: Dullness/Uneven Texture', 'Good for: Pores', 'AHA/Glycolic Acid', 'Lactic Acid', 'Without Parabens', 'Vegan']"
P479339,"['Vegan', 'Hyaluronic Acid', 'Good for: Loss of firmness', 'Clean at Sephora', 'Good for: Anti-Aging', 'Good for: Dryness']"
P483679,"['Vitamin C', 'Clean at Sephora']"
P500613,"['Good for: Dullness/Uneven Texture', 'Vitamin C', 'Good for: Dark Circles', 'Clean at Sephora', 'Good for: Anti-Aging', 'Good for: Dryness']"
P453227,"['Good for: Dullness/Uneven Texture', 'Good for: Dryness', 'Without Parabens', 'Cruelty-Free', 'Clean at Sephora']"
P459133,"['Good for: Dryness', 'Good for: Dullness/Uneven Texture', 'Vegan', 'Without Parabens']"
P434546,"['Vegan', 'Good for: Dullness/Uneven Texture', 'Good for: Loss of firmness', 'Clean at Sephora', 'AHA/Glycolic Acid', 'Cruelty-Free']"
P503651,"['Good for: Dullness/Uneven Texture', 'Good for: Loss of firmness', 'Clean at Sephora', 'AHA/Glycolic Acid', 'Good for: Dryness', 'Good for: Dark spots']"
P504639,"['Vegan', 'Good for: Dullness/Uneven Texture', 'Vitamin C', 'Good for: Dark Circles', 'Clean at Sephora', 'Good for: Dryness']"
P504043,"['Vegan', 'Good for: Dullness/Uneven Texture', 'Good for: Loss of firmness', 'Clean at Sephora', 'Good for: Anti-Aging', 'Good for: Dryness']"
P500033,"['Vegan', 'Good for: Loss of firmness', 'Clean at Sephora', 'Good for: Anti-Aging', 'Good for: Dryness']"
P470240,"['Vitamin C', 'Collagen', 'Good for: Dryness', 'Good for: Dullness/Uneven Texture', 'Without Parabens', 'Vegan']"
P503878,"['Vegan', 'Good for: Loss of firmness', 'Clean at Sephora', 'Good for: Anti-Aging', 'Good for: Dryness']"
P501586,"['Vegan', 'Hyaluronic Acid', 'Good for: Loss of firmness', 'Clean at Sephora', 'Good for: Anti-Aging', 'Good for: Dryness']"
P459131,"['Hyaluronic Acid', 'Good for: Loss of firmness', 'Vitamin C', 'Without Parabens', 'Good for: Dark spots', 'Without Sulfates SLS & SLES']"
P500047,"['Vegan', 'Good for: Dullness/Uneven Texture', 'Clean at Sephora', 'Good for: Anti-Aging', 'Good for: Dryness', 'Good for: Dark spots']"
P471566,"['Good for: Dullness/Uneven Texture', 'Clean at Sephora', 'AHA/Glycolic Acid']"
P473323,"['Vegan', 'Good for: Dullness/Uneven Texture', 'Clean at Sephora', 'Good for: Anti-Aging', 'AHA/Glycolic Acid', 'Good for: Dark spots']"
P502976,"['Vegan', 'Good for: Dullness/Uneven Texture', 'Clean at Sephora', 'Good for: Anti-Aging', 'Good for: Dryness']"
P472180,"['Best for Combination Skin', 'Best for Oily Skin', 'Good for: Pores', 'Good for: Acne/Blemishes', 'Salicylic Acid', 'Clean at Sephora']"
P503572,"['Vegan', 'Good for: Dullness/Uneven Texture', 'Good for: Dark Circles', 'Clean at Sephora', 'Good for: Anti-Aging', 'Good for: Dryness']"
P454800,"['Vegan', 'Good for: Dullness/Uneven Texture', 'AHA/Glycolic Acid', 'Without Parabens', 'Good for: Dark spots']"
P503933,"['Vegan', 'Good for: Dullness/Uneven Texture', 'Clean at Sephora', 'Good for: Anti-Aging', 'Good for: Dryness', 'Good for: Dark spots']"
P503876,"['Vegan', 'Good for: Dullness/Uneven Texture', 'Clean at Sephora', 'Good for: Anti-Aging', 'Good for: Dryness', 'Good for: Dark spots']"
P504035,"['Vegan', 'Good for: Dullness/Uneven Texture', 'Clean at Sephora', 'Good for: Anti-Aging', 'Good for: Dryness', 'Good for: Dark spots']"
P469953,"['Vegan', 'Pressed Powder Formula', 'Matte Finish', 'allure 2021 Best of Beauty Award Winner', 'Medium Coverage', 'Without Parabens']"
P482709,"['Vegan', 'Pressed Powder Formula', 'Natural Finish', 'Cream Formula', 'Long-wearing', 'Cruelty-Free']"
P466143,"['Vegan', 'Loose Powder Formula', 'Matte Finish', 'Long-wearing', 'Fragrance Free']"
P466144,"['Vegan', 'Loose Powder Formula', 'Matte Finish', 'Long-wearing', 'Fragrance Free']"
P478536,"['Vegan', 'Liquid Formula', 'Matte Finish', 'Medium Coverage', 'Best for Oily, Combo, Normal Skin', 'Cruelty-Free']"
P476719,"['Best for Oily, Combo, Normal Skin', 'Without Parabens', 'Long-wearing', 'Waterproof', 'Vegan', 'Cruelty-Free']"
P473741,"['Full Coverage', 'Best for Oily, Combo, Normal Skin', 'Long-wearing', 'Waterproof', 'Vegan', 'Cruelty-Free']"
P476718,"['Best for Oily, Combo, Normal Skin', 'Without Parabens', 'Long-wearing', 'Waterproof', 'Vegan', 'Cruelty-Free']"
P461665,"['Vegan', 'Long-wearing', 'Matte Finish', 'Waterproof', 'Without Parabens']"
P468394,"['Vegan', 'Good for: Dullness/Uneven Texture', 'Good for: Pores', 'Hydrating', 'Niacinamide']"
P461664,"['Vegan', 'Without Parabens']"
P482710,"['Vegan', 'Pressed Powder Formula', 'Natural Finish', 'Long-wearing', 'Cruelty-Free']"
P461666,"['Shimmer Finish', 'Long-wearing', 'Vegan', 'Without Parabens']"
P504363,"['Vegan', 'Liquid Formula', 'Hydrating', 'Long-wearing', 'Cruelty-Free']"
P466145,No Highlights
P461923,"['Vegan', 'Long-wearing', 'Matte Finish', 'Waterproof', 'Without Parabens']"
P504605,"['Vegan', 'Matte Finish', 'Long-wearing', 'Waterproof', 'Without Parabens', 'Cruelty-Free']"
P461667,"['Vegan', 'Without Parabens']"
P91627362,"['Vegan', 'Without Parabens']"
P500481,"['Vegan', 'Volumizing', 'Long-wearing', 'Lengthening', 'Curling', 'Cruelty-Free']"
P502866,"['Vegan', 'Gluten Free', 'Cruelty-Free']"
P466146,No Highlights
P500501,"['Vegan', 'Volumizing', 'Long-wearing', 'Lengthening', 'Curling', 'Cruelty-Free']"
P472993,"['Vegan', 'Long-wearing', 'Waterproof', 'Without Parabens']"
P472995,"['Vegan', 'Long-wearing', 'Waterproof', 'Without Parabens']"
P501749,"['Vegan', 'Pressed Powder Formula', 'Shimmer Finish', 'Without Parabens', 'Without Sulfates SLS & SLES']"
P502819,No Highlights
P500733,"['Vegan', 'Liquid Formula', 'Matte Finish', 'Fragrance Free', 'Without Parabens', 'Cruelty-Free']"
P472994,"['Vegan', 'Long-wearing', 'Waterproof', 'Without Parabens']"
P469097,"['Good for: Damage', 'Vegan', 'Hydrating', 'All Hair Types', 'Without Sulfates SLS & SLES', 'Increases Shine']"
P469094,"['Good for: Damage', 'allure 2019 Best of Beauty Award Winner', 'Heat Protection', 'Good for: Frizz', 'Good for: Dryness', 'Increases Shine']"
P469076,"['Vegan', 'Natural Finish', 'Good for: Volume', 'All Hair Types', 'UV Protection', 'Good for: Oily Scalp']"
P469093,"['Good for: Damage', 'allure 2019 Best of Beauty Award Winner', 'Heat Protection', 'Good for: Frizz', 'Good for: Dryness', 'Increases Shine']"
P469096,"['Good for: Damage', 'Vegan', 'Hydrating', 'All Hair Types', 'Without Sulfates SLS & SLES', 'Increases Shine']"
P469140,"['Good for: Damage', 'Vegan', 'Hydrating', 'UV Protection', 'Without Sulfates SLS & SLES', 'Increases Shine']"
P469195,"['Good for: Dryness', 'Good for: Frizz', 'Hydrating', 'High Shine Finish', 'UV Protection', 'Vegan']"
P469156,"['Good for: Frizz', 'Hydrating', 'Heat Protection', 'High Shine Finish', 'UV Protection', 'Vegan']"
P469155,"['Good for: Frizz', 'Hydrating', 'Heat Protection', 'High Shine Finish', 'UV Protection', 'Vegan']"
P469122,"['Vegan', 'Natural Finish', 'Good for: Volume', 'All Hair Types', 'UV Protection', 'Good for: Oily Scalp']"
P469099,"['Good for: Damage', 'Hydrating', 'Increases Shine', 'All Hair Types', 'Cream Formula', 'Vegan']"
P479978,"['Good for: Damage', 'Vegan', 'Hyaluronic Acid', 'All Hair Types', 'Good for: Dryness', 'Without Sulfates SLS & SLES']"
P469169,"['Vegan', 'Volumizing', 'Natural Finish', 'Good for: Hair Thinning', 'All Hair Types', 'Fragrance Free']"
P481140,"['Good for: Damage', 'Vegan', 'allure 2022 Best of Beauty Award Winner', 'Hyaluronic Acid', 'All Hair Types', 'Good for: Dryness']"
P469098,"['Good for: Damage', 'Vegan', 'Hydrating', 'All Hair Types', 'Without Sulfates SLS & SLES', 'Increases Shine']"
P469163,"['Vegan', 'Hydrating', 'All Hair Types', 'Salicylic Acid', 'Without Sulfates SLS & SLES', 'Good for: Flaky/Dry Scalp']"
P469091,"['Good for: Damage', 'Vegan', 'Hydrating', 'All Hair Types', 'Without Sulfates SLS & SLES', 'Increases Shine']"
P469115,"['Good for: Volume', 'Volumizing', 'Heat Protection', 'Natural Finish', 'UV Protection', 'Vegan']"
P469186,"['Natural Finish', 'Heat Protection', 'Good for: Frizz', 'Curly Hair', 'UV Protection', 'Without Silicones']"
P469157,"['Vegan', 'Hydrating', 'Heat Protection', 'Good for: Dryness', 'UV Protection', 'Increases Shine']"
P481141,"['Good for: Damage', 'Vegan', 'allure 2022 Best of Beauty Award Winner', 'Hyaluronic Acid', 'All Hair Types', 'Good for: Dryness']"
P481139,"['Vegan', 'High Shine Finish', 'Hydrating', 'Good for: Frizz', 'Good for: Dryness', 'UV Protection']"
P469092,"['Vegan', 'Natural Finish', 'Heat Protection', 'All Hair Types', 'UV Protection', 'Good for: Oily Scalp']"
P469130,"['Good for: Damage', 'Curly Hair', 'Coily Hair', 'Hydrating', 'Curl-Enhancing', 'Vegan']"
P469180,"['Vegan', 'Hydrating', 'All Hair Types', 'Good for: Dryness', 'UV Protection', 'Increases Shine']"
P469173,"['Vegan', 'Volumizing', 'Good for: Volume', 'All Hair Types', 'UV Protection', 'Without Sulfates SLS & SLES']"
P469105,"['Good for: Damage', 'Heat Protection', 'Hydrating', 'Volumizing', 'UV Protection', 'Vegan']"
P469185,"['Vegan', 'Hydrating', 'All Hair Types', 'Good for: Frizz', 'UV Protection', 'Prevents Color Fading']"
P469174,"['Good for: Frizz', 'Curly Hair', 'Coily Hair', 'Hydrating', 'Curl-Enhancing', 'Vegan']"
P469164,"['Vegan', 'Hydrating', 'All Hair Types', 'Without Sulfates SLS & SLES', 'Good for: Flaky/Dry Scalp', 'Increases Shine']"
P500038,"['Good for: Damage', 'Hydrating', 'Increases Shine', 'All Hair Types', 'Cream Formula', 'Vegan']"
P469124,"['Vegan', 'UV Protection', 'Natural Finish', 'Light Hold', 'Good for: Frizz', 'All Hair Types']"
P469144,"['Hydrating', 'Heat Protection', 'Good for: Frizz', 'Coily Hair', 'Curly Hair', 'Without Silicones']"
P469033,"['Vegan', 'Hydrating', 'Heat Protection', 'Good for: Frizz', 'UV Protection', 'Increases Shine']"
P469101,"['Vegan', 'Volumizing', 'Plumping', 'Good for: Volume', 'Heat Protection', 'UV Protection']"
P469168,"['Vegan', 'Natural Finish', 'Hydrating', 'All Hair Types', 'Fragrance Free', 'Good for: Flaky/Dry Scalp']"
P469191,"['Good for: Volume', 'All Hair Types', 'Medium Hold', 'Natural Finish', 'UV Protection', 'Vegan']"
P469194,"['Good for: Dryness', 'Good for: Frizz', 'Hydrating', 'High Shine Finish', 'UV Protection', 'Vegan']"
P501251,"['Good for: Damage', 'Vegan', 'High Shine Finish', 'Good for: Color Care', 'Good for: Dryness', 'Without Sulfates SLS & SLES']"
P469171,"['Vegan', 'Good for: Color Care', 'Hydrating', 'All Hair Types', 'UV Protection', 'Prevents Color Fading']"
P469106,"['Vegan', 'Natural Finish', 'Light Hold', 'All Hair Types', 'Good for: Frizz', 'UV Protection']"
P500638,"['Vegan', 'Hydrating', 'Without Phthalates', 'Without Silicones']"
P469108,"['Good for: Damage', 'Vegan', 'Hydrating', 'Curl-Enhancing', 'Coily Hair', 'Curly Hair']"
P469095,"['Good for: Damage', 'Hydrating', 'Hyaluronic Acid', 'All Hair Types', 'Radiant Finish', 'Vegan']"
P504151,"['Good for: Damage', 'Vegan', 'All Hair Types', 'Good for: Dryness', 'UV Protection', 'Increases Shine']"
P469123,"['Vegan', 'Natural Finish', 'Heat Protection', 'All Hair Types', 'UV Protection', 'Good for: Oily Scalp']"
P469199,"['Vegan', 'Hydrating', 'All Hair Types', 'Without Sulfates SLS & SLES', 'Increases Shine', 'Good for: Oily Scalp']"
P500641,"['Vegan', 'Hydrating', 'Without Phthalates', 'Without Silicones']"
P469037,"['Vegan', 'Good for: Color Care', 'Hydrating', 'All Hair Types', 'Prevents Color Fading', 'Reduces Brassiness']"
P469126,"['Good for: Volume', 'Medium Hold', 'All Hair Types', 'Natural Finish', 'UV Protection', 'Vegan']"
P469061,"['Hydrating', 'Curl-Enhancing', 'Good for: Frizz', 'Curly Hair', 'Wavy Hair', 'Without Silicones']"
P469042,"['Vegan', 'Good for: Color Care', 'Hydrating', 'All Hair Types', 'Prevents Color Fading', 'Reduces Brassiness']"
P469114,"['Vegan', 'Natural Finish', 'Good for: Frizz', 'Curly Hair', 'Wavy Hair', 'UV Protection']"
P469172,"['Increases Shine', 'Good for: Dullness/Uneven Texture', 'Hydrating', 'High Shine Finish', 'Without Sulfates SLS & SLES', 'Vegan']"
P469041,"['Vegan', 'Good for: Color Care', 'Hydrating', 'All Hair Types', 'Prevents Color Fading', 'Reduces Brassiness']"
P469046,"['Without Sulfates SLS & SLES', 'UV Protection', 'Hydrating', 'Good for: Frizz', 'Curly Hair', 'Coily Hair']"
P469167,"['Vegan', 'Good for: Redness', 'Hydrating', 'All Hair Types', 'Without Sulfates SLS & SLES', 'Good for: Flaky/Dry Scalp']"
P469057,"['Vegan', 'Good for: Dullness/Uneven Texture', 'High Shine Finish', 'Hydrating', 'Without Sulfates SLS & SLES', 'Increases Shine']"
P469059,"['Good for: Frizz', 'Curly Hair', 'Coily Hair', 'Hydrating', 'Satin Finish', 'Without Silicones']"
P469040,"['Vegan', 'Good for: Color Care', 'Hydrating', 'All Hair Types', 'Prevents Color Fading', 'Reduces Brassiness']"
P469179,"['Vegan', 'Hydrating', 'All Hair Types', 'Good for: Dryness', 'UV Protection', 'Increases Shine']"
P469178,"['Vegan', 'Hydrating', 'All Hair Types', 'Good for: Dryness', 'UV Protection', 'Increases Shine']"
P469060,"['Hydrating', 'Curl-Enhancing', 'Good for: Frizz', 'Coily Hair', 'Curly Hair', 'Without Silicones']"
P469109,"['Good for: Dryness', 'Heat Protection', 'UV Protection', 'Natural Finish', 'Hydrating', 'Prevents Color Fading']"
P500863,"['Vegan', 'Volumizing', 'Natural Finish', 'Good for: Volume', 'Heat Protection', 'UV Protection']"
P469039,"['Vegan', 'Good for: Color Care', 'Hydrating', 'All Hair Types', 'Prevents Color Fading', 'Reduces Brassiness']"
P469056,"['Vegan', 'Good for: Color Care', 'Hydrating', 'All Hair Types', 'UV Protection', 'Prevents Color Fading']"
P469090,"['Vegan', 'Natural Finish', 'Hydrating', 'Good for: Frizz', 'Good for: Dryness', 'Without Silicones']"
P469188,"['Good for: Frizz', 'Curly Hair', 'Coily Hair', 'Hydrating', 'Natural Finish', 'Without Silicones']"
P469192,"['Strong Hold', 'Good for: Volume', 'All Hair Types', 'Natural Finish', 'UV Protection', 'Vegan']"
P469104,"['Good for: Volume', 'Volumizing', 'All Hair Types', 'UV Protection', 'Without Sulfates SLS & SLES', 'Vegan']"
P469038,"['Vegan', 'Good for: Color Care', 'Hydrating', 'All Hair Types', 'Prevents Color Fading', 'Reduces Brassiness']"
P469031,"['Vegan', 'Natural Finish', 'Good for: Color Care', 'All Hair Types', 'UV Protection', 'Good for: Oily Scalp']"
P474368,"['Vegan', 'Hydrating', 'All Hair Types', 'Good for: Frizz', 'Without Sulfates SLS & SLES', 'Increases Shine']"
P469205,"['Good for: Volume', 'Natural Finish', 'Heat Protection', 'UV Protection', 'All Hair Types', 'Vegan']"
P469103,"['Vegan', 'Good for: Color Care', 'Hydrating', 'All Hair Types', 'UV Protection', 'Prevents Color Fading']"
P469062,"['Vegan', 'Hydrating', 'Heat Protection', 'Curl-Enhancing', 'Good for: Frizz', 'Curly Hair']"
P504624,"['Good for: Damage', 'Vegan', 'All Hair Types', 'Good for: Dryness', 'Without Silicones', 'Without Sulfates SLS & SLES']"
P504434,"['Recyclable Packaging', 'All Hair Types', 'Good for: Frizz', 'Increases Shine']"
P469102,"['Good for: Volume', 'Heat Protection', 'All Hair Types', 'Hydrating', 'Light Hold', 'Vegan']"
P504619,"['Good for: Damage', 'Vegan', 'allure 2022 Best of Beauty Award Winner', 'Hyaluronic Acid', 'All Hair Types', 'Good for: Dryness']"
P471274,"['Good for: Damage', 'Vegan', 'Hydrating', 'All Hair Types', 'Reduces Brassiness', 'Without Sulfates SLS & SLES']"
P469182,"['Good for: Dullness/Uneven Texture', 'Hydrating', 'Good for: Dryness', 'Prevents Color Fading', 'Reduces Brassiness', 'Increases Shine']"
P504598,"['Good for: Damage', 'Vegan', 'allure 2022 Best of Beauty Award Winner', 'Hyaluronic Acid', 'All Hair Types', 'Good for: Dryness']"
P501779,"['Vegan', 'Volumizing', 'Natural Finish', 'Medium Hold', 'All Hair Types', 'Good for: Oily Scalp']"
P504436,"['Volumizing', 'Recyclable Packaging', 'All Hair Types', 'Good for: Frizz', 'Without Sulfates SLS & SLES', 'Increases Shine']"
P504457,No Highlights
P297524,"['Vegan', 'Good for: Pores', 'Clean at Sephora', 'Best for Oily, Combo, Normal Skin']"
P297516,"['Vegan', 'Best for Combination Skin', 'Community Favorite', 'Oil Free']"
P378852,"['Vegan', 'Good for: Dullness/Uneven Texture', 'Clean at Sephora']"
P422536,No Highlights
P397890,No Highlights
P297517,"['Vegan', 'Clean at Sephora', 'Good for: Acne/Blemishes']"
P440925,"['Vegan', 'Clean at Sephora', 'Good for: Dryness']"
P386197,"['Vegan', 'Good for: Dullness/Uneven Texture', 'Clean at Sephora', 'Oil Free', 'Best for Oily, Combo, Normal Skin', 'Gluten Free']"
P434360,"['Vegan', 'Good for: Dullness/Uneven Texture', 'Clean at Sephora', 'AHA/Glycolic Acid', 'Best for Dry, Combo, Normal Skin']"
P446421,No Highlights
P433444,"['Best for Combination Skin', 'Good for: Dullness/Uneven Texture', 'Good for: Pores', 'Clean at Sephora', 'Good for: Dryness', 'Without Parabens']"
P297551,"['Best for Oily Skin', 'Clean at Sephora']"
P475589,"['Vegan', 'Good for: Dullness/Uneven Texture', 'Vitamin C', 'Good for: Dark Circles', 'Good for: Dryness', 'Niacinamide']"
P482298,"['Vegan', 'Good for: Redness', 'Hyaluronic Acid', 'Clean at Sephora', 'Good for: Dryness', 'Without Parabens']"
P297531,"['Vegan', 'Good for: Dullness/Uneven Texture', 'Clean at Sephora']"
P434361,"['Vegan', 'Clean at Sephora', 'AHA/Glycolic Acid']"
P462891,"['Vegan', 'Best for Combination Skin', 'Good for: Dullness/Uneven Texture', 'Hyaluronic Acid', 'Clean at Sephora']"
P468396,"['Vegan', 'Best for Combination Skin', 'Good for: Pores', 'Clean at Sephora', 'Good for: Anti-Aging', 'Niacinamide']"
P385253,"['Vegan', 'Clean at Sephora', 'Good for: Dryness', 'Good for: Dark spots']"
P375831,No Highlights
P394702,"['Vegan', 'Clean at Sephora', 'Good for: Anti-Aging']"
P440933,"['Vegan', 'Good for: Pores', 'Clean at Sephora', 'Best for Oily, Combo, Normal Skin']"
P502046,"['Vegan', 'Vitamin C', 'Hydrating', 'Clean at Sephora', 'Good for: Dryness', 'Niacinamide']"
P440929,"['Vegan', 'Good for: Dullness/Uneven Texture', 'Good for: Pores', 'Clean at Sephora', 'Best for Oily, Combo, Normal Skin']"
P440926,"['Vegan', 'Clean at Sephora', 'Good for: Dryness']"
P377919,"['Vegan', 'Unisex/ Genderless Scent', 'Cream Formula', 'Good for: Loss of firmness', 'Clean at Sephora', 'Good for: Anti-Aging']"
P471567,"['Vegan', 'Good for: Dullness/Uneven Texture', 'Good for: Pores', 'Clean at Sephora', 'Best for Oily, Combo, Normal Skin', 'Without Parabens']"
P401570,"['Vegan', 'Clean at Sephora', 'Good for: Dryness']"
P408241,"['Vegan', 'Good for: Loss of firmness', 'Clean at Sephora', 'Good for: Anti-Aging']"
P455004,"['Clean at Sephora', 'SPF']"
P409834,"['Vegan', 'Clean at Sephora', 'Best for Dry, Combo, Normal Skin', 'SPF']"
P409816,"['Vegan', 'Clean at Sephora', 'Best for Oily, Combo, Normal Skin', 'SPF']"
P470048,"['Vegan', 'Hyaluronic Acid', 'Good for: Pores', 'Clean at Sephora', 'Good for: Anti-Aging', 'Niacinamide']"
P475590,"['Vegan', 'Good for: Dullness/Uneven Texture', 'Vitamin C', 'Good for: Dark Circles', 'Good for: Dryness', 'Niacinamide']"
P442745,"['Vegan', 'Clean at Sephora', 'Retinol', 'Good for: Anti-Aging', 'Good for: Dark spots']"
P443550,"['Vegan', 'Clean at Sephora', 'Good for: Dryness']"
P443549,"['Clean at Sephora', 'Good for: Dryness', 'Good for: Redness', 'Vegan']"
P433446,No Highlights
P482058,"['Vegan', 'Good for: Redness', 'Hyaluronic Acid', 'Clean at Sephora', 'Good for: Dryness', 'Without Parabens']"
P474369,"['Vegan', 'Good for: Pores', 'Clean at Sephora', 'Good for: Acne/Blemishes', 'Best for Oily, Combo, Normal Skin']"
P465794,No Highlights
P465786,No Highlights
P465785,No Highlights
P465790,No Highlights
P465792,No Highlights
P471570,"['Woody & Earthy Scent', 'Vegan', 'Without Parabens', 'Without Phthalates']"
P477467,"['Vegan', 'Warm &Spicy Scent', 'Without Phthalates', 'Without Parabens', 'Cruelty-Free']"
P475594,"['Vegan', 'Cruelty-Free', 'Woody & Earthy Scent', 'Without Parabens', 'Without Phthalates']"
P475595,"['Floral Scent', 'Vegan', 'Cruelty-Free', 'Without Parabens', 'Without Phthalates']"
P483479,"['Vegan', 'Fresh Scent', 'Without Phthalates', 'Without Parabens', 'Cruelty-Free']"
P475592,"['Vegan', 'Cruelty-Free', 'Woody & Earthy Scent', 'Without Parabens', 'Without Phthalates']"
P471568,"['Vegan', 'Fresh Scent', 'Without Parabens', 'Without Phthalates']"
P475596,"['Vegan', 'Cruelty-Free', 'Warm &Spicy Scent', 'Without Parabens', 'Without Phthalates']"
P475593,"['Vegan', 'Cruelty-Free', 'Fresh Scent', 'Without Parabens', 'Without Phthalates']"
P457223,"['Floral Scent', 'All Hair Types', 'Without Sulfates SLS & SLES', 'Increases Shine', 'Good for: Oily Scalp', 'Cruelty-Free']"
P428222,"['Heat Protection', 'All Hair Types', 'Good for: Frizz', 'Good for: Dryness', 'Without Sulfates SLS & SLES', 'Cruelty-Free']"
P406922,"['Good for: Damage', 'Heat Protection', 'All Hair Types', 'Without Sulfates SLS & SLES', 'Increases Shine', 'Cruelty-Free']"
P434221,"['Floral Scent', 'All Hair Types', 'Good for: Dryness', 'Without Sulfates SLS & SLES', 'Cruelty-Free']"
P406665,"['Good for: Volume', 'Curl-Enhancing', 'All Hair Types', 'Good for: Frizz', 'Without Sulfates SLS & SLES', 'Cruelty-Free']"
P466430,"['Good for: Damage', 'Floral Scent', 'Good for: Dryness', 'Without Sulfates SLS & SLES', 'Increases Shine', 'Cruelty-Free']"
P419005,No Highlights
P483508,"['All Hair Types', 'Good for: Hair Thinning', 'Good for: Dryness', 'Without Parabens', 'Good for: Flaky/Dry Scalp', 'Cruelty-Free']"
P472330,"['Vegan', 'Without Phthalates', 'Good for: Dryness', 'Without Silicones', 'Without Sulfates SLS & SLES', 'Cruelty-Free']"
P420948,No Highlights
P455865,"['Good for: Damage', 'Unisex/ Genderless Scent', 'Good for: Volume', 'Good for: Dryness', 'Without Sulfates SLS & SLES', 'Cruelty-Free']"
P425999,No Highlights
P457420,"['Heat Protection', 'All Hair Types', 'Good for: Frizz', 'Good for: Dryness']"
P479723,"['Floral Scent', 'All Hair Types', 'Without Sulfates SLS & SLES', 'Increases Shine', 'Good for: Oily Scalp', 'Cruelty-Free']"
P406666,"['Light Hold', 'Floral Scent', 'Good for: Volume', 'Without Sulfates SLS & SLES', 'Good for: Oily Scalp', 'Cruelty-Free']"
P455864,"['Good for: Damage', 'Unisex/ Genderless Scent', 'Good for: Volume', 'Good for: Dryness', 'Without Sulfates SLS & SLES', 'Cruelty-Free']"
P458951,No Highlights
P436715,No Highlights
P411727,No Highlights
P452730,No Highlights
P427703,No Highlights
P430851,No Highlights
P449136,No Highlights
P466429,"['Good for: Damage', 'Floral Scent', 'Good for: Dryness', 'Without Sulfates SLS & SLES', 'Increases Shine', 'Cruelty-Free']"
P503707,"['Recyclable Packaging', 'All Hair Types', 'Salicylic Acid', 'Without Silicones', 'Good for: Flaky/Dry Scalp', 'Cruelty-Free']"
P462725,No Highlights
P407610,No Highlights
P449774,No Highlights
P479853,"['Cruelty-Free', 'Floral Scent', 'Hydrating', 'Without Sulfates SLS & SLES', 'Recyclable Packaging']"
P479852,"['Cruelty-Free', 'Floral Scent', 'Hydrating', 'Good for: Dryness', 'Without Sulfates SLS & SLES']"
P455862,"['Good for: Damage', 'Unisex/ Genderless Scent', 'Good for: Frizz', 'Good for: Dryness', 'Without Sulfates SLS & SLES', 'Cruelty-Free']"
P455863,"['Good for: Damage', 'Unisex/ Genderless Scent', 'Good for: Frizz', 'Good for: Dryness', 'Without Sulfates SLS & SLES', 'Cruelty-Free']"
P455860,"['Good for: Damage', 'Unisex/ Genderless Scent', 'Good for: Frizz', 'Good for: Dryness', 'Without Sulfates SLS & SLES', 'Cruelty-Free']"
P436716,No Highlights
P449773,No Highlights
P455861,No Highlights
P426000,No Highlights
P462726,No Highlights
P483509,"['Vegan', 'Refill Available', 'All Hair Types', 'Good for: Hair Thinning', 'Cruelty-Free']"
P466426,No Highlights
P473129,"['Fresh Scent', 'Vegan', 'Without Parabens', 'Without Phthalates', 'Layerable Scent']"
P471057,"['Vegan', 'Without Parabens', 'Without Silicones', 'Without Sulfates SLS & SLES']"
P469822,"['Good for: Frizz', 'Curl-Enhancing', 'Without Silicones', 'Coily Hair', 'Curly Hair', 'Wavy Hair']"
P458952,"['Good for: Volume', 'Good for: Oily Scalp', 'All Hair Types', 'Floral Scent', 'Cruelty-Free', 'Without Sulfates SLS & SLES']"
P466427,No Highlights
P473179,"['Vegan', 'Layerable Scent', 'Floral Scent', 'Without Phthalates', 'Without Parabens']"
P501195,"['Vegan', 'Woody & Earthy Scent', 'Good for: Hair Thinning', 'All Hair Types', 'Good for: Flaky/Dry Scalp', 'Cruelty-Free']"
P501256,"['Floral Scent', 'All Hair Types', 'Good for: Frizz', 'Good for: Flaky/Dry Scalp', 'Increases Shine', 'Cruelty-Free']"
P504188,"['Vegan', 'Without Phthalates', 'Good for: Dryness', 'Without Silicones', 'Without Sulfates SLS & SLES', 'Cruelty-Free']"
P466428,No Highlights
P469823,"['Fragrance Free', 'Curl-Enhancing', 'Without Silicones', 'Coily Hair', 'Curly Hair', 'Wavy Hair']"
P505016,"['Vegan', 'Hydrating', 'Good for: Dryness', 'Without Sulfates SLS & SLES', 'Cruelty-Free']"
P505045,"['Vegan', 'Hydrating', 'Without Parabens', 'Without Silicones', 'Without Sulfates SLS & SLES', 'Cruelty-Free']"
P466674,No Highlights
P455383,No Highlights
P455392,No Highlights
P269120,No Highlights
P389110,No Highlights
P475147,"['Cruelty-Free', 'Layerable Scent', 'Unisex/ Genderless Scent', 'Fresh Scent']"
P458631,No Highlights
P502064,"['Layerable Scent', 'Floral Scent']"
P431565,No Highlights
P472051,No Highlights
P504300,"['Layerable Scent', 'Floral Scent']"
P445811,No Highlights
P482059,"['Woody & Earthy Scent', 'Layerable Scent']"
P483097,"['Layerable Scent', 'Woody & Earthy Scent']"
P504336,"['Layerable Scent', 'Floral Scent']"
P503558,"['Layerable Scent', 'Floral Scent', 'Fresh Scent']"
P421813,No Highlights
P431852,"['Shimmer Finish', 'Hydrating', 'Community Favorite', 'Vegan', 'Black Owned at Sephora']"
P447519,"['Vegan', 'Natural Finish', 'Liquid Formula', 'Hydrating', 'Medium Coverage', 'Black Owned at Sephora']"
P86825294,"['Shimmer Finish', 'Matte Finish', 'Metallic Finish', 'Radiant Finish', 'allure 2019 Best of Beauty Award Winner', 'Black Owned at Sephora']"
P472489,"['Pressed Powder Formula', 'Matte Finish', 'Satin Finish', 'Without Sulfates SLS & SLES', 'Without Parabens', 'Black Owned at Sephora']"
P456106,"['Natural Finish', 'Full Coverage', 'Community Favorite', 'Black Owned at Sephora']"
P423696,No Highlights
P433500,No Highlights
P439070,No Highlights
P456107,"['Radiant Finish', 'Light Coverage', 'Good for: Dullness/Uneven Texture', 'Community Favorite', 'Black Owned at Sephora']"
P423646,No Highlights
P476899,"['High Shine Finish', 'Matte Finish', 'Black Owned at Sephora']"
P458276,"['Shimmer Finish', 'Matte Finish', 'Metallic Finish', 'Radiant Finish', 'Black Owned at Sephora']"
P440967,No Highlights
P423647,No Highlights
P423644,No Highlights
P475598,"['Matte Finish', 'Shimmer Finish', 'Metallic Finish', 'Satin Finish', 'High Shine Finish', 'Black Owned at Sephora']"
P432863,No Highlights
P461956,"['High Shine Finish', 'Hydrating', 'Black Owned at Sephora']"
P433003,"['allure 2018 Best of Beauty Award Winner', 'Radiant Finish', 'Black Owned at Sephora']"
P458774,No Highlights
P484065,"['Pressed Powder Formula', 'Metallic Finish', 'Shimmer Finish', 'Matte Finish', 'Black Owned at Sephora', 'Cruelty-Free']"
P462783,"['Satin Finish', 'Hydrating', 'Black Owned at Sephora']"
P501355,"['Stick Formula', 'Liquid Formula', 'Satin Finish']"
P449790,No Highlights
P468398,"['Liquid Formula', 'Matte Finish', 'Full Coverage', 'Black Owned at Sephora']"
P429405,"['Matte Finish', 'Waterproof', 'Vegan', 'Black Owned at Sephora']"
P500887,"['Pressed Powder Formula', 'Metallic Finish', 'Shimmer Finish', 'Satin Finish', 'Matte Finish', 'Cruelty-Free']"
P460745,"['Volumizing', 'Lengthening', 'Community Favorite', 'Black Owned at Sephora']"
P447770,No Highlights
P501350,No Highlights
P468706,No Highlights
P463924,No Highlights
P456108,No Highlights
P458775,No Highlights
P472486,"['Shimmer Finish', 'Matte Finish']"
P475597,"['Without Sulfates SLS & SLES', 'Without Parabens', 'Black Owned at Sephora']"
P447764,No Highlights
P468849,No Highlights
P484064,No Highlights
P500311,"['Radiant Finish', 'Pressed Powder Formula', 'Medium Coverage']"
P504181,"['Pressed Powder Formula', 'Metallic Finish']"
P504164,"['Pressed Powder Formula', 'Metallic Finish', 'Shimmer Finish', 'Matte Finish', 'Full Coverage']"
P504187,"['Radiant Finish', 'Pressed Powder Formula', 'Metallic Finish', 'Shimmer Finish', 'Matte Finish', 'Full Coverage']"
P503717,"['Pressed Powder Formula', 'Metallic Finish', 'Shimmer Finish', 'Matte Finish']"
P504908,"['Pressed Powder Formula', 'Metallic Finish', 'Shimmer Finish', 'Matte Finish', 'Cruelty-Free']"
P504179,"['Radiant Finish', 'High Shine Finish', 'Liquid Formula', 'Medium Coverage']"
P504909,"['Pressed Powder Formula', 'Matte Finish', 'Cruelty-Free']"
P504063,"['Stick Formula', 'Matte Finish', 'Long-wearing', 'Full Coverage']"
P458747,"['Vegan', 'Pressed Powder Formula', 'Natural Finish', 'Cream Formula', 'Hydrating', 'Long-wearing']"
P471059,"['Vegan', 'Pressed Powder Formula', 'Natural Finish', 'Cream Formula', 'allure 2021 Best of Beauty Award Winner']"
P473145,"['Cream Formula', 'Pressed Powder Formula', 'Matte Finish', 'Metallic Finish', 'Vegan']"
P502039,"['Pressed Powder Formula', 'Natural Finish', 'Cream Formula', 'Good for: Pores', 'Medium Coverage', 'Best for Oily, Combo, Normal Skin']"
P443623,"['High Shine Finish', 'Vegan']"
P443626,"['Hydrating', 'Vegan']"
P451937,"['Stick Formula', 'Matte Finish', 'Vegan', 'Long-wearing', 'Without Parabens']"
P481729,"['Plumping', 'Long-wearing', 'Liquid Formula', 'High Shine Finish', 'Hydrating']"
P483484,"['Pressed Powder Formula', 'Cream Formula', 'Shimmer Finish', 'Matte Finish', 'Cruelty-Free']"
P456592,"['Long-wearing', 'Natural Finish', 'Without Parabens', 'Vegan']"
P451938,"['Cream Formula', 'Matte Finish', 'Long-wearing', 'Without Parabens', 'Vegan']"
P474848,No Highlights
P454050,"['Liquid Formula', 'Vegan', 'Shimmer Finish', 'Hydrating', 'Without Parabens']"
P471060,No Highlights
P473146,No Highlights
P458748,"['Stick Formula', 'Matte Finish', 'Full Coverage', 'Long-wearing', 'Hydrating', 'Vegan']"
P461223,No Highlights
P458749,"['Stick Formula', 'Vegan', 'Matte Finish', 'Long-wearing', 'Without Parabens']"
P461222,"['Hydrating', 'Vegan']"
P461224,No Highlights
P456593,No Highlights
P451939,No Highlights
P502051,"['Vegan', 'Cruelty-Free']"
P504918,No Highlights
P446604,No Highlights
P501193,"['Natural Finish', 'Long-wearing', 'Cruelty-Free']"
P501156,No Highlights
P454062,No Highlights
P454061,No Highlights
P476724,"['Cruelty-Free', 'Vegan', 'Volumizing', 'Without Parabens']"
P475981,"['Recyclable Packaging', 'All Hair Types', 'Good for: Dryness']"
P475993,"['All Hair Types', 'Curl-Enhancing', 'Good for: Frizz']"
P474849,"['Light Hold', 'Curl-Enhancing', 'Good for: Frizz', 'Good for: Dryness', 'Curly Hair', 'Increases Shine']"
P475982,"['All Hair Types', 'Curl-Enhancing', 'Good for: Frizz']"
P474851,"['Medium Hold', 'Curl-Enhancing', 'Good for: Frizz', 'Coily Hair', 'Good for: Dryness', 'Without Sulfates SLS & SLES']"
P475992,"['All Hair Types', 'Curl-Enhancing', 'Coily Hair', 'Curly Hair']"
P475150,"['Good for: Color Care', 'Curl-Enhancing', 'Coily Hair', 'Good for: Dryness', 'Curly Hair', 'Without Parabens']"
P475978,"['Curl-Enhancing', 'Coily Hair', 'Curly Hair']"
P475986,"['Good for: Damage', 'Good for: Hair Thinning', 'Good for: Dryness', 'Curly Hair', 'Without Sulfates SLS & SLES', 'Increases Shine']"
P475994,"['All Hair Types', 'Curl-Enhancing', 'Coily Hair', 'Curly Hair']"
P474852,"['Medium Hold', 'Curl-Enhancing', 'Curly Hair', 'Without Parabens', 'Without Sulfates SLS & SLES', 'Increases Shine']"
P475974,"['All Hair Types', 'Good for: Frizz', 'Coily Hair', 'Good for: Dryness', 'Good for: Flaky/Dry Scalp', 'Increases Shine']"
P475996,"['Vegan', 'Curl-Enhancing', 'Good for: Dryness', 'Curly Hair', 'Without Parabens', 'Without Sulfates SLS & SLES']"
P475980,"['Curl-Enhancing', 'Coily Hair', 'Curly Hair']"
P501812,"['Coily Hair', 'Curly Hair', 'Without Formaldehydes', 'Wavy Hair', 'Without Parabens', 'Without Sulfates SLS & SLES']"
P475999,"['Light Hold', 'Curl-Enhancing', 'Good for: Frizz', 'Good for: Dryness', 'Curly Hair', 'Increases Shine']"
P501810,"['Curl-Enhancing', 'Coily Hair', 'Curly Hair', 'Without Formaldehydes', 'Without Parabens', 'Without Sulfates SLS & SLES']"
P475987,"['Fresh Scent', 'Curly Hair', 'Without Parabens', 'Without Sulfates SLS & SLES', 'Increases Shine', 'Good for: Flaky/Dry Scalp']"
P475976,"['Vegan', 'Curl-Enhancing', 'Good for: Dryness', 'Curly Hair', 'Without Parabens', 'Without Sulfates SLS & SLES']"
P475971,"['Good for: Color Care', 'Curl-Enhancing', 'Without Phthalates', 'Coily Hair', 'Curly Hair', 'Good for: Flaky/Dry Scalp']"
P477001,"['Medium Hold', 'Curl-Enhancing', 'Good for: Frizz', 'Coily Hair', 'Good for: Dryness', 'Without Sulfates SLS & SLES']"
P501798,"['Curl-Enhancing', 'Coily Hair', 'Curly Hair', 'Without Formaldehydes', 'Without Parabens', 'Without Sulfates SLS & SLES']"
P500996,"['Coily Hair', 'Curly Hair', 'Without Formaldehydes', 'Wavy Hair', 'Without Parabens', 'Without Sulfates SLS & SLES']"
P475983,"['All Hair Types', 'Curl-Enhancing', 'Coily Hair', 'Curly Hair']"
P475997,"['Medium Hold', 'Curl-Enhancing', 'Curly Hair', 'Without Parabens', 'Without Sulfates SLS & SLES', 'Increases Shine']"
P475988,"['Curl-Enhancing', 'Coily Hair', 'Curly Hair', 'Wavy Hair']"
P475149,"['Fresh Scent', 'Good for: Frizz', 'Curly Hair', 'Good for: Dryness', 'Without Parabens', 'Without Sulfates SLS & SLES']"
P475995,"['Curl-Enhancing', 'Curly Hair', 'Without Parabens', 'Without Sulfates SLS & SLES', 'Increases Shine', 'Strong Hold']"
P475970,"['Good for: Damage', 'Coily Hair', 'Good for: Dryness', 'Curly Hair', 'Increases Shine', 'Good for: Flaky/Dry Scalp']"
P475979,"['Curl-Enhancing', 'Coily Hair', 'Curly Hair']"
P474850,"['Without Phthalates', 'Coily Hair', 'Curly Hair', 'Without Formaldehydes', 'Without Parabens', 'Without Silicones']"
P480338,"['Medium Hold', 'Curl-Enhancing', 'Coily Hair', 'Without Parabens', 'Without Silicones', 'Increases Shine']"
P475990,"['Curl-Enhancing', 'Without Phthalates', 'Coily Hair', 'Good for: Dryness', 'Curly Hair', 'Without Formaldehydes']"
P475977,"['Curl-Enhancing', 'Curly Hair', 'Without Parabens', 'Without Sulfates SLS & SLES', 'Increases Shine', 'Strong Hold']"
P475985,"['Curl-Enhancing', 'Without Phthalates', 'Coily Hair', 'Curly Hair', 'Without Parabens', 'Without Silicones']"
P475973,"['Curl-Enhancing', 'Without Phthalates', 'Coily Hair', 'Curly Hair', 'Without Formaldehydes', 'Without Parabens']"
P481410,"['Good for: Damage', 'Good for: Hair Thinning', 'Good for: Dryness', 'Curly Hair', 'Without Sulfates SLS & SLES', 'Increases Shine']"
P475975,"['Good for: Damage', 'Coily Hair', 'Good for: Dryness', 'Curly Hair', 'Without Parabens', 'Good for: Flaky/Dry Scalp']"
P504846,['All Hair Types']
P475998,"['Good for: Color Care', 'Curl-Enhancing', 'Good for: Dryness', 'Curly Hair', 'Without Parabens', 'Without Sulfates SLS & SLES']"
P475989,"['Hydrating', 'Curl-Enhancing', 'Coily Hair', 'Good for: Dryness', 'Curly Hair', 'Without Parabens']"
P476000,"['Fresh Scent', 'Good for: Frizz', 'Curly Hair', 'Good for: Dryness', 'Without Parabens', 'Without Sulfates SLS & SLES']"
P475972,"['Good for: Color Care', 'Curl-Enhancing', 'Without Phthalates', 'Coily Hair', 'Good for: Dryness', 'Curly Hair']"
P475991,"['Without Phthalates', 'Curl-Enhancing', 'Coily Hair', 'Without Formaldehydes', 'Good for: Dryness', 'Curly Hair']"
P504842,"['Heat Protection', 'Coily Hair', 'Curly Hair', 'Wavy Hair', 'Without Parabens', 'Without Sulfates SLS & SLES']"
P504843,"['Curl-Enhancing', 'Curly Hair', 'Good for: Dryness', 'Increases Shine']"
P504841,"['All Hair Types', 'Curly Hair']"
P469502,"['Good for: Dullness/Uneven Texture', 'Good for: Pores', 'Fragrance Free', 'Salicylic Acid', 'Good for: Acne/Blemishes', 'Best for Oily, Combo, Normal Skin']"
P469506,"['Good for: Dullness/Uneven Texture', 'Vitamin C', 'Good for: Anti-Aging', 'Fragrance Free', 'Without Silicones', 'Good for: Dark spots']"
P469503,"['Good for: Dullness/Uneven Texture', 'Good for: Pores', 'Fragrance Free', 'Salicylic Acid', 'Good for: Acne/Blemishes', 'Best for Oily, Combo, Normal Skin']"
P469522,"['Good for: Anti-Aging', 'Matte Finish', 'Oil Free', 'Best for Oily, Combo, Normal Skin', 'SPF']"
P501288,"['Good for: Dullness/Uneven Texture', 'Hyaluronic Acid', 'Good for: Loss of firmness', 'Vitamin C', 'Good for: Dark Circles', 'Fragrance Free']"
P501282,"['Good for: Dullness/Uneven Texture', 'Cream Formula', 'Good for: Loss of firmness', 'Vitamin C', 'Good for: Anti-Aging', 'Fragrance Free']"
P482060,"['Good for: Anti-Aging', 'Matte Finish', 'Oil Free', 'Best for Oily, Combo, Normal Skin', 'SPF']"
P504433,"['Good for: Redness', 'Good for: Dullness/Uneven Texture', 'Good for: Loss of firmness', 'Good for: Anti-Aging', 'Fragrance Free', 'Without Parabens']"
P469510,"['Good for: Dullness/Uneven Texture', 'Good for: Loss of firmness', 'Retinol', 'Good for: Anti-Aging', 'Fragrance Free', 'Best for Dry, Combo, Normal Skin']"
P469519,"['Good for: Anti-Aging', 'Good for: Dryness', 'Best for Dry, Combo, Normal Skin', 'Hyaluronic Acid', 'Fragrance Free']"
P480627,"['Good for: Redness', 'Good for: Dullness/Uneven Texture', 'Fragrance Free', 'Salicylic Acid', 'Oil Free']"
P469511,"['Good for: Redness', 'Good for: Dullness/Uneven Texture', 'Good for: Pores', 'Fragrance Free', 'Best for Oily, Combo, Normal Skin', 'Niacinamide']"
P469507,"['Good for: Acne/Blemishes', 'Good for: Redness', 'Good for: Dullness/Uneven Texture', 'Salicylic Acid', 'Best for Dry, Combo, Normal Skin', 'Fragrance Free']"
P469520,"['Best for Oily, Combo, Normal Skin', 'Good for: Pores', 'Good for: Acne/Blemishes', 'Hyaluronic Acid', 'Cruelty-Free', 'Fragrance Free']"
P480628,"['Good for: Pores', 'Good for: Dullness/Uneven Texture', 'Good for: Dark spots', 'Niacinamide', 'Oil Free', 'Fragrance Free']"
P481348,"['Good for: Anti-Aging', 'Good for: Loss of firmness', 'Good for: Pores', 'Retinol', 'Oil Free', 'Fragrance Free']"
P471793,"['Good for: Dullness/Uneven Texture', 'Best for Dry Skin', 'Fragrance Free', 'Good for: Dryness']"
P469505,"['Best for Oily, Combo, Normal Skin', 'Good for: Acne/Blemishes', 'Good for: Pores', 'Salicylic Acid', 'Cruelty-Free', 'Fragrance Free']"
P473126,"['Good for: Dark spots', 'Niacinamide', 'Best for Dry, Combo, Normal Skin', 'Alcohol Free', 'Fragrance Free']"
P469528,"['allure 2021 Best of Beauty Award Winner', 'Good for: Pores', 'Good for: Anti-Aging', 'Good for: Acne/Blemishes', 'Salicylic Acid', 'AHA/Glycolic Acid']"
P469524,"['Good for: Anti-Aging', 'Matte Finish', 'Fragrance Free', 'Best for Oily, Combo, Normal Skin', 'SPF', 'Cruelty-Free']"
P469517,"['Best for Oily, Combo, Normal Skin', 'Good for: Acne/Blemishes', 'Good for: Pores', 'Good for: Redness', 'Without Silicones', 'Niacinamide']"
P469513,"['Best for Oily, Combo, Normal Skin', 'Good for: Acne/Blemishes', 'Good for: Pores', 'Salicylic Acid', 'Cruelty-Free', 'Fragrance Free']"
P469515,"['Best for Oily, Combo, Normal Skin', 'Good for: Acne/Blemishes', 'Good for: Pores', 'Good for: Redness', 'Fragrance Free', 'Oil Free']"
P481390,"['Hydrating', 'Good for: Dryness', 'Good for: Dullness/Uneven Texture', 'Best for Dry, Combo, Normal Skin', 'Alcohol Free', 'Fragrance Free']"
P469527,"['Good for: Dullness/Uneven Texture', 'Good for: Dark Circles', 'Good for: Dryness', 'allure 2019 Best of Beauty Award Winner', 'Cruelty-Free', 'Fragrance Free']"
P469516,"['Matte Finish', 'Good for: Anti-Aging', 'Good for: Acne/Blemishes', 'Oil Free', 'Best for Oily, Combo, Normal Skin', 'SPF']"
P469525,"['allure 2018 Best of Beauty Award Winner', 'Good for: Anti-Aging', 'Best for Dry, Combo, Normal Skin', 'Good for: Dryness', 'Fragrance Free', 'Vegan']"
P469514,"['Good for: Acne/Blemishes', 'Good for: Pores', 'Good for: Dullness/Uneven Texture', 'Salicylic Acid', 'Oil Free', 'Good for: Redness']"
P474970,"['Hyaluronic Acid', 'Hydrating', 'Satin Finish', 'Good for: Anti-Aging', 'Fragrance Free', 'Good for: Dryness']"
P469504,"['AHA/Glycolic Acid', 'Hyaluronic Acid', 'Best for Oily, Combo, Normal Skin', 'Good for: Dullness/Uneven Texture', 'Good for: Anti-Aging', 'Good for: Dryness']"
P469508,"['Hyaluronic Acid', 'Good for: Dryness', 'Best for Dry, Combo, Normal Skin', 'Fragrance Free', 'Good for: Loss of firmness']"
P469526,"['Good for: Dark Circles', 'Good for: Dullness/Uneven Texture', 'Good for: Dryness', 'Oil Free', 'Cruelty-Free', 'Fragrance Free']"
P469512,"['Vitamin C', 'Retinol', 'Good for: Anti-Aging', 'Good for: Loss of firmness', 'Good for: Dark Circles', 'Best for Dry, Combo, Normal Skin']"
P469518,"['Good for: Anti-Aging', 'Good for: Loss of firmness', 'Retinol', 'Best for Dry, Combo, Normal Skin', 'Fragrance Free', 'Without Silicones']"
P469521,"['Best for Oily, Combo, Normal Skin', 'Good for: Pores', 'Good for: Anti-Aging', 'Good for: Dullness/Uneven Texture', 'Niacinamide', 'Hyaluronic Acid']"
P469523,"['Good for: Anti-Aging', 'Best for Oily, Combo, Normal Skin', 'Good for: Pores', 'Good for: Acne/Blemishes', 'Oil Free', 'Vitamin C']"
P481347,"['Good for: Acne/Blemishes', 'Good for: Redness', 'Salicylic Acid', 'Niacinamide', 'Without Triclosan', 'Alcohol Free']"
P481350,"['Good for: Anti-Aging', 'Good for: Dullness/Uneven Texture', 'Good for: Dark spots', 'Retinol', 'Salicylic Acid', 'Fragrance Free']"
P421275,"['Good for: Redness', 'allure 2019 Best of Beauty Award Winner', 'Clean at Sephora', 'Good for: Acne/Blemishes', 'Salicylic Acid', 'Without Sulfates SLS & SLES']"
P428250,"['Best for Oily Skin', 'Good for: Pores', 'Clean at Sephora', 'Best for Oily, Combo, Normal Skin', 'Without Parabens', 'Cruelty-Free']"
P467038,"['Vegan', 'Good for: Loss of firmness', 'Good for: Dark Circles', 'Clean at Sephora', 'Good for: Anti-Aging', 'Retinol']"
P500757,"['Vegan', 'Hyaluronic Acid', 'Clean at Sephora', 'Good for: Anti-Aging', 'Retinol', 'Best for Oily, Combo, Normal Skin']"
P503721,"['Vegan', 'Clean at Sephora', 'Good for: Acne/Blemishes', 'Salicylic Acid', 'Best for Oily, Combo, Normal Skin', 'Cruelty-Free']"
P472052,"['Hyaluronic Acid', 'Clean at Sephora', 'Good for: Anti-Aging', 'Good for: Acne/Blemishes', 'Good for: Dark spots', 'Niacinamide']"
P479340,"['Vegan', 'Good for: Dullness/Uneven Texture', 'Good for: Loss of firmness', 'Clean at Sephora', 'Retinol', 'Good for: Anti-Aging']"
P501781,"['Vegan', 'Good for: Redness', 'Good for: Pores', 'Without Silicones', 'Niacinamide', 'Cruelty-Free']"
P480629,"['Vegan', 'Good for: Dullness/Uneven Texture', 'Clean at Sephora', 'AHA/Glycolic Acid', 'Good for: Dark spots', 'Cruelty-Free']"
P469530,"['Vegan', 'Good for: Dullness/Uneven Texture', 'Clean at Sephora', 'Salicylic Acid', 'Best for Oily, Combo, Normal Skin', 'Without Sulfates SLS & SLES']"
P474971,"['Vegan', 'Good for: Dullness/Uneven Texture', 'Clean at Sephora', 'Good for: Acne/Blemishes', 'Alcohol Free', 'Cruelty-Free']"
P465365,"['Vegan', 'Good for: Dark Circles', 'Clean at Sephora', 'Without Phthalates', 'Good for: Dryness', 'Without Parabens']"
P502997,"['Good for: Pores', 'Vitamin C', 'Clean at Sephora', 'Good for: Acne/Blemishes', 'Salicylic Acid', 'Niacinamide']"
P503683,"['Vegan', 'Clean at Sephora', 'Good for: Acne/Blemishes', 'Salicylic Acid', 'Best for Oily, Combo, Normal Skin', 'Cruelty-Free']"
P500856,"['Good for: Dullness/Uneven Texture', 'Good for: Loss of firmness', 'Good for: Dark Circles', 'Good for: Anti-Aging', 'Retinol', 'Best for Dry, Combo, Normal Skin']"
P415701,"['Best for Dry, Combo, Normal Skin', 'Good for: Dryness', 'Hyaluronic Acid', 'Alcohol Free', 'Oil Free', 'Fragrance Free']"
P377561,"['Good for: Dullness/Uneven Texture', 'Hyaluronic Acid', 'Good for: Loss of firmness', 'Good for: Pores', 'Without Sulfates SLS & SLES']"
P450917,"['Good for: Dullness/Uneven Texture', 'Hyaluronic Acid', 'Good for: Loss of firmness', 'Good for: Pores', 'Without Sulfates SLS & SLES']"
P39274,"['Best for Oily, Combo, Normal Skin', 'Good for: Dullness/Uneven Texture', 'Salicylic Acid', 'AHA/Glycolic Acid', 'Without Sulfates SLS & SLES']"
P449599,"['Best for Oily, Combo, Normal Skin', 'Good for: Dullness/Uneven Texture', 'Salicylic Acid', 'AHA/Glycolic Acid', 'Without Sulfates SLS & SLES']"
P114902,"['Good for: Pores', 'Good for: Acne/Blemishes', 'Best for Oily, Combo, Normal Skin', 'Without Sulfates SLS & SLES']"
P3617,"['Best for Oily Skin', 'Good for: Acne/Blemishes', 'Good for: Pores', 'Without Sulfates SLS & SLES']"
P458576,"['Without Oxybenzone', 'Hyaluronic Acid', 'Good for: Dullness/Uneven Texture', 'Good for: Anti-Aging', 'Good for: Dryness']"
P471065,"['Without Oxybenzone', 'Hyaluronic Acid', 'Good for: Dullness/Uneven Texture', 'Good for: Anti-Aging', 'Good for: Dryness']"
P428100,"['Good for: Dullness/Uneven Texture', 'Good for: Loss of firmness', 'Vitamin C', 'Good for: Anti-Aging', 'Without Sulfates SLS & SLES']"
P387261,"['Good for: Dullness/Uneven Texture', 'AHA/Glycolic Acid', 'Good for: Pores', 'Without Sulfates SLS & SLES']"
P453824,No Highlights
P283106,"['Good for: Anti-Aging', 'Good for: Loss of firmness', 'Vitamin C', 'Good for: Dark Circles', 'Without Retinyl Palmitate', 'Fragrance Free']"
P3550,"['Good for: Acne/Blemishes', 'Good for: Pores', 'Salicylic Acid', 'AHA/Glycolic Acid', 'Without Sulfates SLS & SLES']"
P474078,"['Good for: Acne/Blemishes', 'Good for: Pores', 'Salicylic Acid', 'AHA/Glycolic Acid', 'Without Sulfates SLS & SLES']"
P453823,No Highlights
P426312,"['Best for Dry, Combo, Normal Skin', 'Good for: Dryness', 'Hyaluronic Acid', 'Alcohol Free', 'Oil Free', 'Fragrance Free']"
P251529,No Highlights
P442741,No Highlights
P399932,No Highlights
P442742,No Highlights
P392608,No Highlights
P382204,"['Good for: Dryness', 'Good for: Redness', 'Best for Dry, Combo, Normal Skin', 'Without Sulfates SLS & SLES']"
P442743,"['Hydrating', 'Good for: Anti-Aging', 'Good for: Loss of firmness', 'Hyaluronic Acid']"
P467137,No Highlights
P271682,"['Good for: Anti-Aging', 'Good for: Loss of firmness', 'Good for: Pores', 'Vitamin C', 'Without Retinyl Palmitate', 'Fragrance Free']"
P479706,"['Good for: Dullness/Uneven Texture', 'Good for: Anti-Aging', 'AHA/Glycolic Acid', 'Retinol', 'Niacinamide', 'Collagen']"
P470243,"['Best for Oily, Combo, Normal Skin', 'Good for: Pores', 'Good for: Acne/Blemishes', 'Salicylic Acid', 'Without Sulfates SLS & SLES']"
P474079,No Highlights
P448719,No Highlights
P479705,"['Good for: Dullness/Uneven Texture', 'Good for: Anti-Aging', 'AHA/Glycolic Acid', 'Retinol', 'Niacinamide', 'Hyaluronic Acid']"
P462390,No Highlights
P412025,"['Hyaluronic Acid', 'Good for: Dark Circles', 'Good for: Anti-Aging', 'Without Sulfates SLS & SLES']"
P454102,"['Niacinamide', 'Good for: Dark spots', 'Good for: Pores', 'Best for Normal Skin', 'Without Sulfates SLS & SLES']"
P433456,No Highlights
P406104,"['Hyaluronic Acid', 'Good for: Loss of firmness', 'Good for: Dark Circles', 'Good for: Anti-Aging', 'Without Sulfates SLS & SLES']"
P433457,No Highlights
P423254,"['Good for: Dryness', 'Good for: Dark Circles', 'Hyaluronic Acid', 'Without Parabens', 'Fragrance Free', 'Good for: Anti-Aging']"
P482061,"['Good for: Dullness/Uneven Texture', 'Good for: Anti-Aging', 'Best for Dry, Combo, Normal Skin', 'Without Sulfates SLS & SLES']"
P503690,"['Hyaluronic Acid', 'Good for: Anti-Aging', 'Fragrance Free', 'Good for: Dryness', 'Best for Dry, Combo, Normal Skin', 'Alcohol Free']"
P500244,"['Hyaluronic Acid', 'Good for: Loss of firmness', 'Collagen', 'Good for: Anti-Aging', 'Without Parabens', 'Niacinamide']"
P503702,"['Natural Finish', 'Good for: Dullness/Uneven Texture', 'Good for: Loss of firmness', 'Good for: Pores', 'Good for: Anti-Aging', 'Long-wearing']"
P392607,No Highlights
P481142,"['Good for: Anti-Aging', 'Retinol', 'Vitamin C', 'Good for: Dullness/Uneven Texture', 'Best for Dry, Combo, Normal Skin', 'Without Retinyl Palmitate']"
P430812,"['Good for: Redness', 'Good for: Dullness/Uneven Texture', 'allure 2019 Best of Beauty Award Winner', 'Good for: Anti-Aging', 'Best for Dry, Combo, Normal Skin', 'Without Sulfates SLS & SLES']"
P481731,"['Good for: Dullness/Uneven Texture', 'Good for: Loss of firmness', 'Lactic Acid', 'Good for: Dryness', 'AHA/Glycolic Acid', 'Without Parabens']"
P505158,"['Without Oxybenzone', 'Good for: Dullness/Uneven Texture', 'Good for: Anti-Aging', 'Good for: Dryness', 'SPF', 'Best for Dry, Combo, Normal Skin']"
P410883,No Highlights
P440317,No Highlights
P471062,"['Hyaluronic Acid', 'Good for: Dark Circles', 'Good for: Anti-Aging', 'Fragrance Free', 'Good for: Dryness', 'Without Parabens']"
P457519,"['Good for: Dryness', 'Good for: Anti-Aging', 'Good for: Dark Circles', 'Hyaluronic Acid', 'Fragrance Free', 'Good for: Loss of firmness']"
P446101,No Highlights
P471064,"['Hyaluronic Acid', 'Good for: Pores', 'Good for: Acne/Blemishes', 'Best for Oily, Combo, Normal Skin', 'SPF', 'Without Sulfates SLS & SLES']"
P457520,"['Best for Normal Skin', 'Good for: Anti-Aging', 'Collagen', 'Without Sulfates SLS & SLES']"
P464799,No Highlights
P500127,"['Hyaluronic Acid', 'Plumping', 'Vitamin C', 'Good for: Anti-Aging', 'Fragrance Free', 'Good for: Dryness']"
P473185,"['Best for Dry, Combo, Normal Skin', 'Good for: Dryness', 'Hyaluronic Acid', 'Without Sulfates SLS & SLES', 'Hydrating']"
P474080,"['Best for Dry, Combo, Normal Skin', 'Good for: Dryness', 'Good for: Dullness/Uneven Texture', 'Hyaluronic Acid', 'Hydrating', 'Without Sulfates SLS & SLES']"
P502740,"['Hyaluronic Acid', 'Good for: Dullness/Uneven Texture', 'Good for: Pores', 'Good for: Anti-Aging', 'Good for: Dryness', 'Best for Dry, Combo, Normal Skin']"
P502725,"['Hyaluronic Acid', 'Good for: Loss of firmness', 'Good for: Anti-Aging', 'AHA/Glycolic Acid', 'Good for: Dryness', 'Best for Dry, Combo, Normal Skin']"
P501550,No Highlights
P482716,"['Warm &Spicy Scent', 'Clean at Sephora', 'Cruelty-Free']"
P482717,"['Warm &Spicy Scent', 'Clean at Sephora', 'Cruelty-Free']"
P503600,"['Layerable Scent', 'Clean at Sephora', 'Cruelty-Free']"
P501353,"['Unisex/ Genderless Scent', 'Clean at Sephora', 'Cruelty-Free']"
P482715,"['Layerable Scent', 'Clean at Sephora', 'Cruelty-Free']"
P502693,"['Woody & Earthy Scent', 'Clean at Sephora']"
P503911,"['Vegan', 'Warm &Spicy Scent', 'Clean at Sephora', 'Cruelty-Free']"
P482726,"['Floral Scent', 'Clean at Sephora', 'Cruelty-Free']"
P482724,"['Floral Scent', 'Clean at Sephora', 'Cruelty-Free']"
P502652,"['Woody & Earthy Scent', 'Clean at Sephora']"
P482725,"['Floral Scent', 'Clean at Sephora', 'Cruelty-Free']"
P482727,"['Floral Scent', 'Clean at Sephora', 'Cruelty-Free']"
P440207,"['Floral Scent', 'Clean at Sephora', 'Cruelty-Free']"
P482720,"['Fresh Scent', 'Clean at Sephora', 'Cruelty-Free']"
P482718,"['Floral Scent', 'Clean at Sephora', 'Cruelty-Free']"
P447761,"['Floral Scent', 'Cruelty-Free', 'Clean at Sephora']"
P482721,"['Fresh Scent', 'Clean at Sephora', 'Cruelty-Free']"
P482719,"['Floral Scent', 'Clean at Sephora', 'Cruelty-Free']"
P502647,No Highlights
P432818,No Highlights
P446630,No Highlights
P398502,No Highlights
P401158,No Highlights
P446629,No Highlights
P467969,"['Good for: Dullness/Uneven Texture', 'Good for: Loss of firmness', 'Good for: Pores', 'Good for: Anti-Aging', 'Good for: Dark spots']"
P398500,No Highlights
P467970,No Highlights
P476436,"['Good for: Pores', 'Good for: Anti-Aging', 'Good for: Loss of firmness', 'Good for: Acne/Blemishes']"
P376127,No Highlights
P501198,"['Refill Available', 'Floral Scent']"
P387903,No Highlights
P501173,"['Refill Available', 'Floral Scent']"
P502053,"['Refill Available', 'Floral Scent']"
P76001,No Highlights
P503187,No Highlights
P475152,"['Woody & Earthy Scent', 'Layerable Scent']"
P417974,No Highlights
P433656,No Highlights
P378660,No Highlights
P398365,No Highlights
P478314,"['Layerable Scent', 'Woody & Earthy Scent']"
P163102,No Highlights
P456192,"['Good for: Dullness/Uneven Texture', 'Good for: Dryness', 'Good for: Pores', 'CBD', 'Cruelty-Free', 'Clean + Planet Positive']"
P456193,"['Good for: Dullness/Uneven Texture', 'Good for: Anti-Aging', 'Hyaluronic Acid', 'CBD', 'Cruelty-Free', 'Clean + Planet Positive']"
P456216,"['Vegan', 'CBD', 'Clean + Planet Positive', 'Good for: Dryness', 'Cruelty-Free']"
P474854,"['Hydrating', 'Good for: Anti-Aging', 'Good for: Dullness/Uneven Texture', 'Vegan', 'Clean + Planet Positive', 'CBD']"
P456215,"['Vegan', 'CBD', 'Clean + Planet Positive', 'Cruelty-Free']"
P456217,"['Good for: Dryness', 'CBD', 'Cruelty-Free', 'Vegan', 'Clean + Planet Positive']"
P483684,"['Good for: Dryness', 'CBD', 'Cruelty-Free', 'Vegan', 'Clean + Planet Positive', 'Without Parabens']"
P504310,"['Vegan', 'CBD', 'Clean + Planet Positive', 'Good for: Dryness', 'Without Sulfates SLS & SLES', 'Cruelty-Free']"
P504644,"['Hyaluronic Acid', 'Good for: Pores', 'Customizable', 'Good for: Anti-Aging', 'SPF', 'Cruelty-Free']"
P461633,"['Good for: Damage', 'Vegan', 'Heat Protection', 'Good for: Dryness', 'Increases Shine', 'Cruelty-Free']"
P461601,"['Vegan', 'Good for: Color Care', 'All Hair Types', 'Good for: Dryness', 'Without Parabens', 'Without Sulfates SLS & SLES']"
P461603,"['Vegan', 'Good for: Color Care', 'All Hair Types', 'Good for: Dryness', 'Without Parabens', 'Without Sulfates SLS & SLES']"
P461610,"['Good for: Damage', 'Vegan', 'Good for: Color Care', 'All Hair Types', 'Without Parabens', 'Without Sulfates SLS & SLES']"
P461960,"['Vegan', 'Good for: Color Care', 'All Hair Types', 'Good for: Dryness', 'Prevents Color Fading', 'Without Sulfates SLS & SLES']"
P461611,"['Good for: Damage', 'Vegan', 'Good for: Color Care', 'All Hair Types', 'Without Parabens', 'Without Sulfates SLS & SLES']"
P461615,"['Good for: Damage', 'Vegan', 'Good for: Color Care', 'Heat Protection', 'All Hair Types', 'Without Parabens']"
P461605,"['Vegan', 'Good for: Color Care', 'All Hair Types', 'Good for: Dryness', 'Without Parabens', 'Without Sulfates SLS & SLES']"
P461606,"['Vegan', 'Good for: Color Care', 'All Hair Types', 'Good for: Dryness', 'Prevents Color Fading', 'Without Sulfates SLS & SLES']"
P461616,"['Good for: Damage', 'Vegan', 'Good for: Color Care', 'All Hair Types', 'Without Parabens']"
P461602,No Highlights
P461614,"['Good for: Damage', 'Vegan', 'Good for: Color Care', 'All Hair Types', 'Without Parabens', 'Without Sulfates SLS & SLES']"
P461634,"['Vegan', 'Good for: Color Care', 'Good for: Dryness', 'Good for: Frizz', 'Without Parabens', 'Without Sulfates SLS & SLES']"
P461604,No Highlights
P461608,"['Vegan', 'Good for: Color Care', 'All Hair Types', 'Good for: Dryness', 'Without Parabens', 'Without Sulfates SLS & SLES']"
P461629,"['Vegan', 'Good for: Color Care', 'All Hair Types', 'Good for: Dryness', 'Without Parabens', 'Without Sulfates SLS & SLES']"
P474855,"['Vegan', 'Good for: Color Care', 'Prevents Color Fading', 'Reduces Brassiness', 'Increases Shine', 'Cruelty-Free']"
P461618,"['Good for: Damage', 'Vegan', 'Good for: Color Care', 'All Hair Types', 'Without Parabens']"
P461613,"['Good for: Damage', 'Vegan', 'Good for: Color Care', 'All Hair Types', 'Without Parabens']"
P461620,"['Vegan', 'Good for: Color Care', 'Good for: Volume', 'All Hair Types', 'Without Parabens']"
P461631,"['Vegan', 'Good for: Color Care', 'All Hair Types', 'Good for: Dryness', 'Without Parabens', 'Without Sulfates SLS & SLES']"
P461607,"['Vegan', 'Good for: Color Care', 'All Hair Types', 'Good for: Dryness', 'Without Parabens', 'Without Sulfates SLS & SLES']"
P461642,"['Vegan', 'Good for: Color Care', 'Heat Protection', 'Good for: Frizz', 'Without Parabens', 'Without Sulfates SLS & SLES']"
P474856,"['Vegan', 'Good for: Color Care', 'Prevents Color Fading', 'Reduces Brassiness', 'Without Sulfates SLS & SLES', 'Increases Shine']"
P461624,"['Vegan', 'Good for: Color Care', 'All Hair Types', 'Good for: Frizz', 'Without Parabens']"
P461641,"['Vegan', 'Good for: Color Care', 'All Hair Types', 'Good for: Dryness', 'Without Parabens', 'Without Sulfates SLS & SLES']"
P461635,"['Vegan', 'Good for: Color Care', 'All Hair Types', 'Without Parabens', 'Without Sulfates SLS & SLES', 'Good for: Oily Scalp']"
P461617,No Highlights
P461628,"['Vegan', 'Good for: Color Care', 'All Hair Types', 'Good for: Frizz', 'Without Parabens', 'Without Sulfates SLS & SLES']"
P461626,"['Vegan', 'Good for: Color Care', 'Heat Protection', 'Good for: Frizz', 'Without Parabens', 'Without Sulfates SLS & SLES']"
P461622,"['Vegan', 'Good for: Color Care', 'Good for: Volume', 'All Hair Types', 'Without Parabens']"
P461609,No Highlights
P503824,"['Vegan', 'Good for: Color Care', 'All Hair Types', 'Good for: Dryness', 'Without Parabens', 'Without Sulfates SLS & SLES']"
P461636,No Highlights
P461619,No Highlights
P461637,"['Vegan', 'Medium Hold', 'Good for: Color Care', 'All Hair Types', 'Without Parabens', 'Without Sulfates SLS & SLES']"
P461643,"['Vegan', 'Good for: Color Care', 'Good for: Volume', 'All Hair Types', 'Without Parabens', 'Without Sulfates SLS & SLES']"
P461639,"['Vegan', 'Good for: Color Care', 'Good for: Volume', 'All Hair Types', 'Without Parabens', 'Without Sulfates SLS & SLES']"
P474082,No Highlights
P503823,"['Good for: Damage', 'Vegan', 'Heat Protection', 'Good for: Dryness', 'Increases Shine', 'Cruelty-Free']"
P474081,No Highlights
P448446,No Highlights
P407493,No Highlights
P6463,No Highlights
P9009,No Highlights
P380994,No Highlights
P474083,No Highlights
P36740,No Highlights
P408252,No Highlights
P474084,No Highlights
P460784,No Highlights
P500911,No Highlights
P481335,"['Vegan', 'Good for: Dullness/Uneven Texture', 'Good for: Loss of firmness', 'Clean at Sephora', 'Good for: Anti-Aging', 'Good for: Dark spots']"
P481354,"['Vegan', 'Good for: Loss of firmness', 'Hydrating', 'Clean at Sephora', 'Good for: Anti-Aging', 'Good for: Dryness']"
P481336,"['Vegan', 'Radiant Finish', 'Good for: Dullness/Uneven Texture', 'Hydrating', 'Clean at Sephora', 'AHA/Glycolic Acid']"
P481363,"['Vegan', 'Good for: Dullness/Uneven Texture', 'Good for: Pores', 'Plumping', 'Clean at Sephora', 'Good for: Dryness']"
P481371,"['Vegan', 'Good for: Dullness/Uneven Texture', 'Plumping', 'Hydrating', 'Clean at Sephora', 'Good for: Dryness']"
P504446,"['Vegan', 'Good for: Loss of firmness', 'Hydrating', 'Clean at Sephora', 'Good for: Anti-Aging', 'Good for: Dryness']"
P481374,"['Good for: Damage', 'Good for: Volume', 'Clean at Sephora', 'Good for: Hair Thinning', 'Good for: Flaky/Dry Scalp', 'Increases Shine']"
P481401,"['Vegan', 'Best for Dry Skin', 'Hydrating', 'Clean at Sephora', 'Good for: Dryness', 'Fragrance Free']"
P502191,"['Vegan', 'Good for: Dullness/Uneven Texture', 'Good for: Loss of firmness', 'Clean at Sephora', 'Good for: Anti-Aging', 'Good for: Dark spots']"
P481368,"['Good for: Loss of firmness', 'Plumping', 'Clean at Sephora', 'Good for: Anti-Aging']"
P503881,"['Cream Formula', 'Hyaluronic Acid', 'All Hair Types', 'Good for: Frizz', 'Good for: Dryness', 'Good for: Flaky/Dry Scalp']"
P503863,"['Vegan', 'Cream Formula', 'All Hair Types', 'Good for: Frizz', 'Good for: Dryness', 'Good for: Flaky/Dry Scalp']"
P502183,"['Vegan', 'Cream Formula', 'Floral Scent', 'Hydrating', 'Clean at Sephora', 'Good for: Dryness']"
P97989778,"['Radiant Finish', 'Liquid Formula', 'Community Favorite', 'Matte Finish', 'Long-wearing', 'Medium Coverage']"
P38855877,"['Light Coverage', 'Liquid Formula', 'Shimmer Finish', 'Long-wearing', 'Without Parabens', 'Vegan']"
P479343,"['Light Coverage', 'Vegan', 'Stick Formula', 'Natural Finish', 'Long-wearing', 'Without Parabens']"
P49848448,"['Natural Finish', 'Liquid Formula', 'Community Favorite', 'Medium Coverage', 'Best for Oily, Combo, Normal Skin', 'Without Parabens']"
P64546856,"['Medium Coverage', 'Liquid Formula', 'Radiant Finish', 'Best for Dry, Combo, Normal Skin', 'Without Parabens', 'Vegan']"
P467451,"['Vegan', 'Light Coverage', 'Cream Formula', 'Satin Finish', 'Without Parabens', 'Best for Dry, Combo, Normal Skin']"
P503711,"['Vegan', 'Pressed Powder Formula', 'Shimmer Finish', 'Long-wearing', 'Without Parabens']"
P87987897,No Highlights
P500636,"['Vegan', 'Hydrating', 'Long-wearing', 'Matte Finish', 'Cruelty-Free']"
P503714,"['Light Coverage', 'Vegan', 'Radiant Finish', 'Liquid Formula', 'Hydrating', 'Without Parabens']"
P11487778,"['Light Coverage', 'Cream Formula', 'Radiant Finish', 'Hydrating', 'Without Parabens', 'Vegan']"
P500637,"['Vegan', 'Hydrating', 'Long-wearing', 'Matte Finish', 'Cruelty-Free']"
P467449,"['Without Parabens', 'Vegan', 'Satin Finish', 'Light Coverage', 'Cream Formula', 'Best for Dry, Combo, Normal Skin']"
P17484987,"['Vegan', 'Best for Dry, Combo, Normal Skin']"
P475599,"['Volumizing', 'Curling', 'Lengthening', 'Long-wearing', 'Without Parabens', 'Vegan']"
P55849781,"['Light Coverage', 'Liquid Formula', 'Radiant Finish', 'Best for Dry, Combo, Normal Skin', 'Without Parabens', 'Vegan']"
P479345,"['Loose Powder Formula', 'Light Coverage', 'Natural Finish', 'Best for Oily, Combo, Normal Skin', 'Without Parabens', 'Vegan']"
P04141879,"['Vegan', 'Best for Dry, Combo, Normal Skin']"
P471074,"['Liquid Formula', 'Matte Finish', 'Good for: Pores', 'Hyaluronic Acid', 'Vegan']"
P77484859,"['Full Coverage', 'Liquid Formula', 'Matte Finish', 'Waterproof', 'Without Parabens', 'Vegan']"
P471075,"['Liquid Formula', 'Matte Finish', 'Good for: Pores', 'Hyaluronic Acid', 'Vegan']"
P479342,"['Vegan', 'Cruelty-Free']"
P467450,"['Vegan', 'Without Parabens', 'Waterproof', 'Satin Finish', 'Liquid Formula', 'Medium Coverage']"
P82858582,"['Light Coverage', 'Pressed Powder Formula', 'Natural Finish', 'Best for Dry, Combo, Normal Skin', 'Without Parabens', 'Vegan']"
P475600,"['Volumizing', 'Curling', 'Lengthening', 'Long-wearing', 'Without Parabens', 'Vegan']"
P47478987,"['Light Coverage', 'Liquid Formula', 'Radiant Finish', 'Best for Dry, Combo, Normal Skin', 'Without Parabens', 'Vegan']"
P501035,"['Light Coverage', 'Vegan', 'Radiant Finish', 'Liquid Formula', 'Without Parabens', 'Best for Dry, Combo, Normal Skin']"
P64888798,"['Light Coverage', 'Liquid Formula', 'Radiant Finish', 'Best for Dry, Combo, Normal Skin', 'Without Parabens', 'Vegan']"
P05048798,"['Medium Coverage', 'Waterproof', 'Matte Finish', 'Best for Dry, Combo, Normal Skin', 'Without Parabens', 'Vegan']"
P475604,"['Pressed Powder Formula', 'Waterproof', 'Natural Finish', 'Without Parabens', 'Vegan', 'Cruelty-Free']"
P479344,"['Vegan', 'Cruelty-Free']"
P471077,"['Liquid Formula', 'Natural Finish', 'Hydrating', 'Without Parabens', 'Vegan']"
P504015,"['Vegan', 'Cruelty-Free']"
P467448,"['Vegan', 'Best for Dry, Combo, Normal Skin']"
P79797874,No Highlights
P471076,"['Pressed Powder Formula', 'Shimmer Finish', 'Matte Finish', 'Without Parabens', 'Vegan']"
P64648789,"['Light Coverage', 'Natural Finish', 'Best for Dry, Combo, Normal Skin', 'Vegan']"
P504643,"['Vegan', 'Cruelty-Free']"
P39693963,"['Light Coverage', 'Pressed Powder Formula', 'Natural Finish', 'Best for Dry, Combo, Normal Skin', 'Without Parabens', 'Vegan']"
P505369,"['Vegan', 'Pressed Powder Formula', 'Shimmer Finish', 'Matte Finish', 'Medium Coverage', 'Without Parabens', 'Alcohol Free']"
P473120,"['Vegan', 'Natural Finish', 'Long-wearing']"
P483125,"['Matte Finish', 'Vegan', 'Cruelty-Free']"
P475605,"['Vegan', 'Cruelty-Free']"
P500449,"['Vegan', 'Radiant Finish', 'Good for: Redness', 'Hydrating', 'Niacinamide', 'Cruelty-Free']"
P483124,"['Recyclable Packaging', 'Hyaluronic Acid', 'High Shine Finish', 'Clean at Sephora', 'Cruelty-Free']"
P475156,"['Vegan', 'Radiant Finish', 'Cream Formula', 'Without Parabens', 'Cruelty-Free']"
P475158,"['Cream Formula', 'High Shine Finish', 'Without Parabens', 'Vegan', 'Cruelty-Free', 'Long-wearing']"
P501560,"['Vegan', 'Cruelty-Free']"
P483123,"['Vegan', 'Recyclable Packaging', 'Cruelty-Free']"
P475157,"['Vegan', 'Natural Finish', 'Cream Formula', 'Without Parabens', 'Cruelty-Free']"
P473174,"['Without Parabens', 'Natural Finish', 'Long-wearing', 'Vegan']"
P473118,"['Vegan', 'Without Parabens']"
P500494,"['Vegan', 'Radiant Finish', 'Hydrating', 'Cruelty-Free']"
P473119,"['Cream Formula', 'Matte Finish', 'Without Parabens', 'Vegan']"
P500162,"['Vegan', 'Loose Powder Formula', 'Natural Finish', 'Good for: Pores', 'Cruelty-Free']"
P203616,"['Good for: Dullness/Uneven Texture', 'Lactic Acid', 'Clean + Planet Positive', 'AHA/Glycolic Acid', 'Good for: Dark spots']"
P428095,"['Vegan', 'Recyclable Packaging', 'Good for: Dullness/Uneven Texture', 'Lactic Acid', 'Good for: Pores', 'Good for: Dark spots']"
P465368,"['Vegan', 'Recyclable Packaging', 'Good for: Dullness/Uneven Texture', 'Lactic Acid', 'Good for: Pores', 'Good for: Dark spots']"
P214002,"['Vegan', 'Good for: Redness', 'Best for Dry Skin', 'Clean + Planet Positive', 'Good for: Dryness']"
P436094,"['Good for: Redness', 'Good for: Dullness/Uneven Texture', 'Clean + Planet Positive', 'Hydrating', 'Good for: Dryness', 'Best for Dry, Combo, Normal Skin']"
P415620,"['Good for: Redness', 'Good for: Dullness/Uneven Texture', 'Clean + Planet Positive', 'Good for: Dryness', 'Gluten Free']"
P423666,"['Best for Oily, Combo, Normal Skin', 'Good for: Pores', 'Matte Finish', 'Without Silicones', 'Clean + Planet Positive']"
P457512,"['Good for: Dryness', 'Good for: Dark spots', 'Good for: Dullness/Uneven Texture', 'Good for: Loss of firmness', 'Best for Dry Skin', 'Clean + Planet Positive']"
P431845,"['Lactic Acid', 'Good for: Dullness/Uneven Texture', 'Good for: Dryness', 'Good for: Dark spots', 'Clean + Planet Positive']"
P442990,"['Clean + Planet Positive', 'UV Protection', 'Best for Oily, Combo, Normal Skin', 'SPF', 'Gluten Free']"
P481732,"['Vitamin C', 'Hyaluronic Acid', 'Good for: Dark spots', 'Good for: Dullness/Uneven Texture', 'Sustainable Packaging', 'Clean + Planet Positive']"
P467971,"['Good for: Dark Circles', 'Good for: Dryness', 'Hydrating', 'Vegan', 'Clean + Planet Positive']"
P475159,"['Clean + Planet Positive', 'Good for: Redness', 'Best for Oily, Combo, Normal Skin', 'Good for: Dryness', 'Gluten Free', 'Vegan']"
P454095,"['Clean + Planet Positive', 'Vegan', 'Good for: Dryness', 'Good for: Pores']"
P484067,"['Vegan', 'Good for: Redness', 'Good for: Loss of firmness', 'Clean + Planet Positive', 'Good for: Dryness', 'Best for Dry, Combo, Normal Skin']"
P436089,"['Good for: Dryness', 'Best for Normal Skin', 'Cruelty-Free', 'Clean at Sephora']"
P473172,"['Vegan', 'Clean + Planet Positive', 'Vitamin C']"
P474371,"['Clean + Planet Positive', 'Good for: Pores', 'Good for: Redness', 'Good for: Acne/Blemishes', 'Gluten Free']"
P504056,"['Good for: Dullness/Uneven Texture', 'Hyaluronic Acid', 'Plumping', 'Hydrating', 'Niacinamide']"
P476726,"['Vegan', 'Good for: Redness', 'Hydrating', 'Good for: Pores', 'Good for: Acne/Blemishes', 'Clean at Sephora']"
P437477,"['Sustainable Packaging', 'Good for: Redness', 'Clean at Sephora', 'Good for: Dryness', 'Best for Dry, Combo, Normal Skin', 'Cruelty-Free']"
P470049,"['Good for: Acne/Blemishes', 'Fragrance Free', 'Gluten Free', 'Cruelty-Free', 'Clean at Sephora']"
P455227,"['Good for: Dullness/Uneven Texture', 'Clean at Sephora', 'Good for: Anti-Aging', 'Good for: Dark spots', 'Cruelty-Free']"
P502047,"['Good for: Redness', 'Good for: Dullness/Uneven Texture', 'Clean at Sephora', 'Good for: Dryness', 'Best for Dry, Combo, Normal Skin']"
P501801,"['Vegan', 'Refill Available', 'Clean + Planet Positive', 'All Hair Types', 'Without Silicones', 'SPF']"
P504046,"['Vegan', 'Refill Available', 'Clean + Planet Positive', 'All Hair Types', 'Without Silicones', 'SPF']"
P408972,"['Medium Coverage', 'Cream Formula', 'Natural Finish', 'Hydrating', 'Clean at Sephora']"
P408973,"['Radiant Finish', 'Hydrating', 'Gluten Free', 'Clean at Sephora']"
P500051,"['Radiant Finish', 'Pressed Powder Formula', 'Clean at Sephora', 'Without Phthalates', 'Without Parabens', 'Without Silicones']"
P457458,"['Hydrating', 'Natural Finish', 'Long-wearing', 'Gluten Free', 'Clean at Sephora']"
P479707,"['Clean at Sephora', 'Vegan', 'Metallic Finish', 'Cream Formula', 'Cruelty-Free', 'Long-wearing']"
P450899,"['Natural Finish', 'Cream Formula', 'Hydrating', 'Clean at Sephora', 'Medium Coverage']"
P454033,"['Clean at Sephora', 'Shimmer Finish', 'Hydrating']"
P475606,"['Radiant Finish', 'Refill Available', 'Hydrating', 'Clean at Sephora', 'Without Silicones', 'Cruelty-Free']"
P501548,"['Natural Finish', 'Liquid Formula', 'Clean at Sephora', 'Long-wearing', 'Medium Coverage', 'Without Silicones']"
P472053,"['Volumizing', 'Clean at Sephora', 'Long-wearing', 'Lengthening']"
P472054,"['Volumizing', 'Clean at Sephora', 'Long-wearing', 'Lengthening']"
P476005,"['Radiant Finish', 'Cream Formula', 'Good for: Dullness/Uneven Texture', 'Hydrating', 'Clean at Sephora', 'Long-wearing']"
P480345,"['Light Coverage', 'Vegan', 'Radiant Finish', 'Good for: Dullness/Uneven Texture', 'Clean + Planet Positive', 'Hydrating']"
P476011,"['Radiant Finish', 'Good for: Dullness/Uneven Texture', 'Clean + Planet Positive', 'Good for: Dark Circles', 'Long-wearing', 'Medium Coverage']"
P482730,"['Vegan', 'Hyaluronic Acid', 'Clean + Planet Positive', 'Satin Finish', 'Hydrating', 'Long-wearing']"
P476008,"['Vegan', 'Plumping', 'Clean + Planet Positive', 'Hydrating', 'Matte Finish', 'Long-wearing']"
P504309,"['Radiant Finish', 'Good for: Dullness/Uneven Texture', 'Clean + Planet Positive', 'Hydrating', 'Good for: Anti-Aging', 'Reef Safe SPF']"
P500294,"['Vegan', 'Natural Finish', 'Cream Formula', 'Clean + Planet Positive', 'Hydrating']"
P481145,"['Good for: Dullness/Uneven Texture', 'Good for: Loss of firmness', 'Good for: Pores', 'Vitamin C', 'Clean + Planet Positive', 'Niacinamide']"
P500696,"['Vegan', 'Good for: Dark Circles', 'Good for: Dryness', 'Niacinamide']"
P476010,"['Vegan', 'Lactic Acid', 'Good for: Pores', 'Clean + Planet Positive', 'AHA/Glycolic Acid', 'Good for: Acne/Blemishes']"
P504315,"['Lactic Acid', 'Good for: Pores', 'Clean at Sephora', 'AHA/Glycolic Acid', 'Good for: Acne/Blemishes', 'Salicylic Acid']"
P481146,"['Light Coverage', 'Vegan', 'Radiant Finish', 'Good for: Dullness/Uneven Texture', 'Clean + Planet Positive', 'Hydrating']"
P500425,"['Vegan', 'Radiant Finish', 'Refill Available', 'Cream Formula', 'Clean + Planet Positive', 'Hydrating']"
P476009,"['Vegan', 'Good for: Dullness/Uneven Texture', 'Vitamin C', 'Clean + Planet Positive', 'Hydrating', 'Good for: Dryness']"
P481160,"['Vegan', 'Clean + Planet Positive', 'Hypoallergenic', 'Cruelty-Free']"
P481144,"['Good for: Dullness/Uneven Texture', 'Good for: Loss of firmness', 'Good for: Pores', 'Vitamin C', 'Clean + Planet Positive', 'Niacinamide']"
P476014,"['Vegan', 'Clean + Planet Positive']"
P502071,"['Clean + Planet Positive', 'Long-wearing', 'Lengthening', 'Curling', 'Without Silicones', 'Cruelty-Free']"
P476007,"['Vegan', 'Volumizing', 'Natural Finish', 'Clean + Planet Positive', 'Long-wearing']"
P476006,"['Vegan', 'Volumizing', 'Natural Finish', 'Clean + Planet Positive', 'Long-wearing']"
P502066,"['Refill Available', 'Shimmer Finish', 'Clean + Planet Positive', 'Satin Finish', 'Customizable', 'Cruelty-Free']"
P476013,"['Vegan', 'Clean + Planet Positive']"
P503331,"['Long-wearing', 'Lengthening', 'Curling', 'Without Silicones', 'Cruelty-Free']"
P476012,"['Vegan', 'Radiant Finish', 'Cream Formula', 'Clean + Planet Positive', 'Hydrating', 'Long-wearing']"
P502081,"['Vegan', 'Clean + Planet Positive', 'Hypoallergenic', 'Cruelty-Free']"
P482731,"['Vegan', 'Hyaluronic Acid', 'Clean + Planet Positive', 'Satin Finish', 'Hydrating', 'Long-wearing']"
P500325,"['Vegan', 'Clean + Planet Positive', 'Hypoallergenic', 'Cruelty-Free']"
P504594,"['Vegan', 'Clean + Planet Positive', 'Hydrating', 'Gluten Free', 'Cruelty-Free']"
P504283,"['Radiant Finish', 'Good for: Dullness/Uneven Texture', 'Clean + Planet Positive', 'Hydrating', 'Good for: Anti-Aging', 'Reef Safe SPF']"
P500333,"['Vegan', 'Clean + Planet Positive', 'Hypoallergenic', 'Cruelty-Free']"
P500426,"['Vegan', 'Radiant Finish', 'Refill Available', 'Cream Formula', 'Clean + Planet Positive', 'Hydrating']"
P468850,"['Hyaluronic Acid', 'Good for: Loss of firmness', 'Vitamin C', 'Good for: Anti-Aging', 'Niacinamide', 'Black Owned at Sephora']"
P470245,"['Good for: Dark spots', 'Good for: Dullness/Uneven Texture', 'AHA/Glycolic Acid', 'Lactic Acid', 'Hyaluronic Acid', 'Black Owned at Sephora']"
P470247,"['Good for: Acne/Blemishes', 'Good for: Pores', 'AHA/Glycolic Acid', 'Hyaluronic Acid', 'Niacinamide', 'Black Owned at Sephora']"
P470246,"['Good for: Redness', 'Good for: Dryness', 'Hyaluronic Acid', 'Niacinamide', 'Fragrance Free', 'Black Owned at Sephora']"
P470248,"['Good for: Anti-Aging', 'Good for: Dullness/Uneven Texture', 'Retinol', 'Hyaluronic Acid', 'Fragrance Free', 'Black Owned at Sephora']"
P480346,"['Vegan', 'Good for: Dullness/Uneven Texture', 'Hyaluronic Acid', 'Fragrance Free', 'Best for Oily, Combo, Normal Skin', 'Without Sulfates SLS & SLES']"
P500502,"['Good for: Dullness/Uneven Texture', 'Good for: Pores', 'Clean at Sephora', 'AHA/Glycolic Acid', 'Good for: Acne/Blemishes', 'Good for: Dark spots']"
P501778,"['Vegan', 'Good for: Dullness/Uneven Texture', 'Hyaluronic Acid', 'Fragrance Free', 'Best for Oily, Combo, Normal Skin', 'Without Sulfates SLS & SLES']"
P42204,No Highlights
P42205,"['Clean at Sephora', 'Hydrating']"
P266126,"['Clean at Sephora', 'Hydrating']"
P164932,"['Clean at Sephora', 'Hydrating']"
P392239,"['Clean at Sephora', 'Hydrating']"
P397465,No Highlights
P409407,"['Volumizing', 'Hydrating', 'Good for: Hair Thinning', 'Vegan', 'Cruelty-Free', 'Clean at Sephora']"
P453274,"['Vegan', 'Volumizing', 'Clean at Sephora', 'Without Silicones', 'Without Sulfates SLS & SLES', 'Cruelty-Free']"
P409419,"['UV Protection', 'Increases Shine', 'Vegan', 'Cruelty-Free', 'All Hair Types', 'Clean at Sephora']"
P409416,"['Clean at Sephora', 'All Hair Types']"
P409413,"['Good for: Damage', 'Hydrating', 'Good for: Dryness', 'Cruelty-Free', 'Vegan', 'Clean at Sephora']"
P409412,"['Good for: Frizz', 'Hydrating', 'Good for: Dryness', 'Cruelty-Free', 'Vegan', 'Clean at Sephora']"
P409418,"['Clean at Sephora', 'All Hair Types']"
P453275,"['Vegan', 'Volumizing', 'Clean at Sephora', 'Without Silicones', 'Without Sulfates SLS & SLES', 'Cruelty-Free']"
P409403,"['Volumizing', 'Vegan', 'Cruelty-Free', 'Without Sulfates SLS & SLES', 'Without Silicones', 'Clean at Sephora']"
P409404,"['Good for: Frizz', 'Hydrating', 'Good for: Dryness', 'Vegan', 'Cruelty-Free', 'Clean at Sephora']"
P453280,"['Vegan', 'Volumizing', 'Floral Scent', 'Clean at Sephora', 'Good for: Oily Scalp', 'Cruelty-Free']"
P428062,"['Curl-Enhancing', 'Good for: Volume', 'Vegan', 'Cruelty-Free', 'Without Parabens', 'Clean at Sephora']"
P453276,"['Vegan', 'Hydrating', 'Clean at Sephora', 'Good for: Frizz', 'Good for: Dryness', 'Cruelty-Free']"
P428061,"['Plumping', 'Good for: Anti-Aging', 'Good for: Hair Thinning', 'Good for: Damage', 'Increases Shine', 'Clean at Sephora']"
P428063,"['Plumping', 'Good for: Anti-Aging', 'Good for: Hair Thinning', 'Good for: Damage', 'Increases Shine', 'Clean at Sephora']"
P453279,"['Vegan', 'Hydrating', 'Clean at Sephora', 'Good for: Frizz', 'Good for: Dryness', 'Cruelty-Free']"
P409417,"['Wavy Hair', 'Good for: Volume', 'Vegan', 'Without Parabens', 'Cruelty-Free', 'Clean at Sephora']"
P483084,"['Vegan', 'Hyaluronic Acid', 'Good for: Frizz', 'Good for: Dryness', 'Without Parabens', 'Cruelty-Free']"
P453277,"['Vegan', 'Hydrating', 'Clean at Sephora', 'Good for: Frizz', 'Good for: Dryness', 'Cruelty-Free']"
P502055,"['Vegan', 'Hyaluronic Acid', 'Good for: Frizz', 'Good for: Dryness', 'Without Sulfates SLS & SLES', 'Cruelty-Free']"
P409406,"['Vegan', 'Hydrating', 'Clean at Sephora', 'Good for: Frizz', 'Good for: Dryness', 'Cruelty-Free']"
P483094,"['Volumizing', 'Good for: Hair Thinning', 'Cruelty-Free', 'Vegan', 'Without Parabens', 'Without Silicones']"
P502065,"['Vegan', 'Hyaluronic Acid', 'Good for: Frizz', 'Good for: Dryness', 'Without Parabens', 'Cruelty-Free']"
P502059,"['Vegan', 'Hyaluronic Acid', 'Good for: Frizz', 'Good for: Dryness', 'Without Parabens', 'Cruelty-Free']"
P469825,"['Vegan', 'Natural Finish', 'Clean + Planet Positive', 'Fragrance Free', 'Without Silicones']"
P468210,"['Light Coverage', 'Liquid Formula', 'Clean + Planet Positive', 'Hydrating', 'SPF', 'allure 2021: Clean Beauty Winner']"
P468206,"['Vegan', 'Radiant Finish', 'Liquid Formula', 'Clean + Planet Positive', 'Without Silicones']"
P472997,"['Natural Finish', 'Cream Formula', 'allure 2022 Clean Beauty Winner', 'Clean + Planet Positive', 'Hydrating', 'Best for Dry, Combo, Normal Skin']"
P468207,"['Vegan', 'Radiant Finish', 'Liquid Formula', 'Clean + Planet Positive', 'Without Silicones']"
P483685,"['Light Coverage', 'Radiant Finish', 'Liquid Formula', 'Clean + Planet Positive', 'Hydrating', 'Without Silicones']"
P473327,"['Vegan', 'Clean + Planet Positive']"
P480188,"['Loose Powder Formula', 'Radiant Finish', 'Clean + Planet Positive', 'Fragrance Free', 'Best for Oily, Combo, Normal Skin', 'Cruelty-Free']"
P501451,"['Stick Formula', 'Hyaluronic Acid', 'Clean + Planet Positive', 'Matte Finish', 'Full Coverage', 'Without Silicones']"
P468204,"['Clean + Planet Positive', 'Fragrance Free', 'Lengthening', 'Without Silicones']"
P480189,"['Vegan', 'Cruelty-Free']"
P468211,"['Liquid Formula', 'Clean + Planet Positive', 'Vitamin C', 'Hydrating', 'Reef Safe SPF', 'Cruelty-Free']"
P468208,"['Natural Finish', 'Clean + Planet Positive', 'Without Parabens', 'Without Silicones']"
P478730,"['Clean + Planet Positive', 'Fragrance Free', 'Lengthening', 'Without Parabens', 'Without Silicones']"
P503324,"['Liquid Formula', 'Clean + Planet Positive', 'Vitamin C', 'Hydrating', 'Reef Safe SPF', 'Cruelty-Free']"
P504907,"['Radiant Finish', 'Liquid Formula', 'Hydrating', 'Clean at Sephora', 'Medium Coverage', 'Cruelty-Free']"
P504884,"['Vegan', 'Clean at Sephora', 'Cruelty-Free']"
P444222,"['Good for: Dullness/Uneven Texture', 'Good for: Pores', 'Clean at Sephora', 'Good for: Anti-Aging', 'Cruelty-Free']"
P501321,"['Natural Finish', 'Good for: Pores', 'Clean at Sephora', 'Hydrating', 'Reef Safe SPF', 'Best for Dry, Combo, Normal Skin']"
P461491,"['CBD', 'Vitamin C', 'Clean at Sephora', 'Good for: Dark Circles', 'Good for: Anti-Aging', 'Cruelty-Free']"
P467972,"['Good for: Dullness/Uneven Texture', 'CBD', 'Vitamin C', 'Clean at Sephora', 'Good for: Dark spots', 'Cruelty-Free']"
P473723,"['Hyaluronic Acid', 'CBD', 'Best for Dry Skin', 'Vitamin C', 'Hydrating', 'Clean at Sephora']"
P451503,"['Good for: Redness', 'Good for: Dullness/Uneven Texture', 'CBD', 'Clean at Sephora', 'Good for: Dryness', 'Cruelty-Free']"
P482068,"['CBD', 'Good for: Loss of firmness', 'Clean at Sephora', 'Retinol', 'Good for: Anti-Aging', 'Best for Dry, Combo, Normal Skin']"
P501185,"['Vegan', 'High Shine Finish', 'Vitamin C', 'Hydrating', 'Clean at Sephora', 'Cruelty-Free']"
P504159,"['Vegan', 'Hyaluronic Acid', 'Good for: Loss of firmness', 'Hydrating', 'Clean at Sephora', 'Good for: Dryness']"
P281411,"['Liquid Formula', 'Community Favorite', 'Long-wearing', 'Matte Finish', 'Full Coverage']"
P430932,"['Pressed Powder Formula', 'Matte Finish', 'Shimmer Finish', 'Metallic Finish']"
P424915,No Highlights
P230234,"['Cream Formula', 'Long-wearing', 'Matte Finish', 'Waterproof']"
P377784,"['Matte Finish', 'Shimmer Finish', 'Metallic Finish', 'Waterproof', 'Long-wearing', 'Community Favorite']"
P409800,"['Clean at Sephora', 'Good for: Dryness', 'Best for Dry, Combo, Normal Skin']"
P284507,"['Stick Formula', 'Cream Formula', 'Clean at Sephora', 'Long-wearing', 'Without Parabens', 'Without Sulfates SLS & SLES']"
P415438,No Highlights
P401715,No Highlights
P266811,No Highlights
P395532,No Highlights
P286513,"['Natural Finish', 'Clean at Sephora', 'Long-wearing', 'Waterproof', 'Medium Coverage']"
P417985,No Highlights
P398009,"['Natural Finish', 'Good for: Redness', 'Good for: Dark Circles', 'Clean at Sephora', 'Medium Coverage', 'Best for Oily, Combo, Normal Skin']"
P403322,"['Vegan', 'High Shine Finish', 'Shimmer Finish', 'Hydrating', 'Without Parabens']"
P379509,"['Natural Finish', 'Hyaluronic Acid', 'Fragrance Free', 'Medium Coverage', 'Without Parabens']"
P433005,No Highlights
P467140,"['Natural Finish', 'Hyaluronic Acid', 'Hydrating', 'Long-wearing', 'Fragrance Free', 'Medium Coverage']"
P457430,No Highlights
P398001,No Highlights
P381155,No Highlights
P435832,No Highlights
P408017,No Highlights
P389120,No Highlights
P313020,No Highlights
P408606,No Highlights
P276319,No Highlights
P313012,"['Vegan', 'Medium Coverage', 'Liquid Formula', 'Cream Formula', 'Pressed Powder Formula']"
P420019,"['Vegan', 'Full Coverage', 'Liquid Formula', 'Cream Formula', 'Pressed Powder Formula']"
P310719,No Highlights
P467139,"['Metallic Finish', 'Satin Finish', 'Matte Finish']"
P456014,No Highlights
P443336,No Highlights
P442594,"['Vegan', 'Vitamin C', 'Clean + Planet Positive', 'Good for: Dryness', 'Best for Dry, Combo, Normal Skin']"
P472069,No Highlights
P417913,No Highlights
P432080,No Highlights
P420440,No Highlights
P420016,No Highlights
P439401,No Highlights
P448496,No Highlights
P474388,"['Natural Finish', 'Vegan', 'Fragrance Free', 'Without Mineral Oil']"
P500453,"['Vegan', 'Natural Finish', 'Liquid Formula', 'Clean at Sephora', 'Full Coverage']"
P417916,No Highlights
P443317,No Highlights
P420607,No Highlights
P428809,"['Vegan', 'Customizable']"
P479854,"['Long-wearing', 'Matte Finish', 'Waterproof']"
P474100,"['Vegan', 'Natural Finish', 'Clean at Sephora', 'Long-wearing']"
P443321,No Highlights
P455648,No Highlights
P303302,No Highlights
P429978,No Highlights
P446621,"['Vegan', 'Clean + Planet Positive']"
P455996,"['Vegan', 'Cruelty-Free', 'Sustainable Packaging']"
P404041,"['Vegan', 'Stick Formula', 'Cream Formula', 'Liquid Formula', 'Medium Coverage']"
P469079,No Highlights
P313034,No Highlights
P455653,No Highlights
P502975,"['Recyclable Packaging', 'Pressed Powder Formula', 'Cream Formula', 'Liquid Formula']"
P421234,No Highlights
P313009,"['Vegan', 'Light Coverage', 'Loose Powder Formula', 'Pressed Powder Formula', 'Cream Formula']"
P405521,No Highlights
P469055,No Highlights
P465813,No Highlights
P377785,No Highlights
P460855,No Highlights
P467142,"['Vegan', 'Loose Powder Formula', 'Natural Finish', 'Clean at Sephora', 'Fragrance Free', 'Without Parabens']"
P473328,"['Clean + Planet Positive', 'All Hair Types', 'Good for: Oily Scalp']"
P455650,"['Vegan', 'allure 2021 Best of Beauty Award Winner']"
P427017,No Highlights
P474101,"['Vegan', 'Cream Formula', 'Matte Finish', 'Long-wearing']"
P472065,No Highlights
P467144,"['Pressed Powder Formula', 'Metallic Finish', 'Shimmer Finish', 'Matte Finish']"
P438619,"['Vegan', 'Good for: Dullness/Uneven Texture', 'Hyaluronic Acid', 'Community Favorite', 'Clean + Planet Positive', 'Best for Dry, Combo, Normal Skin']"
P461515,"['Vegan', 'Clean at Sephora']"
P473329,"['Good for: Damage', 'Clean + Planet Positive', 'All Hair Types']"
P479855,"['Plumping', 'Shimmer Finish', 'Long-wearing', 'Hyaluronic Acid', 'Hydrating']"
P427367,No Highlights
P439601,No Highlights
P460723,"['Vegan', 'Good for: Dullness/Uneven Texture', 'Clean at Sephora', 'Good for: Dryness', 'Best for Dry, Combo, Normal Skin']"
P501339,"['Vegan', 'Cruelty-Free']"
P474372,"['Shimmer Finish', 'Vegan', 'Fragrance Free', 'Without Mineral Oil', 'Matte Finish']"
P406569,"['Vegan', 'Without Phthalates', 'Without Parabens', 'Cruelty-Free']"
P457433,No Highlights
P429283,No Highlights
P409080,No Highlights
P471089,No Highlights
P408602,No Highlights
P403632,No Highlights
P479856,"['Liquid Formula', 'Long-wearing', 'Shimmer Finish', 'Metallic Finish']"
P455661,No Highlights
P460716,No Highlights
P460719,No Highlights
P500744,"['Stick Formula', 'Hydrating', 'Clean at Sephora', 'Good for: Dryness', 'Best for Dry, Combo, Normal Skin']"
P438620,"['Vegan', 'Clean + Planet Positive', 'Good for: Dryness', 'Fragrance Free', 'Best for Dry, Combo, Normal Skin']"
P480190,"['Vegan', 'Clean at Sephora', 'Satin Finish', 'Medium Coverage']"
P457431,No Highlights
P379324,No Highlights
P471081,"['Light Coverage', 'Vegan', 'Cream Formula', 'Matte Finish']"
P442589,No Highlights
P442535,"['Vegan', 'Good for: Dullness/Uneven Texture', 'Clean + Planet Positive', 'AHA/Glycolic Acid', 'Best for Oily, Combo, Normal Skin']"
P460843,"['Vegan', 'Cruelty-Free']"
P503921,"['Vegan', 'Pressed Powder Formula']"
P471088,"['Floral Scent', 'Fresh Scent', 'Best for Dry, Combo, Normal Skin']"
P472055,No Highlights
P455652,No Highlights
P471080,"['Pressed Powder Formula', 'Metallic Finish', 'Shimmer Finish', 'Matte Finish']"
P438617,"['Best for Dry, Combo, Normal Skin', 'Good for: Dryness', 'Hyaluronic Acid', 'Fragrance Free', 'Vegan', 'Clean + Planet Positive']"
P438618,"['Clean + Planet Positive', 'Fragrance Free', 'Good for: Acne/Blemishes', 'Best for Dry, Combo, Normal Skin']"
P457429,"['allure 2020 Best of Beauty Award Winner', 'Liquid Formula', 'Clean at Sephora', 'Matte Finish', 'Medium Coverage', 'Salicylic Acid']"
P466443,"['Vegan', 'Volumizing', 'Long-wearing', 'Lengthening', 'Curling']"
P474085,"['Vegan', 'Cruelty-Free']"
P443328,"['Without Parabens', 'Waterproof', 'Satin Finish', 'Long-wearing', 'Liquid Formula']"
P420612,No Highlights
P479511,"['Vegan', 'Volumizing', 'Lengthening', 'Cruelty-Free']"
P460703,"['Vegan', 'Clean + Planet Positive']"
P467141,"['Without Parabens', 'Vegan', 'Satin Finish', 'Light Coverage', 'Hydrating']"
P460701,"['Best for Dry, Combo, Normal Skin', 'Good for: Dryness', 'Clean at Sephora', 'Community Favorite']"
P461523,"['Good for: Damage', 'Vegan', 'Good for: Color Care', 'Clean at Sephora', 'All Hair Types', 'Good for: Dryness']"
P454320,No Highlights
P432077,No Highlights
P460856,"['Good for: Dullness/Uneven Texture', 'Good for: Dark Circles', 'Clean at Sephora', 'Good for: Dryness', 'Best for Oily, Combo, Normal Skin']"
P469081,No Highlights
P454322,No Highlights
P471079,"['Light Coverage', 'Vegan', 'High Shine Finish', 'Shimmer Finish']"
P444610,"['Vegan', 'Loose Powder Formula', 'Pressed Powder Formula', 'Cream Formula', 'Liquid Formula']"
P482301,"['Vegan', 'Best for Dry, Combo, Normal Skin', 'Cruelty-Free']"
P469152,No Highlights
P483138,"['Vegan', 'Good for: Pores', 'Clean + Planet Positive', 'Fragrance Free', 'Salicylic Acid', 'Best for Oily, Combo, Normal Skin']"
P482303,"['Vegan', 'Cruelty-Free']"
P484071,"['Vegan', 'Stick Formula', 'Natural Finish', 'Long-wearing', 'Without Parabens']"
P467647,"['Vegan', 'Clean + Planet Positive']"
P483137,"['Clean + Planet Positive', 'Fragrance Free', 'Good for: Dark spots']"
P478524,"['Vegan', 'Cruelty-Free']"
P472060,No Highlights
P467652,"['Good for: Dryness', 'Vegan', 'Clean at Sephora']"
P454325,No Highlights
P471278,No Highlights
P455646,No Highlights
P474102,"['Good for: Dullness/Uneven Texture', 'Good for: Pores', 'Vegan', 'Fragrance Free']"
P445724,"['Vegan', 'Good for: Pores', 'Clean + Planet Positive', 'Good for: Acne/Blemishes', 'Best for Dry, Combo, Normal Skin']"
P420012,"['Cruelty-Free', 'Vegan']"
P455639,"['Vegan', 'Light Coverage', 'Stick Formula', 'Cream Formula', 'Liquid Formula']"
P501341,"['Vegan', 'Liquid Formula', 'Plumping', 'Hydrating']"
P467138,No Highlights
P455999,"['Cruelty-Free', 'Vegan']"
P439036,No Highlights
P469077,No Highlights
P437092,No Highlights
P455662,No Highlights
P503929,"['Light Coverage', 'Stick Formula', 'Matte Finish']"
P451198,No Highlights
P455660,No Highlights
P455643,No Highlights
P501346,"['Liquid Formula', 'Long-wearing', 'Matte Finish', 'Full Coverage']"
P455664,No Highlights
P444023,"['Vegan', 'Cruelty-Free', 'Sustainable Packaging']"
P479649,"['Vegan', 'Volumizing', 'Long-wearing']"
P501496,"['Vegan', 'Stick Formula', 'Satin Finish', 'Hydrating', 'Clean at Sephora', 'Long-wearing']"
P473725,"['Good for: Dullness/Uneven Texture', 'Clean + Planet Positive', 'AHA/Glycolic Acid', 'Salicylic Acid', 'Best for Oily, Combo, Normal Skin']"
P472057,No Highlights
P465809,No Highlights
P457442,"['Vegan', 'Clean at Sephora']"
P504429,"['Hyaluronic Acid', 'Liquid Formula', 'Clean + Planet Positive', 'Fragrance Free', 'Good for: Dryness']"
P501571,"['Vegan', 'Pressed Powder Formula', 'Satin Finish', 'Clean at Sephora', 'Matte Finish']"
P458724,No Highlights
P504421,"['Vegan', 'Hyaluronic Acid', 'Best for Dry Skin', 'Good for: Loss of firmness', 'Clean + Planet Positive']"
P455654,No Highlights
P474087,"['Vegan', 'Cruelty-Free']"
P469035,No Highlights
P501365,"['Sustainable Packaging', 'Pressed Powder Formula', 'Cream Formula']"
P472062,No Highlights
P479711,"['Cream Formula', 'Clean at Sephora', 'Good for: Dryness', 'Best for Dry, Combo, Normal Skin']"
P432079,No Highlights
P483136,"['Vegan', 'Good for: Loss of firmness', 'Clean + Planet Positive', 'Good for: Anti-Aging', 'Fragrance Free']"
P455657,No Highlights
P455219,"['Vegan', 'Clean + Planet Positive', 'Good for: Dryness', 'Best for Dry, Combo, Normal Skin']"
P473729,"['Best for Oily, Combo, Normal Skin', 'Good for: Acne/Blemishes', 'Good for: Dryness', 'Clean at Sephora']"
P479857,"['Pressed Powder Formula', 'Shimmer Finish', 'Vegan']"
P461514,"['Vegan', 'Clean at Sephora']"
P479459,"['Vegan', 'Sustainable Packaging', 'Cruelty-Free']"
P457432,No Highlights
P461522,"['Vegan', 'Good for: Pores', 'Clean at Sephora', 'Best for Oily, Combo, Normal Skin']"
P502459,"['Pressed Powder Formula', 'Shimmer Finish', 'Clean at Sephora', 'Matte Finish']"
P444020,No Highlights
P455655,No Highlights
P471090,"['Floral Scent', 'Fresh Scent']"
P502401,"['Pressed Powder Formula', 'Cream Formula']"
P443322,No Highlights
P473726,"['Good for: Dullness/Uneven Texture', 'Good for: Pores', 'Clean + Planet Positive', 'AHA/Glycolic Acid', 'Salicylic Acid', 'Best for Oily, Combo, Normal Skin']"
P465804,No Highlights
P471084,"['Vegan', 'Clean at Sephora', 'Good for: Dryness', 'Best for Dry, Combo, Normal Skin']"
P461520,"['Best for Dry Skin', 'Clean at Sephora', 'Good for: Dryness']"
P502419,"['Vegan', 'Loose Powder Formula', 'Pressed Powder Formula', 'Cruelty-Free']"
P500626,"['Clean + Planet Positive', 'Fragrance Free', 'Best for Dry, Combo, Normal Skin']"
P455656,No Highlights
P465803,No Highlights
P464804,No Highlights
P458732,No Highlights
P477748,"['Curling', 'Cruelty-Free']"
P454321,"['Volumizing', 'Natural Finish', 'Clean at Sephora', 'Long-wearing']"
P473331,"['Good for: Damage', 'All Hair Types', 'Good for: Frizz']"
P439672,No Highlights
P441524,No Highlights
P477742,"['Vegan', 'Cruelty-Free']"
P504431,"['Vegan', 'Good for: Dryness', 'Best for Dry, Combo, Normal Skin']"
P432076,No Highlights
P502487,"['Vegan', 'Cruelty-Free']"
P500791,"['Vegan', 'Cruelty-Free']"
P502986,"['Recyclable Packaging', 'Good for: Redness', 'Best for Oily, Combo, Normal Skin', 'Best for Dry, Combo, Normal Skin']"
P455659,No Highlights
P455212,No Highlights
P460554,"['Vegan', 'Best for Oily Skin', 'Good for: Loss of firmness', 'Clean at Sephora', 'Good for: Acne/Blemishes']"
P470542,"['Long-wearing', 'Customizable']"
P469196,No Highlights
P482302,"['Vegan', 'Cruelty-Free']"
P502967,"['Vegan', 'Recyclable Packaging', 'Cruelty-Free']"
P472066,No Highlights
P428275,No Highlights
P500897,"['Vegan', 'Clean + Planet Positive', 'All Hair Types', 'Good for: Frizz', 'Good for: Dryness', 'Increases Shine']"
P502417,"['Pressed Powder Formula', 'Shimmer Finish', 'Clean at Sephora', 'Matte Finish']"
P479497,"['Cruelty-Free', 'Vegan']"
P432078,No Highlights
P458283,No Highlights
P455663,No Highlights
P483146,"['Vegan', 'Good for: Dullness/Uneven Texture', 'Vitamin C', 'Clean + Planet Positive', 'Good for: Dryness', 'Best for Oily, Combo, Normal Skin']"
P445725,"['Vegan', 'Good for: Pores', 'Clean + Planet Positive', 'Good for: Acne/Blemishes', 'Best for Dry, Combo, Normal Skin']"
P469086,No Highlights
P502512,"['High Shine Finish', 'Shimmer Finish', 'Hydrating', 'Long-wearing']"
P503900,"['Pressed Powder Formula', 'Metallic Finish', 'Shimmer Finish', 'Clean at Sephora', 'Matte Finish']"
P479453,"['Vegan', 'Cruelty-Free']"
P502954,No Highlights
P432421,No Highlights
P500890,"['Good for: Damage', 'Clean + Planet Positive', 'All Hair Types', 'Good for: Frizz', 'Good for: Dryness', 'Increases Shine']"
P444013,No Highlights
P465808,No Highlights
P479460,No Highlights
P460724,"['Vegan', 'Clean at Sephora']"
P455658,No Highlights
P471082,"['Vegan', 'Loose Powder Formula', 'Shimmer Finish']"
P503570,"['Vegan', 'Cruelty-Free']"
P482734,"['Good for: Damage', 'Clean + Planet Positive', 'Heat Protection', 'Increases Shine']"
P461521,"['Best for Dry Skin', 'Clean at Sephora', 'Good for: Dryness']"
P455217,"['Vegan', 'Clean + Planet Positive']"
P456957,"['Vegan', 'Clean + Planet Positive']"
P473728,No Highlights
P467651,"['Best for Oily, Combo, Normal Skin', 'Good for: Pores', 'Salicylic Acid', 'Clean + Planet Positive']"
P484068,"['Vegan', 'Long-wearing', 'Fragrance Free', 'Without Parabens']"
P500907,"['Good for: Damage', 'All Hair Types', 'Good for: Frizz']"
P500787,"['Vegan', 'Clean + Planet Positive', 'Hydrating', 'Good for: Dryness', 'Best for Dry, Combo, Normal Skin', 'Cruelty-Free']"
P473724,"['Best for Dry, Combo, Normal Skin', 'Good for: Dryness', 'Good for: Dullness/Uneven Texture', 'Clean at Sephora']"
P445726,"['Vegan', 'Good for: Loss of firmness', 'Clean + Planet Positive', 'Fragrance Free', 'Best for Dry, Combo, Normal Skin']"
P502504,"['Liquid Formula', 'Long-wearing']"
P502473,"['Stick Formula', 'Metallic Finish', 'Satin Finish', 'Matte Finish', 'Full Coverage']"
P455215,"['Vegan', 'Clean + Planet Positive']"
P480986,"['Best for Dry, Combo, Normal Skin', 'Good for: Anti-Aging', 'Good for: Loss of firmness', 'Vegan', 'Clean + Planet Positive']"
P482312,No Highlights
P458733,No Highlights
P477714,"['Good for: Loss of firmness', 'Good for: Anti-Aging']"
P479688,"['Vegan', 'Good for: Dullness/Uneven Texture', 'Good for: Pores', 'Clean at Sephora', 'AHA/Glycolic Acid', 'Best for Oily, Combo, Normal Skin']"
P480347,"['Long-wearing', 'Without Formaldehydes']"
P465807,No Highlights
P469085,No Highlights
P502333,['Long-wearing']
P455220,"['Vegan', 'Clean + Planet Positive']"
P461195,"['Vegan', 'Clean at Sephora']"
P471085,"['Best for Normal Skin', 'Good for: Dark spots', 'Clean + Planet Positive']"
P503574,"['Vegan', 'Cruelty-Free']"
P446820,No Highlights
P483151,"['Vegan', 'Vitamin C', 'Good for: Dark Circles', 'Clean at Sephora', 'Good for: Dryness']"
P456548,"['All Hair Types', 'Good for: Frizz', 'UV Protection', 'Without Parabens', 'Vegan']"
P457441,"['Vegan', 'Clean + Planet Positive']"
P455993,No Highlights
P503907,"['High Shine Finish', 'Shimmer Finish', 'Clean at Sephora', 'Hydrating']"
P502509,"['Warm &Spicy Scent', 'Woody & Earthy Scent', 'Without Parabens', 'Without Sulfates SLS & SLES']"
P467650,"['Vegan', 'Clean + Planet Positive']"
P477798,No Highlights
P502515,"['Vegan', 'Volumizing', 'Lengthening', 'Without Parabens', 'Cruelty-Free']"
P473330,"['Good for: Damage', 'All Hair Types', 'Good for: Frizz']"
P483092,"['Best for Normal Skin', 'Good for: Pores', 'Good for: Dullness/Uneven Texture', 'AHA/Glycolic Acid', 'Vitamin C', 'Clean at Sephora']"
P457439,"['Vegan', 'Clean + Planet Positive']"
P448880,No Highlights
P500910,"['Good for: Damage', 'All Hair Types', 'Good for: Frizz']"
P471086,"['Best for Dry, Combo, Normal Skin', 'Good for: Anti-Aging', 'Clean + Planet Positive']"
P502481,"['Cream Formula', 'Shimmer Finish']"
P461200,"['Vegan', 'Clean at Sephora']"
P502386,"['Volumizing', 'Pressed Powder Formula']"
P503580,"['Vegan', 'Cruelty-Free']"
P446822,No Highlights
P500909,"['Good for: Damage', 'All Hair Types', 'Increases Shine']"
P437089,No Highlights
P479465,"['Cruelty-Free', 'Vegan']"
P502513,"['Vegan', 'Volumizing', 'Long-wearing', 'Lengthening', 'Cruelty-Free']"
P483075,"['Good for: Dullness/Uneven Texture', 'Good for: Acne/Blemishes', 'Fragrance Free', 'Vegan', 'Clean + Planet Positive']"
P479456,"['Vegan', 'Cruelty-Free']"
P461199,"['Clean at Sephora', 'Vegan']"
P474103,"['Best for Oily, Combo, Normal Skin', 'Matte Finish', 'Vegan', 'Fragrance Free']"
P469028,No Highlights
P472067,No Highlights
P500774,"['Good for: Pores', 'Clean + Planet Positive', 'Fragrance Free', 'Good for: Acne/Blemishes', 'Best for Oily, Combo, Normal Skin', 'Niacinamide']"
P460704,"['Vegan', 'Clean + Planet Positive']"
P504437,"['Good for: Dullness/Uneven Texture', 'Clean + Planet Positive', 'AHA/Glycolic Acid', 'Fragrance Free', 'Good for: Dryness', 'Best for Dry, Combo, Normal Skin']"
P504459,"['Vegan', 'Fresh Scent', 'Good for: Dryness', 'Best for Dry, Combo, Normal Skin']"
P464288,No Highlights
P460556,"['All Hair Types', 'Heat Protection', 'Hydrating', 'Vegan']"
P483090,"['Best for Dry, Combo, Normal Skin', 'Good for: Loss of firmness', 'Fragrance Free', 'Vegan', 'Clean + Planet Positive']"
P503904,"['Vegan', 'Volumizing', 'Long-wearing', 'Waterproof']"
P455994,No Highlights
P500743,"['Good for: Dullness/Uneven Texture', 'Good for: Loss of firmness', 'Clean at Sephora', 'Good for: Dryness', 'Best for Dry, Combo, Normal Skin']"
P458730,No Highlights
P482314,"['Fragrance Free', 'Best for Oily, Combo, Normal Skin']"
P500905,"['Good for: Damage', 'Clean + Planet Positive', 'All Hair Types', 'Good for: Dryness', 'Without Silicones', 'Increases Shine']"
P458728,No Highlights
P479502,"['Cruelty-Free', 'Vegan']"
P458729,No Highlights
P472068,No Highlights
P500785,"['Good for: Dullness/Uneven Texture', 'Clean + Planet Positive', 'Fragrance Free', 'Best for Dry, Combo, Normal Skin', 'Good for: Dark spots']"
P471083,"['Vegan', 'Without Sulfates SLS & SLES', 'Without Parabens', 'All Hair Types']"
P500847,"['Good for: Damage', 'Clean + Planet Positive', 'All Hair Types', 'Good for: Frizz', 'Good for: Dryness', 'Increases Shine']"
P482311,No Highlights
P504441,"['Vegan', 'Cream Formula', 'Good for: Dullness/Uneven Texture', 'Best for Dry Skin', 'Clean at Sephora', 'Best for Dry, Combo, Normal Skin']"
P477734,"['Vegan', 'Sustainable Packaging', 'Cruelty-Free']"
P444237,"['Clean at Sephora', 'Good for: Dryness', 'Best for Dry, Combo, Normal Skin']"
P482304,"['Without Phthalates', 'Without Formaldehydes', 'Without Parabens', 'Gluten Free', 'Cruelty-Free']"
P504447,"['Vegan', 'Liquid Formula', 'Clean + Planet Positive', 'Without Phthalates', 'Fragrance Free', 'Cruelty-Free']"
P502996,"['Recyclable Packaging', 'Good for: Redness', 'Best for Oily, Combo, Normal Skin', 'Best for Dry, Combo, Normal Skin']"
P479478,"['Vegan', 'Sustainable Packaging', 'Cruelty-Free']"
P482313,No Highlights
P467649,"['Clean at Sephora', 'Vegan']"
P483145,"['Good for: Dullness/Uneven Texture', 'Vitamin C', 'Clean + Planet Positive', 'Fragrance Free', 'Good for: Dryness', 'Best for Oily, Combo, Normal Skin']"
P454604,"['All Hair Types', 'Without Sulfates SLS & SLES', 'Without Parabens', 'Without Phthalates', 'Vegan']"
P500729,"['Vegan', 'Good for: Pores', 'Clean + Planet Positive', 'Fragrance Free', 'Salicylic Acid', 'Best for Oily, Combo, Normal Skin']"
P502984,"['Vegan', 'Recyclable Packaging', 'Best for Dry, Combo, Normal Skin', 'Cruelty-Free']"
P469064,"['Vegan', 'Without Phthalates', 'Without Parabens', 'Without Sulfates SLS & SLES']"
P482309,['Good for: Redness']
P504514,['Vegan']
P502989,"['Recyclable Packaging', 'Pressed Powder Formula', 'Cream Formula', 'Liquid Formula']"
P502842,"['Vegan', 'Good for: Dullness/Uneven Texture', 'Vitamin C', 'Clean + Planet Positive', 'AHA/Glycolic Acid', 'Best for Oily, Combo, Normal Skin']"
P454605,"['All Hair Types', 'Good for: Dryness', 'Without Sulfates SLS & SLES', 'Without Parabens', 'Without Phthalates', 'Vegan']"
P500763,"['Vegan', 'Clean at Sephora', 'Good for: Dryness']"
P474090,No Highlights
P472058,No Highlights
P503000,"['Best for Normal Skin', 'Recyclable Packaging', 'Good for: Redness', 'Best for Dry, Combo, Normal Skin']"
P504424,"['Vegan', 'Clean + Planet Positive', 'Good for: Acne/Blemishes', 'Salicylic Acid', 'Best for Oily, Combo, Normal Skin']"
P504417,"['Vegan', 'Clean + Planet Positive', 'Good for: Acne/Blemishes', 'Salicylic Acid', 'Best for Oily, Combo, Normal Skin']"
P427616,No Highlights
P422052,No Highlights
P444016,No Highlights
P370325,No Highlights
P411049,No Highlights
P500484,No Highlights
P504422,No Highlights
P501159,"['Hydrating', 'Good for: Anti-Aging', 'All Hair Types', 'Best for Oily, Combo, Normal Skin']"
P503819,"['Good for: Damage', 'Good for: Frizz', 'Increases Shine']"
P504323,No Highlights
P501286,"['Layerable Scent', 'Warm &Spicy Scent']"
P479652,No Highlights
P455926,"['Vegan', 'allure 2020 Best of Beauty Award Winner', 'Good for: Dullness/Uneven Texture', 'Good for: Anti-Aging', 'Retinol', 'Black Owned at Sephora']"
P455927,"['Vegan', 'allure 2020 Best of Beauty Award Winner', 'Good for: Dullness/Uneven Texture', 'Good for: Anti-Aging', 'Retinol', 'Black Owned at Sephora']"
P455929,"['Vegan', 'Good for: Dark Circles', 'Without Sulfates SLS & SLES', 'Black Owned at Sephora', 'Cruelty-Free']"
P467973,No Highlights
P478731,"['Vegan', 'Good for: Dullness/Uneven Texture', 'Lactic Acid', 'Good for: Pores', 'Best for Oily, Combo, Normal Skin', 'Cruelty-Free']"
P455930,"['Hyaluronic Acid', 'Good for: Loss of firmness', 'Without Mineral Oil', 'Best for Oily, Combo, Normal Skin', 'Black Owned at Sephora', 'Cruelty-Free']"
P471097,"['Vegan', 'Hyaluronic Acid', 'Good for: Loss of firmness', 'Good for: Anti-Aging', 'Fragrance Free', 'Black Owned at Sephora']"
P503920,"['Good for: Dullness/Uneven Texture', 'Lactic Acid', 'Good for: Pores', 'AHA/Glycolic Acid', 'Best for Oily, Combo, Normal Skin']"
P455931,"['Good for: Dullness/Uneven Texture', 'Good for: Pores', 'Best for Oily, Combo, Normal Skin', 'Alcohol Free', 'Niacinamide', 'Black Owned at Sephora']"
P502216,"['Good for: Loss of firmness', 'Good for: Anti-Aging', 'Good for: Acne/Blemishes', 'Good for: Dark spots', 'Black Owned at Sephora']"
P456398,"['Without Oxybenzone', 'Without Phthalates', 'SPF']"
P173726,No Highlights
P244437,"['Volumizing', 'allure 2018 Best of Beauty Award Winner', 'Lengthening', 'Curling']"
P429242,"['Without Phthalates', 'allure 2021 Best of Beauty Award Winner', 'Without Parabens', 'SPF']"
P448203,"['Good for: Anti-Aging', 'Good for: Dryness', 'Best for Dry, Combo, Normal Skin', 'Best for Oily, Combo, Normal Skin', 'Hyaluronic Acid', 'Without Silicones']"
P482739,"['Without Oxybenzone', 'Hyaluronic Acid', 'Good for: Anti-Aging', 'Good for: Dryness', 'Oil Free', 'SPF']"
P449106,"['allure 2019 Best of Beauty Award Winner', 'SPF', 'Long-wearing', 'Hydrating', 'Medium Coverage']"
P482742,"['Without Oxybenzone', 'Hyaluronic Acid', 'Good for: Anti-Aging', 'Good for: Dryness', 'SPF', 'Best for Dry, Combo, Normal Skin']"
P448202,"['Best for Dry Skin', 'Good for: Anti-Aging', 'Without Phthalates', 'Good for: Dryness', 'Without Parabens', 'Without Sulfates SLS & SLES']"
P463105,"['Retinol', 'Good for: Anti-Aging', 'Without Phthalates', 'Best for Dry, Combo, Normal Skin']"
P481164,"['Good for: Dryness', 'Hyaluronic Acid', 'Good for: Pores', 'Without Mineral Oil', 'Best for Oily, Combo, Normal Skin', 'Best for Dry, Combo, Normal Skin']"
P481161,"['Good for: Anti-Aging', 'Good for: Dryness', 'Good for: Dullness/Uneven Texture', 'Refill Available', 'Best for Dry, Combo, Normal Skin', 'Best for Oily, Combo, Normal Skin']"
P398736,No Highlights
P449107,"['Long-wearing', 'Medium Coverage', 'Natural Finish', 'Liquid Formula', 'Without Parabens', 'Without Phthalates']"
P456399,"['Without Oxybenzone', 'Without Mineral Oil', 'Without Phthalates', 'Without Parabens', 'SPF']"
P435415,"['allure 2019 Best of Beauty Award Winner', 'Long-wearing', 'Without Phthalates', 'Waterproof', 'Without Parabens', 'Without Sulfates SLS & SLES']"
P468401,"['Radiant Finish', 'Liquid Formula', 'Hydrating', 'Long-wearing', 'Medium Coverage', 'SPF']"
P504986,"['Hyaluronic Acid', 'Good for: Pores', 'Vitamin C', 'Good for: Dryness', 'SPF', 'Good for: Dark spots']"
P435416,"['Satin Finish', 'Long-wearing', 'Without Phthalates', 'Full Coverage', 'Without Parabens']"
P173619,"['allure 2020 Best of Beauty Award Winner', 'Good for: Dullness/Uneven Texture', 'Good for: Dark Circles', 'Retinol', 'Good for: Anti-Aging', 'Good for: Dryness']"
P482741,"['Without Oxybenzone', 'Hyaluronic Acid', 'Good for: Anti-Aging', 'Oil Free', 'Good for: Dryness', 'SPF']"
P481162,"['Good for: Dryness', 'Hyaluronic Acid', 'Without Mineral Oil', 'Good for: Pores', 'Best for Dry, Combo, Normal Skin', 'Best for Oily, Combo, Normal Skin']"
P435412,"['Waterproof', 'Oil Free', 'Fragrance Free', 'Without Sulfates SLS & SLES', 'Without Parabens', 'Without Phthalates']"
P205614,"['Good for: Dullness/Uneven Texture', 'Good for: Dark Circles', 'Good for: Anti-Aging']"
P480353,"['Light Coverage', 'Natural Finish', 'Hydrating', 'Hyaluronic Acid', 'Liquid Formula', 'SPF']"
P173652,"['Good for: Anti-Aging', 'Good for: Dryness', 'Hyaluronic Acid', 'Best for Dry, Combo, Normal Skin', 'Alcohol Free', 'Without Sulfates SLS & SLES']"
P449105,No Highlights
P443795,"['Light Coverage', 'High Shine Finish', 'Hydrating', 'Without Phthalates', 'Without Parabens', 'Without Sulfates SLS & SLES']"
P468402,"['Cream Formula', 'Hydrating', 'allure 2021 Best of Beauty Award Winner']"
P405944,No Highlights
P435417,"['Loose Powder Formula', 'Pressed Powder Formula', 'allure 2018 Best of Beauty Award Winner']"
P448201,"['Good for: Anti-Aging', 'Good for: Dryness', 'Without Parabens', 'SPF', 'Without Sulfates SLS & SLES']"
P454978,"['Natural Finish', 'Pressed Powder Formula', 'Long-wearing', 'Medium Coverage', 'Without Parabens', 'Without Sulfates SLS & SLES']"
P448200,"['Good for: Anti-Aging', 'Good for: Dryness', 'Good for: Loss of firmness', 'Best for Dry, Combo, Normal Skin', 'Best for Oily, Combo, Normal Skin', 'Without Parabens']"
P388545,"['Good for: Dryness', 'Good for: Dullness/Uneven Texture', 'Best for Dry, Combo, Normal Skin', 'Best for Oily, Combo, Normal Skin', 'Without Silicones', 'Without Parabens']"
P385262,No Highlights
P433618,"['Good for: Dullness/Uneven Texture', 'Good for: Dryness', 'Best for Dry, Combo, Normal Skin', 'Hyaluronic Acid', 'Alcohol Free', 'Without Silicones']"
P378219,No Highlights
P173622,No Highlights
P482740,"['Without Oxybenzone', 'Hyaluronic Acid', 'Good for: Anti-Aging', 'Good for: Dryness', 'Oil Free', 'SPF']"
P433617,No Highlights
P423165,"['Good for: Loss of firmness', 'Good for: Dark Circles', 'Good for: Anti-Aging', 'Good for: Dryness']"
P202935,"['Good for: Anti-Aging', 'Good for: Loss of firmness', 'Good for: Dullness/Uneven Texture', 'Good for: Dryness', 'Hyaluronic Acid', 'Vitamin C']"
P428423,No Highlights
P443375,"['Good for: Dullness/Uneven Texture', 'Good for: Dark spots', 'Good for: Dryness', 'Vitamin C', 'Best for Dry, Combo, Normal Skin', 'Best for Oily, Combo, Normal Skin']"
P428422,No Highlights
P433621,No Highlights
P423164,No Highlights
P455421,No Highlights
P443376,"['Good for: Dullness/Uneven Texture', 'Good for: Dark spots', 'Good for: Dryness', 'Vitamin C', 'Best for Dry, Combo, Normal Skin', 'Best for Oily, Combo, Normal Skin']"
P433619,No Highlights
P457854,"['Good for: Dullness/Uneven Texture', 'Good for: Loss of firmness', 'Good for: Anti-Aging', 'Best for Oily, Combo, Normal Skin']"
P423163,No Highlights
P443377,No Highlights
P423169,"['Good for: Dullness/Uneven Texture', 'Good for: Loss of firmness', 'Good for: Anti-Aging', 'Good for: Dryness']"
P433620,No Highlights
P484076,"['Best for Normal Skin', 'allure 2020 Best of Beauty Award Winner', 'Best for Dry Skin', 'Good for: Dryness', 'SPF', 'Best for Dry, Combo, Normal Skin']"
P463951,"['Best for Dry Skin', 'Good for: Anti-Aging', 'Without Phthalates', 'Good for: Dryness', 'Without Parabens', 'Without Sulfates SLS & SLES']"
P463106,No Highlights
P423166,No Highlights
P455229,No Highlights
P423167,No Highlights
P423168,No Highlights
P403913,"['Hydrating', 'All Hair Types', 'Good for: Frizz', 'Good for: Dryness', 'UV Protection', 'Increases Shine']"
P453923,"['Increases Shine', 'Good for: Dryness', 'Good for: Frizz', 'Heat Protection', 'All Hair Types', 'Woody & Earthy Scent']"
P434206,"['Good for: Damage', 'Woody & Earthy Scent', 'All Hair Types', 'Good for: Frizz', 'Good for: Dryness', 'Increases Shine']"
P430127,"['Warm &Spicy Scent', 'Hydrating', 'All Hair Types', 'Good for: Frizz', 'Good for: Dryness', 'Increases Shine']"
P475613,"['Good for: Damage', 'Good for: Volume', 'All Hair Types', 'Increases Shine', 'Fresh Scent']"
P414027,"['Woody & Earthy Scent', 'Hydrating', 'All Hair Types', 'Good for: Frizz', 'Good for: Dryness', 'Increases Shine']"
P414029,"['Woody & Earthy Scent', 'Hydrating', 'All Hair Types', 'Good for: Frizz', 'Good for: Dryness', 'Increases Shine']"
P434207,"['Good for: Damage', 'Woody & Earthy Scent', 'All Hair Types', 'Good for: Frizz', 'Good for: Dryness', 'Increases Shine']"
P403930,"['Good for: Damage', 'Hydrating', 'Fresh Scent', 'All Hair Types', 'Good for: Frizz', 'Increases Shine']"
P403936,"['Good for: Color Care', 'All Hair Types', 'Without Parabens', 'Prevents Color Fading', 'Without Sulfates SLS & SLES', 'Increases Shine']"
P442287,"['Good for: Damage', 'Hydrating', 'All Hair Types', 'Good for: Frizz', 'Good for: Dryness', 'Increases Shine']"
P414030,"['Woody & Earthy Scent', 'Hydrating', 'All Hair Types', 'Good for: Frizz', 'Good for: Dryness', 'Increases Shine']"
P434205,"['Good for: Damage', 'Woody & Earthy Scent', 'All Hair Types', 'Good for: Frizz', 'Good for: Dryness', 'Increases Shine']"
P475614,"['Good for: Damage', 'Good for: Volume', 'All Hair Types', 'Increases Shine', 'Fresh Scent']"
P461985,"['Cream Formula', 'Good for: Frizz', 'Wavy Hair', 'Straight Hair', 'Increases Shine']"
P461986,"['Cream Formula', 'Warm &Spicy Scent', 'Heat Protection', 'All Hair Types', 'Good for: Frizz']"
P469216,"['Good for: Damage', 'Good for: Color Care', 'All Hair Types', 'Good for: Dryness', 'Prevents Color Fading', 'Reduces Brassiness']"
P469215,"['Good for: Color Care', 'Good for: Dryness', 'Without Parabens', 'Prevents Color Fading', 'Reduces Brassiness', 'Increases Shine']"
P403914,"['Hydrating', 'Heat Protection', 'All Hair Types', 'Good for: Dryness', 'UV Protection', 'Increases Shine']"
P403928,"['Good for: Color Care', 'Floral Scent', 'Hydrating', 'All Hair Types', 'Prevents Color Fading', 'Increases Shine']"
P461981,"['Volumizing', 'Natural Finish', 'Warm &Spicy Scent', 'Good for: Volume', 'All Hair Types']"
P449373,"['Volumizing', 'Good for: Volume', 'All Hair Types', 'Without Parabens', 'Without Silicones', 'Increases Shine']"
P461982,"['Natural Finish', 'Warm &Spicy Scent', 'Good for: Volume', 'All Hair Types', 'Increases Shine']"
P461987,"['Radiant Finish', 'Hydrating', 'All Hair Types', 'Good for: Frizz', 'Good for: Dryness', 'Increases Shine']"
P449376,"['Volumizing', 'Natural Finish', 'Good for: Volume', 'Hydrating', 'All Hair Types', 'Increases Shine']"
P461983,"['Good for: Volume', 'Heat Protection', 'Curl-Enhancing', 'Good for: Frizz', 'Curly Hair', 'Wavy Hair']"
P403934,"['Good for: Damage', 'Hydrating', 'Fresh Scent', 'Without Phthalates', 'All Hair Types', 'Increases Shine']"
P481733,"['Good for: Frizz', 'Good for: Dryness', 'Increases Shine', 'Woody & Earthy Scent', 'All Hair Types']"
P403926,"['Good for: Color Care', 'Floral Scent', 'Hydrating', 'All Hair Types', 'Prevents Color Fading', 'Increases Shine']"
P461988,"['Radiant Finish', 'Warm &Spicy Scent', 'Good for: Volume', 'All Hair Types', 'Good for: Frizz']"
P481734,"['Good for: Oily Scalp', 'Good for: Flaky/Dry Scalp', 'Woody & Earthy Scent', 'Increases Shine', 'All Hair Types']"
P403924,"['Good for: Damage', 'Good for: Color Care', 'Hydrating', 'Fresh Scent', 'All Hair Types', 'Increases Shine']"
P461984,"['Volumizing', 'Warm &Spicy Scent', 'Good for: Volume', 'Matte Finish', 'All Hair Types']"
P461979,"['Warm &Spicy Scent', 'High Shine Finish', 'Heat Protection', 'All Hair Types', 'Good for: Frizz', 'Increases Shine']"
P469217,"['Good for: Color Care', 'All Hair Types', 'Good for: Dryness', 'Without Parabens', 'Prevents Color Fading', 'Increases Shine']"
P502665,"['Good for: Dryness', 'UV Protection', 'Without Parabens', 'Without Silicones', 'Good for: Flaky/Dry Scalp', 'Increases Shine']"
P449375,"['Volumizing', 'Good for: Volume', 'All Hair Types', 'Without Parabens', 'Without Silicones', 'Increases Shine']"
P469218,"['Good for: Color Care', 'All Hair Types', 'Good for: Dryness', 'Without Parabens', 'Prevents Color Fading', 'Increases Shine']"
P454742,"['Hydrating', 'Heat Protection', 'All Hair Types', 'Good for: Frizz', 'Good for: Dryness', 'Increases Shine']"
P481737,"['Good for: Dryness', 'Good for: Damage', 'Good for: Frizz', 'Woody & Earthy Scent', 'Increases Shine', 'All Hair Types']"
P449374,"['Volumizing', 'Good for: Volume', 'All Hair Types', 'Without Parabens', 'Without Silicones', 'Increases Shine']"
P481735,"['Good for: Dryness', 'Good for: Damage', 'Good for: Frizz', 'Increases Shine', 'Woody & Earthy Scent', 'All Hair Types']"
P481736,"['Good for: Dryness', 'Good for: Damage', 'Good for: Frizz', 'Woody & Earthy Scent', 'Increases Shine', 'All Hair Types']"
P503349,"['Stick Formula', 'Hydrating', 'Matte Finish', 'Long-wearing', 'Full Coverage']"
P503333,"['Natural Finish', 'Hyaluronic Acid', 'Liquid Formula', 'Hydrating', 'Medium Coverage']"
P503350,"['Light Coverage', 'Stick Formula', 'High Shine Finish', 'Satin Finish', 'Hydrating']"
P503342,"['Radiant Finish', 'Cream Formula', 'Matte Finish']"
P503304,"['Liquid Formula', 'High Shine Finish', 'Hydrating']"
P503300,"['Natural Finish', 'Lengthening', 'Curling']"
P503310,['Shimmer Finish']
P375849,"['allure 2020 Best of Beauty Award Winner', 'Lactic Acid', 'Good for: Pores', 'AHA/Glycolic Acid', 'Good for: Dryness', 'Salicylic Acid']"
P426183,"['allure 2020 Best of Beauty Award Winner', 'Good for: Dullness/Uneven Texture', 'Good for: Loss of firmness', 'Good for: Anti-Aging', 'Good for: Dryness', 'Niacinamide']"
P375853,"['Good for: Dullness/Uneven Texture', 'Good for: Loss of firmness', 'Good for: Anti-Aging', 'Best for Dry, Combo, Normal Skin', 'Good for: Dark spots', 'Niacinamide']"
P375850,"['Good for: Dullness/Uneven Texture', 'Good for: Anti-Aging', 'Best for Dry, Combo, Normal Skin']"
P468409,"['Best for Dry Skin', 'Good for: Loss of firmness', 'Good for: Pores', 'Good for: Anti-Aging', 'Good for: Dryness', 'Niacinamide']"
P468408,"['Best for Dry Skin', 'Good for: Loss of firmness', 'Good for: Pores', 'Good for: Anti-Aging', 'Niacinamide']"
P468411,"['Good for: Loss of firmness', 'Plumping', 'Hydrating', 'Good for: Anti-Aging', 'allure 2021 Best of Beauty Award Winner', 'Good for: Dryness']"
P375852,"['Good for: Dullness/Uneven Texture', 'Good for: Pores', 'Good for: Dryness', 'Best for Dry, Combo, Normal Skin']"
P410756,"['Good for: Dullness/Uneven Texture', 'Good for: Anti-Aging', 'Best for Dry, Combo, Normal Skin', 'Good for: Dark spots', 'Niacinamide']"
P410755,"['Good for: Dullness/Uneven Texture', 'Good for: Loss of firmness', 'Good for: Anti-Aging', 'Good for: Dryness', 'Best for Dry, Combo, Normal Skin']"
P447773,"['Good for: Dullness/Uneven Texture', 'Best for Dry Skin', 'Good for: Loss of firmness', 'Good for: Pores', 'Good for: Anti-Aging', 'Niacinamide']"
P375864,"['Good for: Redness', 'Good for: Dullness/Uneven Texture', 'Good for: Dryness', 'Best for Dry, Combo, Normal Skin', 'Good for: Dark spots', 'Niacinamide']"
P375854,"['Good for: Redness', 'Good for: Dullness/Uneven Texture', 'Good for: Pores', 'Good for: Anti-Aging', 'Best for Dry, Combo, Normal Skin']"
P468412,"['allure 2020 Best of Beauty Award Winner', 'Good for: Dullness/Uneven Texture', 'Good for: Loss of firmness', 'Good for: Anti-Aging', 'Good for: Dryness', 'Good for: Dark spots']"
P428103,"['Good for: Dullness/Uneven Texture', 'Good for: Loss of firmness', 'Good for: Anti-Aging', 'Best for Dry, Combo, Normal Skin']"
P468410,"['Good for: Dullness/Uneven Texture', 'Good for: Loss of firmness', 'Good for: Anti-Aging', 'Good for: Dryness', 'Best for Dry, Combo, Normal Skin', 'Niacinamide']"
P416312,No Highlights
P416589,No Highlights
P416588,No Highlights
P442840,"['Vegan', 'Hyaluronic Acid', 'allure 2019 Best of Beauty Award Winner', 'Clean + Planet Positive', 'Fragrance Free', 'Gluten Free']"
P479860,"['Vegan', 'Hyaluronic Acid', 'allure 2019 Best of Beauty Award Winner', 'Clean + Planet Positive', 'Fragrance Free', 'Gluten Free']"
P442844,"['Good for: Dullness/Uneven Texture', 'Clean + Planet Positive', 'AHA/Glycolic Acid', 'Fragrance Free', 'Best for Dry, Combo, Normal Skin']"
P442845,"['allure 2019 Best of Beauty Award Winner', 'Clean + Planet Positive', 'Hydrating', 'Fragrance Free', 'AHA/Glycolic Acid', 'Salicylic Acid']"
P442836,"['Vegan', 'Clean + Planet Positive', 'allure 2018 Best of Beauty Award Winner', 'Hydrating', 'Fragrance Free', 'Gluten Free']"
P442838,"['Vegan', 'Clean + Planet Positive', 'Fragrance Free', 'Gluten Free', 'Cruelty-Free']"
P481739,"['Clean + Planet Positive', 'Hydrating', 'Fragrance Free', 'Good for: Acne/Blemishes', 'Good for: Dryness', 'Niacinamide']"
P442839,"['Vegan', 'Best for Combination Skin', 'Clean + Planet Positive', 'Hydrating', 'Fragrance Free', 'Gluten Free']"
P471101,"['Clean + Planet Positive', 'Fragrance Free', 'Salicylic Acid', 'Good for: Acne/Blemishes', 'Niacinamide']"
P442842,"['Vegan', 'Clean + Planet Positive', 'Hydrating', 'Fragrance Free', 'Gluten Free']"
P442843,"['Clean + Planet Positive', 'Hydrating', 'Good for: Dryness', 'Best for Dry, Combo, Normal Skin', 'Gluten Free']"
P503668,"['Clean + Planet Positive', 'Plumping', 'Collagen', 'Good for: Anti-Aging', 'Good for: Dryness', 'Niacinamide']"
P476415,"['Good for: Redness', 'Good for: Pores', 'Clean + Planet Positive', 'Good for: Acne/Blemishes', 'Salicylic Acid', 'Niacinamide']"
P479348,"['allure 2022 Best of Beauty Award Winner', 'Good for: Redness', 'Clean + Planet Positive', 'Good for: Acne/Blemishes', 'Salicylic Acid', 'Niacinamide']"
P442837,"['Vegan', 'Hyaluronic Acid', 'Clean + Planet Positive', 'Hydrating', 'Good for: Anti-Aging', 'Fragrance Free']"
P505049,"['Good for: Loss of firmness', 'Clean + Planet Positive', 'Good for: Dark Circles', 'Hydrating', 'Collagen', 'Niacinamide']"
P442847,"['Vegan', 'Clean + Planet Positive', 'Fragrance Free', 'Good for: Dryness', 'Best for Dry, Combo, Normal Skin', 'Cruelty-Free']"
P450599,"['Vegan', 'Clean + Planet Positive', 'Hydrating', 'Fragrance Free', 'Good for: Dryness', 'Best for Dry, Combo, Normal Skin']"
P442850,"['Good for: Redness', 'Clean + Planet Positive', 'Fragrance Free', 'Best for Dry, Combo, Normal Skin', 'Gluten Free', 'Cruelty-Free']"
P442846,"['Vegan', 'Good for: Redness', 'Clean + Planet Positive', 'Hydrating', 'Good for: Dryness', 'Cruelty-Free']"
P446916,"['Good for: Redness', 'Clean + Planet Positive', 'Hydrating', 'Fragrance Free', 'Good for: Dryness', 'Without Parabens']"
P502169,"['Vegan', 'Hyaluronic Acid', 'Fragrance Free', 'Cruelty-Free']"
P448562,"['Vegan', 'Good for: Pores', 'Clean + Planet Positive', 'Best for Oily, Combo, Normal Skin', 'Without Parabens', 'Gluten Free']"
P442848,"['Vegan', 'Good for: Redness', 'Clean + Planet Positive', 'Hydrating', 'Good for: Dryness']"
P442841,"['Plumping', 'Clean + Planet Positive', 'Hydrating', 'Fragrance Free', 'Good for: Dryness', 'Cruelty-Free']"
P442851,"['Good for: Redness', 'Clean + Planet Positive', 'Fragrance Free', 'Good for: Dryness', 'Without Parabens', 'Cruelty-Free']"
P502192,"['Good for: Pores', 'Clean + Planet Positive', 'AHA/Glycolic Acid', 'Good for: Acne/Blemishes', 'Salicylic Acid', 'Niacinamide']"
P467146,"['Clean at Sephora', 'Warm &Spicy Scent', 'Hypoallergenic', 'Layerable Scent', 'Vegan', 'Cruelty-Free']"
P467147,"['Clean at Sephora', 'Warm &Spicy Scent', 'Hypoallergenic', 'Layerable Scent', 'Vegan', 'Cruelty-Free']"
P477240,"['Clean at Sephora', 'Hypoallergenic', 'Layerable Scent', 'Vegan', 'Cruelty-Free']"
P479350,"['Vegan', 'Layerable Scent', 'Clean at Sephora', 'Fresh Scent', 'Hypoallergenic']"
P479349,"['Vegan', 'Layerable Scent', 'Clean at Sephora', 'Fresh Scent', 'Hypoallergenic', 'Cruelty-Free']"
P502052,"['Vegan', 'Layerable Scent', 'Floral Scent', 'Clean at Sephora', 'Hypoallergenic', 'Cruelty-Free']"
P502076,"['Vegan', 'Layerable Scent', 'Floral Scent', 'Clean at Sephora', 'Hypoallergenic', 'Cruelty-Free']"
P456975,"['Vegan', 'Layerable Scent', 'Clean at Sephora', 'Fresh Scent', 'Hypoallergenic', 'Cruelty-Free']"
P476020,"['Vegan', 'Layerable Scent', 'Warm &Spicy Scent', 'Clean at Sephora', 'Hypoallergenic', 'Cruelty-Free']"
P476022,"['Vegan', 'Layerable Scent', 'Clean at Sephora', 'Fresh Scent', 'Hypoallergenic', 'Cruelty-Free']"
P447529,"['Clean at Sephora', 'Fresh Scent', 'Hypoallergenic', 'Layerable Scent', 'Vegan', 'Cruelty-Free']"
P476021,"['Vegan', 'Layerable Scent', 'Clean at Sephora', 'Fresh Scent', 'Hypoallergenic', 'Cruelty-Free']"
P476019,"['Vegan', 'Layerable Scent', 'Warm &Spicy Scent', 'Clean at Sephora', 'Hypoallergenic', 'Cruelty-Free']"
P483690,"['Vegan', 'Layerable Scent', 'Floral Scent', 'Clean at Sephora', 'Hypoallergenic', 'Cruelty-Free']"
P447530,"['Clean at Sephora', 'Fresh Scent', 'Hypoallergenic', 'Layerable Scent', 'Vegan', 'Cruelty-Free']"
P456976,"['Clean at Sephora', 'Fresh Scent', 'Hypoallergenic', 'Layerable Scent', 'Vegan', 'Cruelty-Free']"
P483689,"['Vegan', 'Layerable Scent', 'Floral Scent', 'Clean at Sephora', 'Hypoallergenic', 'Cruelty-Free']"
P447536,"['Clean at Sephora', 'Fresh Scent', 'Hypoallergenic', 'Layerable Scent', 'Vegan', 'Cruelty-Free']"
P501787,"['Vegan', 'Warm &Spicy Scent', 'Clean at Sephora', 'Customizable', 'Hypoallergenic', 'Cruelty-Free']"
P470544,No Highlights
P447535,"['Clean at Sephora', 'Fresh Scent', 'Hypoallergenic', 'Layerable Scent', 'Vegan', 'Cruelty-Free']"
P477239,"['Vegan', 'Layerable Scent', 'Woody & Earthy Scent', 'Clean at Sephora', 'Hypoallergenic', 'Cruelty-Free']"
P477238,"['Vegan', 'Layerable Scent', 'Woody & Earthy Scent', 'Clean at Sephora', 'Hypoallergenic', 'Cruelty-Free']"
P481741,"['Vegan', 'Clean at Sephora', 'Fresh Scent', 'Customizable', 'Hypoallergenic', 'Cruelty-Free']"
P431718,"['allure 2019 Best of Beauty Award Winner', 'All Hair Types']"
P430325,No Highlights
P402944,"['Good for: Anti-Aging', 'All Hair Types']"
P454754,No Highlights
P441823,No Highlights
P402942,No Highlights
P446864,No Highlights
P454753,No Highlights
P402943,"['Good for: Anti-Aging', 'All Hair Types']"
P467264,No Highlights
P446866,No Highlights
P503168,"['allure 2019 Best of Beauty Award Winner', 'All Hair Types']"
P477242,"['All Hair Types', 'allure 2019 Best of Beauty Award Winner']"
P503205,['All Hair Types']
P477761,No Highlights
P409317,"['Liquid Formula', 'Matte Finish', 'Long-wearing', 'Waterproof', 'Without Parabens', 'Cruelty-Free']"
P9889,"['Vegan', 'Natural Finish', 'Good for: Pores', 'Oil Free', 'Without Parabens', 'Cruelty-Free']"
P19267373,No Highlights
P387426,"['Pressed Powder Formula', 'Matte Finish', 'Without Phthalates', 'Without Parabens', 'Without Sulfates SLS & SLES', 'Cruelty-Free']"
P292403,"['Vegan', 'Liquid Formula', 'Long-wearing', 'Medium Coverage', 'Oil Free', 'Cruelty-Free']"
P429909,"['Pressed Powder Formula', 'Without Phthalates', 'Without Parabens', 'Without Sulfates SLS & SLES', 'Cruelty-Free']"
P422463,"['Vegan', 'Natural Finish', 'Good for: Pores', 'Oil Free', 'Without Parabens', 'Cruelty-Free']"
P477826,"['Vegan', 'Radiant Finish', 'Cream Formula', 'Good for: Dark Circles', 'Full Coverage', 'Cruelty-Free']"
P447363,"['Matte Finish', 'Long-wearing', 'Full Coverage', 'Waterproof', 'Without Silicones', 'Cruelty-Free']"
P460019,"['Hyaluronic Acid', 'Hydrating', 'Long-wearing', 'Oil Free', 'SPF', 'Cruelty-Free']"
P380998,"['Vegan', 'Long-wearing', 'Without Phthalates', 'Waterproof', 'Without Parabens', 'Cruelty-Free']"
P427042,No Highlights
P375100,No Highlights
P454512,"['Vegan', 'Long-wearing', 'Matte Finish', 'Waterproof', 'Full Coverage', 'Cruelty-Free']"
P440044,"['Vegan', 'Good for: Dark Circles', 'Long-wearing', 'Medium Coverage', 'Oil Free', 'Cruelty-Free']"
P467974,"['Vegan', 'Cream Formula', 'Long-wearing', 'Matte Finish', 'Without Parabens', 'Cruelty-Free']"
P439936,No Highlights
P477825,"['Pressed Powder Formula', 'Shimmer Finish', 'Without Parabens', 'Without Sulfates SLS & SLES', 'Cruelty-Free']"
P284701,"['Volumizing', 'Without Phthalates', 'Lengthening', 'Without Parabens', 'Gluten Free', 'Cruelty-Free']"
P429021,"['Volumizing', 'Long-wearing', 'Without Phthalates', 'Lengthening', 'Without Parabens', 'Cruelty-Free']"
P477824,"['Pressed Powder Formula', 'Shimmer Finish', 'Without Parabens', 'Without Sulfates SLS & SLES', 'Cruelty-Free']"
P260311,['Vegan']
P479989,"['Vegan', 'allure 2022 Best of Beauty Award Winner', 'Hyaluronic Acid', 'Best for Dry Skin', 'Hydrating', 'Cruelty-Free']"
P479985,"['Vegan', 'allure 2022 Best of Beauty Award Winner', 'Hyaluronic Acid', 'Best for Dry Skin', 'Hydrating', 'Cruelty-Free']"
P454358,"['Vegan', 'Natural Finish', 'Good for: Pores', 'Oil Free', 'Without Parabens', 'Cruelty-Free']"
P453267,No Highlights
P417882,"['Long-wearing', 'Waterproof', 'Full Coverage', 'Without Parabens', 'Without Sulfates SLS & SLES', 'Cruelty-Free']"
P456374,"['Light Coverage', 'Vegan', 'Loose Powder Formula', 'Natural Finish', 'Long-wearing', 'Cruelty-Free']"
P479988,"['Vegan', 'allure 2022 Best of Beauty Award Winner', 'Best for Oily Skin', 'Good for: Pores', 'Matte Finish', 'Cruelty-Free']"
P439937,['Vegan']
P479982,"['Vegan', 'allure 2022 Best of Beauty Award Winner', 'Best for Oily Skin', 'Good for: Pores', 'Matte Finish', 'Cruelty-Free']"
P500297,"['Hyaluronic Acid', 'Hydrating', 'Long-wearing', 'Oil Free', 'SPF', 'Cruelty-Free']"
P429910,"['allure 2018 Best of Beauty Award Winner', 'Vegan']"
P479983,"['Vegan', 'Good for: Redness', 'Good for: Pores', 'Satin Finish', 'Without Parabens', 'Cruelty-Free']"
P398372,No Highlights
P479986,"['Satin Finish', 'Good for: Redness', 'Good for: Pores', 'Without Parabens', 'Vegan', 'Cruelty-Free']"
P501284,"['Vegan', 'Cream Formula', 'Matte Finish', 'Without Parabens', 'Alcohol Free', 'Cruelty-Free']"
P479987,"['Radiant Finish', 'Good for: Dullness/Uneven Texture', 'Hydrating', 'Vitamin C', 'Vegan', 'Cruelty-Free']"
P479984,"['Vegan', 'Radiant Finish', 'Good for: Dullness/Uneven Texture', 'Vitamin C', 'Hydrating', 'Cruelty-Free']"
P501511,"['Vegan', 'Cream Formula', 'Long-wearing', 'Without Parabens', 'Prevents Color Fading', 'Cruelty-Free']"
P482744,"['Hydrating', 'Hyaluronic Acid', 'Good for: Dryness', 'Vegan', 'Without Parabens', 'Cruelty-Free']"
P502061,"['Vegan', 'Hydrating', 'Long-wearing', 'Waterproof', 'Alcohol Free', 'Cruelty-Free']"
P502009,"['Vegan', 'Hydrating', 'Long-wearing', 'Waterproof', 'Alcohol Free', 'Cruelty-Free']"
P482743,"['Hydrating', 'Hyaluronic Acid', 'Good for: Dryness', 'Without Parabens', 'Vegan', 'Cruelty-Free']"
P447213,"['allure 2020 Best of Beauty Award Winner', 'Good for: Loss of firmness', 'Good for: Pores', 'Clean at Sephora', 'Retinol', 'Good for: Anti-Aging']"
P451748,"['Good for: Loss of firmness', 'Good for: Dark Circles', 'Clean at Sephora', 'Good for: Anti-Aging', 'Niacinamide', 'Cruelty-Free']"
P451745,"['Good for: Dullness/Uneven Texture', 'Good for: Pores', 'Clean at Sephora', 'AHA/Glycolic Acid', 'Cruelty-Free']"
P451750,"['Hyaluronic Acid', 'Good for: Dark Circles', 'Clean at Sephora', 'Good for: Anti-Aging', 'Cruelty-Free']"
P477706,"['Good for: Dullness/Uneven Texture', 'Vitamin C', 'Clean at Sephora', 'Best for Oily, Combo, Normal Skin', 'Good for: Dark spots', 'Cruelty-Free']"
P406080,"['Warm &Spicy Scent', 'Good for: Loss of firmness', 'Community Favorite', 'Good for: Dryness', 'Cruelty-Free']"
P444048,No Highlights
P421481,"['Vegan', 'Layerable Scent', 'Warm &Spicy Scent', 'Without Phthalates', 'Cruelty-Free']"
P417312,"['Vegan', 'Layerable Scent', 'Warm &Spicy Scent', 'Without Phthalates', 'Cruelty-Free']"
P425318,"['Warm &Spicy Scent', 'Good for: Loss of firmness', 'Community Favorite', 'Good for: Dryness', 'Without Parabens', 'Cruelty-Free']"
P472072,"['Vegan', 'Layerable Scent', 'Warm &Spicy Scent', 'Without Phthalates', 'Cruelty-Free']"
P442821,"['allure 2019 Best of Beauty Award Winner', 'Best for Dry, Combo, Normal Skin']"
P411862,"['Warm &Spicy Scent', 'Without Phthalates', 'Good for: Dryness', 'Without Parabens', 'Cruelty-Free']"
P483156,"['Vegan', 'Layerable Scent', 'Floral Scent', 'Without Parabens', 'Cruelty-Free']"
P482745,"['Vegan', 'Layerable Scent', 'Floral Scent', 'Without Phthalates', 'Cruelty-Free']"
P482316,"['Vegan', 'Best for Dry Skin', 'Good for: Loss of firmness', 'Floral Scent', 'Collagen', 'Good for: Anti-Aging']"
P463959,No Highlights
P470125,"['Good for: Dullness/Uneven Texture', 'Warm &Spicy Scent', 'Vitamin C', 'Good for: Dryness', 'AHA/Glycolic Acid', 'Good for: Dark spots']"
P503931,"['Warm &Spicy Scent', 'Good for: Loss of firmness', 'Without Mineral Oil', 'Without Parabens', 'Best for Dry, Combo, Normal Skin', 'Cruelty-Free']"
P459306,"['Good for: Dullness/Uneven Texture', 'Warm &Spicy Scent', 'Shimmer Finish', 'Good for: Dryness', 'Cruelty-Free']"
P415747,"['Natural Finish', 'Warm &Spicy Scent', 'Good for: Dryness', 'Without Parabens', 'Cruelty-Free']"
P449169,"['Vegan', 'Layerable Scent', 'Warm &Spicy Scent', 'Without Phthalates', 'Cruelty-Free']"
P500027,"['Heat Protection', 'Good for: Frizz', 'Good for: Dryness', 'Without Parabens', 'Cruelty-Free']"
P479990,"['Good for: Damage', 'Warm &Spicy Scent', 'High Shine Finish', 'Heat Protection', 'Good for: Frizz', 'Cruelty-Free']"
P482317,"['Vegan', 'Best for Dry Skin', 'Good for: Loss of firmness', 'Floral Scent', 'Collagen', 'Good for: Anti-Aging']"
P472187,"['Vegan', 'Refill Available', 'Good for: Dullness/Uneven Texture', 'Warm &Spicy Scent', 'Without Parabens', 'Cruelty-Free']"
P448211,"['Warm &Spicy Scent', 'Best for Dry Skin', 'Without Mineral Oil', 'Without Parabens', 'Cruelty-Free']"
P470126,"['Good for: Dullness/Uneven Texture', 'Warm &Spicy Scent', 'Vitamin C', 'Good for: Dryness', 'AHA/Glycolic Acid', 'Good for: Dark spots']"
P457858,No Highlights
P406081,"['Warm &Spicy Scent', 'Without Phthalates', 'Good for: Dryness', 'Without Parabens', 'Cruelty-Free']"
P467265,No Highlights
P501775,"['Good for: Dullness/Uneven Texture', 'Good for: Pores', 'AHA/Glycolic Acid', 'Salicylic Acid', 'Best for Oily, Combo, Normal Skin']"
P476427,"['Vegan', 'Warm &Spicy Scent', 'Without Mineral Oil', 'Without Phthalates', 'Without Parabens', 'Cruelty-Free']"
P501809,"['Good for: Dullness/Uneven Texture', 'Good for: Pores', 'AHA/Glycolic Acid', 'Salicylic Acid', 'Good for: Acne/Blemishes', 'Best for Oily, Combo, Normal Skin']"
P449168,"['Warm &Spicy Scent', 'Best for Dry Skin', 'Without Mineral Oil', 'Without Parabens', 'Cruelty-Free']"
P447775,"['Warm &Spicy Scent', 'Good for: Dryness', 'Without Parabens', 'Without Sulfates SLS & SLES', 'Cruelty-Free']"
P503113,"['Vegan', 'Warm &Spicy Scent', 'Without Phthalates', 'Without Parabens', 'Cruelty-Free']"
P457275,"['Warm &Spicy Scent', 'Best for Dry Skin', 'Without Parabens', 'Without Sulfates SLS & SLES', 'Cruelty-Free']"
P504143,"['Vegan', 'Good for: Dullness/Uneven Texture', 'Warm &Spicy Scent', 'Without Parabens', 'Cruelty-Free']"
P503096,"['Vegan', 'Warm &Spicy Scent', 'Without Phthalates', 'Without Parabens', 'Cruelty-Free']"
P457276,"['Best for Dry Skin', 'Warm &Spicy Scent', 'Without Parabens', 'Without Sulfates SLS & SLES', 'Cruelty-Free']"
P504332,"['Sustainable Packaging', 'Good for: Loss of firmness', 'Best for Dry, Combo, Normal Skin']"
P505159,"['Vegan', 'Recyclable Packaging', 'Layerable Scent', 'Floral Scent', 'Without Phthalates', 'Cruelty-Free']"
P505154,"['Vegan', 'Recyclable Packaging', 'Layerable Scent', 'Floral Scent', 'Without Phthalates', 'Cruelty-Free']"
P505355,"['Good for: Damage', 'Warm &Spicy Scent', 'Good for: Color Care', 'Without Parabens', 'Without Sulfates SLS & SLES', 'Cruelty-Free']"
P505372,"['Good for: Damage', 'Good for: Color Care', 'Good for: Dryness', 'Without Parabens', 'Without Sulfates SLS & SLES', 'Cruelty-Free']"
P505352,"['Good for: Damage', 'Good for: Color Care', 'Good for: Dryness', 'Without Parabens', 'Without Sulfates SLS & SLES', 'Cruelty-Free']"
P504508,"['Without Oxybenzone', 'Vegan', 'Clean + Planet Positive', 'Hydrating', 'Waterproof', 'Reef Safe SPF']"
P504517,"['Vegan', 'Without Oxybenzone', 'Clean + Planet Positive', 'Good for: Dark Circles', 'Good for: Anti-Aging', 'Reef Safe SPF']"
P504509,"['Without Oxybenzone', 'Natural Finish', 'Clean + Planet Positive', 'Plumping', 'Good for: Dryness', 'Reef Safe SPF']"
P504513,"['Vegan', 'Without Oxybenzone', 'Radiant Finish', 'Clean + Planet Positive', 'Hydrating', 'Reef Safe SPF']"
P504515,"['Vegan', 'Without Oxybenzone', 'Clean + Planet Positive', 'Hydrating', 'Waterproof', 'Reef Safe SPF']"
P504510,"['Without Oxybenzone', 'Vegan', 'Clean + Planet Positive', 'Good for: Anti-Aging', 'Waterproof', 'Reef Safe SPF']"
P504519,"['Vegan', 'Without Oxybenzone', 'Natural Finish', 'Clean + Planet Positive', 'Hydrating', 'Reef Safe SPF']"
P481831,"['Plumping', 'Customizable', 'Niacinamide', 'Hyaluronic Acid', 'Vegan', 'Cruelty-Free']"
P407450,"['Good for: Dullness/Uneven Texture', 'Natural Finish', 'Medium Coverage', 'Cruelty-Free', 'Vegan']"
P481830,"['Vegan', 'Hyaluronic Acid', 'Hydrating', 'Fresh Scent', 'Niacinamide', 'Cruelty-Free']"
P407448,"['Vegan', 'allure 2020 Best of Beauty Award Winner', 'Natural Finish', 'Good for: Dullness/Uneven Texture', 'Customizable', 'Cruelty-Free']"
P456206,"['Radiant Finish', 'Vitamin C', 'Hyaluronic Acid', 'Cruelty-Free', 'Vegan']"
P432262,"['Natural Finish', 'Light Coverage', 'Hyaluronic Acid', 'allure 2020 Best of Beauty Award Winner', 'Cruelty-Free', 'Vegan']"
P481832,"['Hyaluronic Acid', 'Good for: Loss of firmness', 'Hydrating', 'Fresh Scent', 'Clean at Sephora', 'Cruelty-Free']"
P456400,No Highlights
P429683,"['Hydrating', 'Natural Finish', 'Light Coverage', 'Cruelty-Free', 'Vegan']"
P407452,"['Good for: Dullness/Uneven Texture', 'Full Coverage', 'Natural Finish', 'Without Parabens', 'Cruelty-Free', 'Vegan']"
P419466,No Highlights
P442747,No Highlights
P456204,"['Hyaluronic Acid', 'Light Coverage', 'Natural Finish', 'Without Parabens', 'Cruelty-Free', 'Vegan']"
P456401,"['Natural Finish', 'Customizable', 'Hyaluronic Acid', 'Cruelty-Free', 'Vegan']"
P456203,"['Vegan', 'allure 2020 Best of Beauty Award Winner', 'Natural Finish', 'Customizable', 'Best for Oily, Combo, Normal Skin', 'Cruelty-Free']"
P482318,"['Radiant Finish', 'Hyaluronic Acid', 'Good for: Loss of firmness', 'Hydrating', 'Clean at Sephora', 'Cruelty-Free']"
P409602,No Highlights
P407201,No Highlights
P504785,"['Vegan', 'Collagen', 'Hydrating', 'Niacinamide']"
P471796,No Highlights
P483691,"['Good for: Dullness/Uneven Texture', 'Hyaluronic Acid', 'Good for: Loss of firmness', 'Hydrating', 'Clean at Sephora', 'Cruelty-Free']"
P63087293,No Highlights
P253818,"['Community Favorite', 'Long-wearing', 'Matte Finish', 'Waterproof', 'Full Coverage']"
P427385,"['Liquid Formula', 'Medium Coverage', 'Shimmer Finish']"
P261621,"['Stick Formula', 'Matte Finish', 'Waterproof']"
P269019,"['Good for: Redness', 'Good for: Dullness/Uneven Texture']"
P406281,"['Good for: Redness', 'Good for: Dullness/Uneven Texture']"
P429008,"['Liquid Formula', 'Satin Finish', 'Waterproof', 'Long-wearing']"
P397901,"['Liquid Formula', 'Volumizing']"
P466152,"['Liquid Formula', 'Full Coverage', 'Waterproof']"
P482319,"['Liquid Formula', 'Satin Finish', 'Waterproof', 'Long-wearing']"
P474113,"['Good for: Anti-Aging', 'Good for: Loss of firmness', 'Good for: Dullness/Uneven Texture', 'Good for: Dark spots', 'Without Parabens']"
P474117,"['Good for: Anti-Aging', 'Good for: Loss of firmness', 'Good for: Dullness/Uneven Texture', 'Good for: Dark spots', 'Without Parabens']"
P474110,"['Good for: Dullness/Uneven Texture', 'Vitamin C', 'Good for: Anti-Aging', 'Retinol', 'Good for: Dark spots']"
P474121,"['Good for: Anti-Aging', 'Good for: Dryness', 'Hyaluronic Acid', 'Without Parabens']"
P474109,"['Best for Oily, Combo, Normal Skin', 'Good for: Pores', 'Good for: Dullness/Uneven Texture', 'Good for: Dark spots', 'AHA/Glycolic Acid']"
P474122,"['Good for: Dullness/Uneven Texture', 'Good for: Loss of firmness', 'Retinol', 'Good for: Anti-Aging', 'Good for: Dryness']"
P474119,"['Matte Finish', 'Good for: Pores', 'Good for: Dullness/Uneven Texture', 'Good for: Anti-Aging', 'Without Parabens']"
P474111,"['Without Oxybenzone', 'Good for: Dullness/Uneven Texture', 'Vitamin C', 'Good for: Anti-Aging', 'SPF']"
P480191,"['Cruelty-Free', 'Good for: Loss of firmness', 'Good for: Dryness', 'Good for: Anti-Aging', 'Plumping', 'Without Parabens']"
P474116,"['Good for: Loss of firmness', 'Good for: Dark Circles', 'Good for: Anti-Aging', 'Fragrance Free', 'Without Parabens']"
P474115,"['Good for: Dullness/Uneven Texture', 'Good for: Loss of firmness', 'Good for: Anti-Aging', 'Without Parabens', 'Good for: Dark spots']"
P474107,"['Good for: Dark Circles', 'Good for: Loss of firmness', 'Good for: Dryness', 'Good for: Anti-Aging', 'Hyaluronic Acid']"
P481743,"['Good for: Loss of firmness', 'Good for: Dullness/Uneven Texture', 'Good for: Anti-Aging', 'Liquid Formula', 'Best for Oily, Combo, Normal Skin', 'Cruelty-Free']"
P481742,"['Good for: Anti-Aging', 'Good for: Dullness/Uneven Texture', 'Good for: Dryness', 'Cream Formula', 'Best for Oily, Combo, Normal Skin', 'Cruelty-Free']"
P504050,"['Good for: Dullness/Uneven Texture', 'Cream Formula', 'Good for: Loss of firmness', 'Good for: Anti-Aging', 'Retinol', 'Best for Dry, Combo, Normal Skin']"
P474118,"['Good for: Anti-Aging', 'Good for: Dark Circles', 'Good for: Loss of firmness', 'Fragrance Free', 'Without Parabens']"
P502758,"['Good for: Dullness/Uneven Texture', 'Vitamin C', 'Good for: Dark Circles', 'Hydrating', 'Without Parabens', 'Cruelty-Free']"
P474124,"['Good for: Loss of firmness', 'Good for: Anti-Aging', 'Good for: Dullness/Uneven Texture', 'Good for: Dryness', 'Without Parabens']"
P474125,"['Good for: Anti-Aging', 'Good for: Loss of firmness', 'Good for: Dryness', 'Without Parabens']"
P474123,"['Good for: Dullness/Uneven Texture', 'Good for: Loss of firmness', 'Good for: Anti-Aging', 'AHA/Glycolic Acid', 'Without Parabens']"
P474114,"['Good for: Loss of firmness', 'Good for: Anti-Aging', 'Good for: Dryness', 'Good for: Dullness/Uneven Texture', 'Without Parabens']"
P505378,"['Good for: Dullness/Uneven Texture', 'Good for: Pores', 'Good for: Acne/Blemishes', 'Without Parabens', 'Best for Oily, Combo, Normal Skin', 'Niacinamide']"
P505381,"['Good for: Dullness/Uneven Texture', 'Good for: Pores', 'Good for: Acne/Blemishes', 'Without Parabens', 'Best for Oily, Combo, Normal Skin', 'Niacinamide']"
P505392,"['Good for: Dullness/Uneven Texture', 'Good for: Pores', 'Good for: Acne/Blemishes', 'Without Parabens', 'Best for Oily, Combo, Normal Skin', 'Niacinamide']"
P469538,"['Good for: Dullness/Uneven Texture', 'Best for Dry Skin', 'Good for: Loss of firmness', 'Good for: Anti-Aging', 'Good for: Dryness', 'Without Parabens']"
P476729,"['Good for: Dullness/Uneven Texture', 'Best for Dry Skin', 'Good for: Loss of firmness', 'Good for: Anti-Aging', 'Good for: Dryness', 'Without Parabens']"
P505346,"['Good for: Dullness/Uneven Texture', 'Best for Dry Skin', 'Good for: Loss of firmness', 'Good for: Anti-Aging', 'Good for: Dryness', 'Without Parabens']"
P450633,"['Hydrating', 'Without Mineral Oil', 'Good for: Dryness', 'Without Parabens', 'Best for Dry, Combo, Normal Skin', 'Without Sulfates SLS & SLES']"
P476730,"['Hydrating', 'Without Mineral Oil', 'Good for: Dryness', 'Without Parabens', 'Best for Dry, Combo, Normal Skin', 'Without Sulfates SLS & SLES']"
P481833,"['Cream Formula', 'Good for: Loss of firmness', 'Good for: Anti-Aging', 'Without Phthalates', 'Good for: Dryness', 'Best for Dry, Combo, Normal Skin']"
P469537,"['Good for: Dullness/Uneven Texture', 'Hydrating', 'Good for: Dryness', 'Without Parabens', 'Best for Dry, Combo, Normal Skin', 'Without Sulfates SLS & SLES']"
P450632,"['Hydrating', 'Good for: Dryness', 'Hypoallergenic', 'Without Parabens', 'Best for Dry, Combo, Normal Skin', 'Without Sulfates SLS & SLES']"
P476731,"['Hydrating', 'Good for: Dryness', 'Hypoallergenic', 'Without Parabens', 'Best for Dry, Combo, Normal Skin', 'Without Sulfates SLS & SLES']"
P483708,"['Good for: Dullness/Uneven Texture', 'Good for: Loss of firmness', 'Good for: Anti-Aging', 'Good for: Dryness', 'Without Parabens', 'Best for Dry, Combo, Normal Skin']"
P483692,"['Best for Dry, Combo, Normal Skin', 'Good for: Loss of firmness', 'Good for: Anti-Aging', 'Good for: Dryness', 'Good for: Dullness/Uneven Texture', 'Without Parabens']"
P502395,"['Good for: Loss of firmness', 'Hydrating', 'Good for: Anti-Aging', 'Without Phthalates', 'Good for: Dryness', 'Without Parabens']"
P475172,"['Good for: Dullness/Uneven Texture', 'Best for Dry Skin', 'Hydrating', 'Good for: Dryness', 'Without Parabens', 'Without Sulfates SLS & SLES']"
P481834,"['Good for: Dullness/Uneven Texture', 'Good for: Loss of firmness', 'Good for: Anti-Aging', 'Without Phthalates', 'Good for: Dryness', 'Best for Dry, Combo, Normal Skin']"
P481835,"['Good for: Dullness/Uneven Texture', 'Good for: Loss of firmness', 'Good for: Anti-Aging', 'Without Phthalates', 'Good for: Dryness', 'Best for Dry, Combo, Normal Skin']"
P463110,No Highlights
P502393,"['Good for: Loss of firmness', 'Hydrating', 'Good for: Anti-Aging', 'Without Phthalates', 'Good for: Dryness', 'Without Parabens']"
P483694,"['Hyaluronic Acid', 'Liquid Formula', 'Hydrating', 'Good for: Dryness', 'Without Parabens', 'Best for Dry, Combo, Normal Skin']"
P463109,"['Good for: Dullness/Uneven Texture', 'Best for Dry Skin', 'Hydrating', 'Good for: Dryness', 'Without Parabens', 'Without Sulfates SLS & SLES']"
P502448,"['Good for: Dullness/Uneven Texture', 'Good for: Loss of firmness', 'Hydrating', 'Good for: Anti-Aging']"
P483693,"['Hyaluronic Acid', 'Good for: Loss of firmness', 'Good for: Dryness', 'Without Parabens', 'Best for Dry, Combo, Normal Skin']"
P501175,"['Good for: Dullness/Uneven Texture', 'Hydrating', 'Good for: Dryness', 'Without Parabens', 'Best for Dry, Combo, Normal Skin']"
P483086,"['Good for: Dullness/Uneven Texture', 'Hydrating', 'Without Phthalates', 'Good for: Dryness', 'Hypoallergenic', 'Without Parabens']"
P429952,"['Vegan', 'Hyaluronic Acid', 'Hydrating', 'Clean at Sephora', 'Fragrance Free', 'Good for: Dryness', 'Niacinamide', 'Cruelty-Free']"
P480630,"['Vegan', 'Hyaluronic Acid', 'Hydrating', 'Clean at Sephora', 'Fragrance Free', 'Good for: Dryness', 'Niacinamide', 'Cruelty-Free']"
P501777,"['Light Coverage', 'Natural Finish', 'Hyaluronic Acid', 'Liquid Formula', 'Clean at Sephora', 'Niacinamide']"
P455936,"['Vegan', 'Plumping', 'Clean at Sephora', 'Hydrating', 'Good for: Dryness', 'Best for Oily, Combo, Normal Skin', 'Cruelty-Free']"
P449180,"['Vegan', 'Good for: Dullness/Uneven Texture', 'Vitamin C', 'Good for: Anti-Aging', 'Good for: Dark spots', 'Niacinamide']"
P466153,"['Vegan', 'Good for: Dullness/Uneven Texture', 'Hyaluronic Acid', 'Clean at Sephora', 'Good for: Dryness', 'Best for Dry, Combo, Normal Skin']"
P479125,"['Best for Normal Skin', 'Plumping', 'Hydrating', 'Clean at Sephora', 'Good for: Dryness']"
P436387,No Highlights
P469189,"['Vegan', 'Hyaluronic Acid', 'Hydrating', 'Clean at Sephora', 'allure 2021 Best of Beauty Award Winner', 'Good for: Dryness']"
P440504,No Highlights
P482074,"['Good for: Redness', 'Hyaluronic Acid', 'Clean at Sephora', 'Fragrance Free', 'Good for: Dryness', 'Best for Oily, Combo, Normal Skin']"
P480192,"['Vegan', 'Good for: Loss of firmness', 'Vitamin C', 'Good for: Dark Circles', 'Best for Dry, Combo, Normal Skin', 'Niacinamide']"
P455242,"['Vegan', 'Good for: Dullness/Uneven Texture', 'Hydrating', 'Clean at Sephora', 'Good for: Dryness', 'Best for Dry, Combo, Normal Skin']"
P471283,"['Vegan', 'Good for: Loss of firmness', 'Hydrating', 'Clean at Sephora', 'Good for: Dryness', 'Best for Dry, Combo, Normal Skin']"
P503827,"['Vegan', 'Good for: Dullness/Uneven Texture', 'Clean at Sephora', 'Retinol', 'Good for: Anti-Aging', 'Niacinamide']"
P476028,"['Vegan', 'Good for: Dullness/Uneven Texture', 'Good for: Loss of firmness', 'Plumping', 'Hydrating', 'Fragrance Free']"
P472333,"['Vegan', 'Fresh Scent', 'All Hair Types', 'Without Parabens', 'Gluten Free', 'Good for: Oily Scalp']"
P472335,"['Vegan', 'Volumizing', 'allure 2020 Best of Beauty Award Winner', 'Curl-Enhancing', 'Good for: Frizz', 'Good for: Dryness']"
P472334,"['Vegan', 'Coily Hair', 'Good for: Dryness', 'Curly Hair', 'Without Parabens', 'Good for: Flaky/Dry Scalp']"
P472337,"['Vegan', 'Good for: Hair Thinning', 'All Hair Types', 'Gluten Free']"
P472336,"['Good for: Damage', 'Vegan', 'Good for: Hair Thinning', 'Good for: Dryness', 'Curly Hair', 'Good for: Flaky/Dry Scalp']"
P472340,"['Vegan', 'All Hair Types', 'Good for: Frizz', 'Good for: Dryness', 'Without Parabens']"
P472339,"['Vegan', 'All Hair Types', 'Good for: Frizz', 'Good for: Dryness', 'Without Parabens']"
P502217,"['All Hair Types', 'Without Phthalates', 'Without Formaldehyde-Releasing Agents', 'Without Parabens', 'Without Silicones', 'Good for: Flaky/Dry Scalp']"
P472338,"['Vegan', 'All Hair Types', 'Good for: Frizz', 'Good for: Dryness', 'Without Parabens', 'Increases Shine']"
P483695,"['All Hair Types', 'Without Phthalates', 'Without Formaldehyde-Releasing Agents', 'Without Parabens', 'Without Silicones', 'Good for: Flaky/Dry Scalp']"
P500999,"['All Hair Types', 'Without Phthalates', 'Without Formaldehyde-Releasing Agents', 'Without Parabens', 'Without Silicones', 'Good for: Flaky/Dry Scalp']"
P500331,"['All Hair Types', 'Without Phthalates', 'Without Formaldehyde-Releasing Agents', 'Without Parabens', 'Without Silicones', 'Good for: Flaky/Dry Scalp']"
P309308,"['Good for: Dullness/Uneven Texture', 'Lactic Acid', 'Community Favorite', 'Good for: Pores', 'Good for: Dark Circles', 'Cruelty-Free']"
P393718,"['Good for: Anti-Aging', 'Good for: Pores', 'Good for: Dullness/Uneven Texture', 'Retinol', 'Vegan', 'Cruelty-Free']"
P410400,"['Best for Oily, Combo, Normal Skin', 'Good for: Acne/Blemishes', 'Good for: Pores', 'Salicylic Acid', 'Cruelty-Free', 'Community Favorite']"
P418346,"['Good for: Dullness/Uneven Texture', 'Community Favorite', 'Vitamin C', 'Good for: Dark Circles', 'Good for: Anti-Aging', 'Cruelty-Free']"
P476414,"['Retinol', 'Good for: Anti-Aging', 'Collagen', 'Good for: Loss of firmness', 'Niacinamide', 'Vegan']"
P424948,"['Good for: Dark Circles', 'Good for: Loss of firmness', 'Radiant Finish', 'Cruelty-Free']"
P402718,"['Good for: Anti-Aging', 'Good for: Dullness/Uneven Texture', 'Best for Dry, Combo, Normal Skin', 'Lactic Acid', 'Retinol']"
P448937,"['Good for: Dark Circles', 'Good for: Loss of firmness', 'Good for: Dryness', 'Hyaluronic Acid', 'Cruelty-Free']"
P418629,"['Good for: Dullness/Uneven Texture', 'Vitamin C', 'Good for: Dark Circles', 'Good for: Dryness', 'Cruelty-Free']"
P416139,"['Good for: Dullness/Uneven Texture', 'Vitamin C', 'Good for: Dark Circles', 'Good for: Dryness', 'Cruelty-Free']"
P309310,"['Best for Oily, Combo, Normal Skin', 'Good for: Pores', 'Good for: Redness', 'Cruelty-Free', 'Vegan']"
P442761,"['Good for: Dullness/Uneven Texture', 'Good for: Dark Circles', 'Good for: Redness', 'Vitamin C', 'Cruelty-Free']"
P503726,"['Good for: Redness', 'Good for: Pores', 'Best for Oily, Combo, Normal Skin', 'Good for: Dark spots', 'Niacinamide', 'Cruelty-Free']"
P309306,"['Good for: Dark Circles', 'Good for: Dullness/Uneven Texture', 'Good for: Dryness', 'Cruelty-Free', 'Vegan']"
P482551,"['Good for: Dullness/Uneven Texture', 'Vitamin C', 'Hydrating', 'Good for: Anti-Aging', 'Best for Dry, Combo, Normal Skin', 'Cruelty-Free']"
P483076,"['Good for: Dullness/Uneven Texture', 'Vitamin C', 'Hydrating', 'Good for: Anti-Aging', 'Best for Dry, Combo, Normal Skin', 'Cruelty-Free']"
P440075,"['Good for: Anti-Aging', 'Good for: Loss of firmness', 'Best for Oily, Combo, Normal Skin', 'Retinol', 'Hyaluronic Acid']"
P459499,"['Good for: Flaky/Dry Scalp', 'Good for: Oily Scalp', 'All Hair Types', 'AHA/Glycolic Acid', 'Niacinamide']"
P402014,No Highlights
P432053,No Highlights
P460627,"['Best for Oily, Combo, Normal Skin', 'Good for: Dark spots', 'Good for: Acne/Blemishes', 'Niacinamide', 'Cruelty-Free']"
P463964,No Highlights
P503909,"['Good for: Dullness/Uneven Texture', 'Vitamin C', 'Hydrating', 'Good for: Anti-Aging', 'Best for Dry, Combo, Normal Skin', 'Cruelty-Free']"
P504223,"['Good for: Dullness/Uneven Texture', 'Lactic Acid', 'Community Favorite', 'Good for: Pores', 'Good for: Dark Circles', 'Cruelty-Free']"
P455235,No Highlights
P461535,No Highlights
P504219,"['Good for: Dullness/Uneven Texture', 'Community Favorite', 'Vitamin C', 'Good for: Dark Circles', 'Good for: Anti-Aging', 'Cruelty-Free']"
P483495,"['Best for Dry, Combo, Normal Skin', 'Vitamin C', 'Good for: Dullness/Uneven Texture', 'Good for: Loss of firmness', 'Good for: Anti-Aging', 'Cruelty-Free']"
P483494,"['Good for: Loss of firmness', 'Lactic Acid', 'Good for: Anti-Aging', 'Retinol', 'Best for Dry, Combo, Normal Skin', 'Niacinamide']"
P504207,"['Hyaluronic Acid', 'Good for: Loss of firmness', 'Good for: Anti-Aging', 'Retinol', 'Best for Oily, Combo, Normal Skin']"
P454380,"['Natural Finish', 'allure 2019 Best of Beauty Award Winner', 'Clean at Sephora', 'Oil Free', 'SPF']"
P470255,"['Natural Finish', 'allure 2019 Best of Beauty Award Winner', 'Clean at Sephora', 'Oil Free', 'SPF']"
P456218,"['Vegan', 'Radiant Finish', 'allure 2020 Best of Beauty Award Winner', 'Clean at Sephora', 'SPF']"
P482320,"['Vegan', 'Radiant Finish', 'allure 2020 Best of Beauty Award Winner', 'Good for: Dullness/Uneven Texture', 'Hyaluronic Acid', 'Clean at Sephora', 'Good for: Dryness', 'SPF', 'Cruelty-Free']"
P454383,"['Vegan', 'Clean at Sephora', 'Hydrating', 'SPF', 'Cruelty-Free']"
P454384,"['Vegan', 'Clean at Sephora', 'Hydrating', 'SPF', 'Cruelty-Free']"
P442701,"['Clean at Sephora', 'SPF']"
P439928,"['Vegan', 'Best for Dry Skin', 'Clean at Sephora', 'Hydrating', 'SPF', 'Cruelty-Free']"
P466154,"['Clean at Sephora', 'SPF']"
P463353,"['Vegan', 'Natural Finish', 'Clean at Sephora', 'Medium Coverage', 'SPF', 'Cruelty-Free']"
P429953,"['Vegan', 'Stick Formula', 'High Shine Finish', 'Clean at Sephora', 'SPF', 'Cruelty-Free']"
P482324,"['Clean at Sephora', 'Reef Safe SPF']"
P470057,"['Vegan', 'Natural Finish', 'Clean at Sephora', 'Best for Oily, Combo, Normal Skin', 'SPF', 'Cruelty-Free']"
P482321,"['Vegan', 'Natural Finish', 'Clean at Sephora', 'Best for Oily, Combo, Normal Skin', 'SPF', 'Cruelty-Free']"
P453226,"['Clean at Sephora', 'SPF']"
P454387,"['Vegan', 'Radiant Finish', 'Clean at Sephora', 'SPF', 'Cruelty-Free']"
P454388,"['Vegan', 'Radiant Finish', 'Clean at Sephora', 'SPF', 'Cruelty-Free']"
P482323,"['Clean at Sephora', 'Reef Safe SPF']"
P467976,"['Clean at Sephora', 'SPF']"
P504045,"['Good for: Dullness/Uneven Texture', 'Good for: Loss of firmness', 'Clean at Sephora', 'Retinol', 'Good for: Anti-Aging', 'Reef Safe SPF']"
P454392,"['Vegan', 'allure 2020 Best of Beauty Award Winner', 'Clean at Sephora', 'Hydrating', 'Good for: Anti-Aging', 'SPF']"
P446909,"['Vegan', 'Natural Finish', 'Clean at Sephora', 'Best for Oily, Combo, Normal Skin', 'SPF', 'Cruelty-Free']"
P482325,"['Clean at Sephora', 'Reef Safe SPF']"
P454389,"['Vitamin C', 'Hydrating', 'Clean at Sephora', 'Good for: Dryness', 'SPF']"
P479351,"['Vegan', 'Hyaluronic Acid', 'Best for Dry Skin', 'Hydrating', 'Clean at Sephora', 'Cruelty-Free']"
P470058,"['Vegan', 'Shimmer Finish', 'Clean at Sephora', 'Hydrating', 'SPF', 'Cruelty-Free']"
P454393,"['Vegan', 'allure 2020 Best of Beauty Award Winner', 'Clean at Sephora', 'Hydrating', 'Good for: Anti-Aging', 'SPF']"
P476733,"['Vegan', 'Good for: Pores', 'Clean at Sephora', 'Matte Finish', 'Oil Free', 'Reef Safe SPF']"
P505211,"['Loose Powder Formula', 'Shimmer Finish', 'Clean at Sephora', 'Reef Safe SPF', 'UV Protection', 'Best for Dry, Combo, Normal Skin']"
P454385,"['Clean at Sephora', 'SPF']"
P482322,"['Vegan', 'Good for: Pores', 'Clean at Sephora', 'Matte Finish', 'Oil Free', 'Reef Safe SPF']"
P456407,"['Clean at Sephora', 'SPF']"
P454391,"['Vegan', 'Radiant Finish', 'Vitamin C', 'Clean at Sephora', 'SPF', 'Cruelty-Free']"
P482746,"['Clean at Sephora', 'Reef Safe SPF']"
P504320,"['Hyaluronic Acid', 'Clean at Sephora', 'Good for: Anti-Aging', 'Reef Safe SPF', 'Best for Dry, Combo, Normal Skin', 'Cruelty-Free']"
P500782,"['Good for: Pores', 'Good for: Anti-Aging', 'Fragrance Free', 'Reef Safe SPF', 'Best for Oily, Combo, Normal Skin', 'UV Protection']"
P500060,"['Clean at Sephora', 'Good for: Anti-Aging', 'Fragrance Free', 'Reef Safe SPF', 'UV Protection', 'Cruelty-Free']"
P482747,"['Clean at Sephora', 'Fragrance Free', 'Reef Safe SPF', 'UV Protection', 'Cruelty-Free']"
P505208,"['Good for: Pores', 'Good for: Anti-Aging', 'Fragrance Free', 'Reef Safe SPF', 'UV Protection', 'Best for Oily, Combo, Normal Skin']"
P471577,"['allure 2020 Best of Beauty Award Winner', 'Vegan', 'All Hair Types', 'Without Sulfates SLS & SLES', 'Clean + Planet Positive']"
P471580,"['Fragrance Free', 'Vegan', 'All Hair Types', 'Without Sulfates SLS & SLES', 'Clean + Planet Positive']"
P471578,"['All Hair Types', 'Vegan', 'Clean + Planet Positive', 'Hydrating', 'Increases Shine']"
P471581,"['Fragrance Free', 'Vegan', 'Clean + Planet Positive', 'Hydrating', 'Increases Shine']"
P415212,"['Good for: Damage', 'Good for: Volume', 'Curl-Enhancing', 'All Hair Types', 'Good for: Frizz', 'Increases Shine']"
P282405,No Highlights
P428229,"['Good for: Volume', 'All Hair Types', 'Curl-Enhancing', 'Good for: Frizz', 'Coily Hair', 'Curly Hair']"
P477244,"['All Hair Types', 'Good for: Frizz', 'Good for: Volume']"
P445425,"['Good for: Volume', 'All Hair Types', 'Curl-Enhancing', 'Good for: Frizz', 'Coily Hair', 'Curly Hair']"
P428228,No Highlights
P422239,"['Good for: Volume', 'Good for: Frizz', 'All Hair Types', 'Increases Shine']"
P424208,No Highlights
P469539,"['All Hair Types', 'Good for: Frizz', 'Coily Hair', 'Curly Hair', 'Wavy Hair', 'Straight Hair']"
P445441,No Highlights
P445439,No Highlights
P463355,"['Curl-Enhancing', 'Good for: Volume', 'Good for: Color Care', 'Customizable', 'All Hair Types', 'Increases Shine']"
P500153,"['Good for: Volume', 'All Hair Types', 'Good for: Frizz']"
P500152,"['Good for: Volume', 'All Hair Types', 'Good for: Frizz']"
P502211,"['Good for: Volume', 'All Hair Types', 'Curl-Enhancing', 'Good for: Frizz', 'Coily Hair', 'Curly Hair']"
P502161,"['Good for: Volume', 'All Hair Types', 'Curl-Enhancing', 'Good for: Frizz', 'Coily Hair', 'Curly Hair']"
P445440,No Highlights
P481501,"['Good for: Volume', 'All Hair Types', 'Good for: Frizz']"
P469540,No Highlights
P502204,"['Good for: Volume', 'All Hair Types', 'Curl-Enhancing', 'Good for: Frizz', 'Coily Hair', 'Curly Hair']"
P502212,"['Good for: Volume', 'All Hair Types', 'Curl-Enhancing', 'Good for: Frizz', 'Coily Hair', 'Curly Hair']"
P500164,"['Good for: Volume', 'All Hair Types', 'Curl-Enhancing', 'Good for: Frizz', 'Coily Hair', 'Curly Hair']"
P504176,"['allure 2020 Best of Beauty Award Winner', 'Coily Hair', 'Curly Hair', 'Wavy Hair']"
P500157,"['Good for: Volume', 'Coily Hair', 'Good for: Frizz', 'Curly Hair']"
P424988,"['allure 2020 Best of Beauty Award Winner', 'Good for: Dullness/Uneven Texture', 'Hydrating', 'Customizable', 'Without Parabens', 'Cruelty-Free']"
P424989,"['Good for: Dullness/Uneven Texture', 'Good for: Loss of firmness', 'Hydrating', 'Customizable', 'Without Parabens', 'Cruelty-Free']"
P424986,"['Radiant Finish', 'Good for: Dullness/Uneven Texture', 'Good for: Loss of firmness', 'Hydrating', 'Without Parabens', 'Cruelty-Free']"
P424990,"['Good for: Dullness/Uneven Texture', 'Good for: Loss of firmness', 'Hydrating', 'Without Parabens', 'Cruelty-Free']"
P447199,"['Vegan', 'Good for: Dullness/Uneven Texture', 'Hyaluronic Acid', 'Plumping', 'Hydrating', 'Cruelty-Free']"
P424985,"['Good for: Dullness/Uneven Texture', 'Hydrating', 'Customizable', 'Good for: Dryness', 'Without Parabens', 'Cruelty-Free']"
P424984,"['Good for: Dullness/Uneven Texture', 'Hydrating', 'Customizable', 'Good for: Dryness', 'Without Parabens', 'Cruelty-Free']"
P456989,"['Vegan', 'Good for: Dullness/Uneven Texture', 'Hyaluronic Acid', 'Plumping', 'Hydrating', 'Cruelty-Free']"
P474376,"['allure 2020 Best of Beauty Award Winner', 'Good for: Dullness/Uneven Texture', 'Hydrating', 'Customizable', 'Without Parabens']"
P433440,"['Vegan', 'Good for: Dullness/Uneven Texture', 'Hydrating', 'Good for: Dryness', 'Without Parabens', 'Cruelty-Free']"
P424987,"['Good for: Dullness/Uneven Texture', 'Hydrating', 'Good for: Anti-Aging', 'Good for: Dryness', 'Without Parabens', 'Cruelty-Free']"
P470545,No Highlights
P432664,"['Vegan', 'Radiant Finish', 'Good for: Dullness/Uneven Texture', 'Hydrating', 'Without Parabens', 'Cruelty-Free']"
P481837,"['Good for: Redness', 'Hydrating', 'Good for: Dryness', 'Best for Dry, Combo, Normal Skin', 'Cruelty-Free']"
P432665,"['Vegan', 'Good for: Dullness/Uneven Texture', 'Hydrating', 'AHA/Glycolic Acid', 'Without Parabens', 'Cruelty-Free']"
P278610,"['Vegan', 'Pressed Powder Formula', 'Natural Finish', 'Community Favorite', 'Long-wearing', 'Without Parabens']"
P403812,"['Pressed Powder Formula', 'Community Favorite', 'Long-wearing', 'Without Phthalates', 'Without Parabens']"
P482750,"['Vegan', 'Plumping', 'Hydrating', 'Without Parabens', 'Gluten Free', 'Cruelty-Free']"
P391759,No Highlights
P405601,"['Hydrating', 'Vegan', 'Without Parabens', 'Without Mineral Oil', 'Without Phthalates']"
P423935,No Highlights
P467977,No Highlights
P433206,"['Vegan', 'Radiant Finish', 'Good for: Redness', 'Good for: Dark Circles', 'Hydrating', 'Full Coverage']"
P376726,No Highlights
P377542,"['Vegan', 'Liquid Formula', 'Matte Finish', 'Long-wearing', 'Medium Coverage', 'SPF']"
P111902,"['Vegan', 'Volumizing', 'Lengthening', 'Curling']"
P447364,"['Vegan', 'Radiant Finish', 'Good for: Redness', 'Good for: Dark Circles', 'Hydrating', 'Full Coverage']"
P427600,No Highlights
P405599,"['Vegan', 'Hyaluronic Acid', 'Good for: Loss of firmness', 'Hydrating', 'Good for: Dryness', 'Best for Dry, Combo, Normal Skin']"
P429612,"['Vegan', 'High Shine Finish', 'Hydrating', 'Clean at Sephora', 'Gluten Free']"
P290629,No Highlights
P67617,No Highlights
P262113,No Highlights
P408432,"['Vegan', 'Long-wearing', 'Waterproof', 'Without Parabens', 'Gluten Free']"
P413181,No Highlights
P275309,No Highlights
P405096,"['Clean at Sephora', 'Vegan']"
P387228,No Highlights
P392636,No Highlights
P409631,"['Clean at Sephora', 'Vegan']"
P377545,No Highlights
P415984,No Highlights
P310018,No Highlights
P456371,"['Vegan', 'Light Coverage', 'Radiant Finish', 'Hyaluronic Acid', 'Hydrating', 'Long-wearing']"
P442792,No Highlights
P473000,"['Natural Finish', 'Clean at Sephora', 'Hydrating', 'Long-wearing', 'Waterproof', 'Medium Coverage']"
P286101,No Highlights
P408285,No Highlights
P405597,"['Clean at Sephora', 'Vegan']"
P450535,"['Vegan', 'Pressed Powder Formula', 'Natural Finish', 'Community Favorite', 'Long-wearing', 'Without Parabens']"
P427525,No Highlights
P387175,No Highlights
P504200,"['Vegan', 'Hydrating', 'Satin Finish', 'Gluten Free', 'Cruelty-Free']"
P179924,No Highlights
P99809,"['Vegan', 'Natural Finish', 'Long-wearing', 'Waterproof', 'Oil Free', 'Without Parabens']"
P456586,"['Clean at Sephora', 'Vegan']"
P420231,No Highlights
P397383,No Highlights
P456601,"['Vegan', 'Natural Finish', 'Cream Formula', 'Waterproof', 'Gluten Free']"
P407637,No Highlights
P481746,"['Hyaluronic Acid', 'Niacinamide', 'Long-wearing', 'Vegan', 'Cruelty-Free', 'Clean at Sephora']"
P481744,"['Hyaluronic Acid', 'Niacinamide', 'Long-wearing', 'Vegan', 'Cruelty-Free', 'Clean at Sephora']"
P152703,"['Light Coverage', 'Vegan', 'Pressed Powder Formula', 'Matte Finish', 'Long-wearing', 'Best for Oily, Combo, Normal Skin']"
P453271,"['Volumizing', 'Curling', 'Long-wearing', 'Vegan', 'Without Sulfates SLS & SLES']"
P456602,"['Vegan', 'Natural Finish', 'Cream Formula', 'Waterproof', 'Gluten Free']"
P414737,"['Vegan', 'Clean at Sephora']"
P413182,No Highlights
P500780,"['Light Coverage', 'Stick Formula', 'Radiant Finish', 'Gluten Free', 'Cruelty-Free']"
P500620,No Highlights
P472191,"['Cream Formula', 'Natural Finish', 'Long-wearing', 'Hydrating', 'Clean at Sephora', 'Vegan']"
P473001,"['Natural Finish', 'Clean at Sephora', 'Hydrating', 'Long-wearing', 'Waterproof', 'Medium Coverage']"
P440260,"['Vegan', 'Long-wearing', 'Waterproof', 'Without Parabens', 'Gluten Free']"
P500182,"['Vegan', 'Volumizing', 'Long-wearing', 'Lengthening', 'Curling', 'Cruelty-Free']"
P456587,No Highlights
P469864,"['Vegan', 'Natural Finish', 'Cream Formula', 'Hydrating', 'Clean at Sephora', 'Long-wearing']"
P242810,No Highlights
P472190,"['Hydrating', 'Vegan', 'Gluten Free', 'Clean at Sephora']"
P470550,"['Vegan', 'Long-wearing', 'Waterproof']"
P473840,"['Without Parabens', 'Pressed Powder Formula', 'Long-wearing']"
P456604,"['Hydrating', 'Radiant Finish', 'Long-wearing', 'Vegan', 'Light Coverage', 'Hyaluronic Acid']"
P441841,"['Clean at Sephora', 'Good for: Dullness/Uneven Texture', 'Vegan']"
P430818,"['Clean at Sephora', 'Vegan']"
P409630,"['Clean at Sephora', 'Vegan']"
P385760,No Highlights
P441843,No Highlights
P453920,"['Volumizing', 'Curling', 'Long-wearing', 'Vegan', 'Without Sulfates SLS & SLES']"
P450537,No Highlights
P450536,No Highlights
P504210,No Highlights
P473821,"['Vegan', 'Long-wearing', 'Matte Finish', 'Full Coverage', 'Oil Free']"
P439932,"['Vegan', 'Volumizing', 'Lengthening', 'Curling']"
P469802,"['Vegan', 'Clean at Sephora']"
P468224,"['Pressed Powder Formula', 'Medium Coverage', 'Without Parabens', 'Vegan']"
P473856,"['Vegan', 'Cruelty-Free']"
P468223,"['Vegan', 'Matte Finish', 'Long-wearing', 'Medium Coverage', 'SPF', 'Best for Dry, Combo, Normal Skin']"
P450534,No Highlights
P415990,No Highlights
P420230,No Highlights
P432866,"['Clean at Sephora', 'Vegan']"
P505244,"['Vegan', 'High Shine Finish', 'Plumping', 'Hydrating', 'Cruelty-Free']"
P469865,"['Waterproof', 'Vegan', 'Long-wearing', 'Clean at Sephora']"
P501022,"['Vegan', 'Volumizing', 'Long-wearing', 'Lengthening', 'Curling', 'Cruelty-Free']"
P481745,"['Cruelty-Free', 'Vegan']"
P505127,"['Vegan', 'Radiant Finish', 'Long-wearing', 'Waterproof', 'Gluten Free', 'Cruelty-Free']"
P442989,"['Vegan', 'Clean at Sephora', 'Good for: Anti-Aging']"
P444433,No Highlights
P447200,"['Vegan', 'Clean at Sephora', 'Good for: Dryness']"
P454990,No Highlights
P452909,No Highlights
P453918,No Highlights
P504215,"['Vegan', 'Pressed Powder Formula', 'Long-wearing', 'Medium Coverage', 'Gluten Free', 'Cruelty-Free']"
P441842,No Highlights
P479994,"['Vegan', 'Long-wearing', 'Cruelty-Free', 'Pressed Powder Formula', 'Gluten Free']"
P440306,"['Hydrating', 'Good for: Dryness', 'Good for: Loss of firmness', 'Best for Dry, Combo, Normal Skin', 'Vegan', 'Hyaluronic Acid']"
P473335,No Highlights
P469800,"['Hydrating', 'Radiant Finish', 'Good for: Dullness/Uneven Texture', 'Vegan', 'Clean at Sephora']"
P473843,"['Vegan', 'Long-wearing', 'Matte Finish', 'Full Coverage']"
P420232,No Highlights
P474862,"['Natural Finish', 'Clean at Sephora', 'Hydrating', 'Long-wearing', 'Waterproof', 'Medium Coverage']"
P446871,No Highlights
P454376,"['Clean at Sephora', 'Best for Oily, Combo, Normal Skin', 'Vegan']"
P450538,No Highlights
P449835,No Highlights
P443762,No Highlights
P454989,No Highlights
P449836,"['Clean at Sephora', 'Vegan']"
P452910,No Highlights
P479998,"['Matte Finish', 'Long-wearing', 'Customizable', 'Full Coverage', 'Cruelty-Free']"
P463968,No Highlights
P447409,"['Vegan', 'Clean at Sephora', 'Good for: Dryness']"
P504220,"['Vegan', 'Pressed Powder Formula', 'Long-wearing', 'Gluten Free', 'Cruelty-Free']"
P457468,No Highlights
P454822,"['Clean at Sephora', 'Vegan']"
P505137,"['Vegan', 'Radiant Finish', 'Long-wearing', 'Waterproof', 'Gluten Free', 'Cruelty-Free']"
P454377,"['Clean at Sephora', 'Best for Oily, Combo, Normal Skin', 'Vegan']"
P449411,"['Vegan', 'Good for: Dullness/Uneven Texture', 'Clean at Sephora']"
P456434,"['Clean at Sephora', 'SPF', 'Vegan']"
P457279,"['Clean at Sephora', 'SPF', 'Vegan']"
P502885,"['Vegan', 'Loose Powder Formula', 'Long-wearing', 'Cruelty-Free']"
P470548,"['Vegan', 'Good for: Dullness/Uneven Texture', 'Good for: Pores', 'Good for: Anti-Aging', 'AHA/Glycolic Acid']"
P470547,"['Vegan', 'Natural Finish', 'Hydrating']"
P379707,"['Vegan', 'Good for: Dullness/Uneven Texture', 'Good for: Dark Circles', 'Clean at Sephora', 'Salicylic Acid', 'Cruelty-Free']"
P379710,"['Vegan', 'Good for: Dullness/Uneven Texture', 'Good for: Dark Circles', 'Clean at Sephora', 'Salicylic Acid', 'Cruelty-Free']"
P458917,"['Refill Available', 'Hyaluronic Acid', 'Clean + Planet Positive', 'Good for: Dryness', 'Best for Oily, Combo, Normal Skin']"
P432048,"['Vegan', 'Good for: Dullness/Uneven Texture', 'Good for: Dark Circles', 'Clean at Sephora', 'AHA/Glycolic Acid', 'Salicylic Acid']"
P429954,"['Vegan', 'Best for Oily Skin', 'Clean at Sephora', 'AHA/Glycolic Acid', 'Good for: Acne/Blemishes', 'Salicylic Acid']"
P462747,"['Vegan', 'Best for Oily Skin', 'Clean at Sephora', 'AHA/Glycolic Acid', 'Good for: Acne/Blemishes', 'Salicylic Acid']"
P420143,"['Vegan', 'Best for Oily Skin', 'Clean at Sephora', 'AHA/Glycolic Acid', 'Good for: Acne/Blemishes', 'Salicylic Acid']"
P379711,"['Good for: Dark Circles', 'Good for: Anti-Aging', 'Hyaluronic Acid', 'Cruelty-Free', 'Vegan', 'Clean at Sephora']"
P386739,"['Vegan', 'Vitamin C', 'Clean + Planet Positive', 'Good for: Dark Circles', 'Good for: Anti-Aging', 'Cruelty-Free']"
P392144,"['Vegan', 'Good for: Pores', 'Clean at Sephora', 'Salicylic Acid', 'Best for Oily, Combo, Normal Skin', 'Cruelty-Free']"
P462748,"['Vegan', 'Good for: Pores', 'Clean at Sephora', 'Salicylic Acid', 'Best for Oily, Combo, Normal Skin', 'Cruelty-Free']"
P379709,"['Vegan', 'Hyaluronic Acid', 'Clean at Sephora', 'Good for: Anti-Aging', 'Good for: Dryness', 'Cruelty-Free']"
P408301,"['Clean + Planet Positive', 'Best for Oily, Combo, Normal Skin', 'Good for: Pores']"
P392143,"['Vegan', 'Hyaluronic Acid', 'Good for: Dark Circles', 'Clean at Sephora', 'Good for: Anti-Aging', 'Cruelty-Free']"
P392142,"['Vegan', 'Vitamin C', 'Good for: Dark Circles', 'Clean at Sephora', 'Good for: Dryness', 'Cruelty-Free']"
P379705,"['Vegan', 'Hyaluronic Acid', 'Good for: Dark Circles', 'Clean at Sephora', 'Good for: Dryness', 'Cruelty-Free']"
P392001,"['Clean + Planet Positive', 'Good for: Dryness', 'Good for: Dullness/Uneven Texture', 'Good for: Anti-Aging']"
P412407,"['Clean + Planet Positive', 'Good for: Acne/Blemishes', 'Good for: Pores', 'Good for: Dryness']"
P379704,"['Vegan', 'Good for: Dark Circles', 'Clean at Sephora', 'Retinol', 'Good for: Dryness', 'Cruelty-Free']"
P472341,"['Vegan', 'Clean + Planet Positive', 'Fragrance Free', 'Hypoallergenic', 'Without Parabens', 'Gluten Free']"
P472343,"['Vegan', 'Clean + Planet Positive', 'Fragrance Free', 'Hypoallergenic', 'Without Parabens', 'Gluten Free']"
P476736,"['Good for: Anti-Aging', 'Good for: Dark spots', 'Good for: Dryness', 'Fragrance Free', 'Vegan', 'Clean + Planet Positive']"
P442748,"['Clean + Planet Positive', 'Hyaluronic Acid', 'Good for: Dryness', 'Good for: Dullness/Uneven Texture', 'Good for: Redness']"
P422848,"['Best for Dry Skin', 'Good for: Loss of firmness', 'Clean + Planet Positive', 'Good for: Anti-Aging']"
P500781,"['Good for: Dullness/Uneven Texture', 'Hyaluronic Acid', 'Clean + Planet Positive', 'AHA/Glycolic Acid', 'Best for Dry, Combo, Normal Skin', 'Cruelty-Free']"
P449410,"['Clean + Planet Positive', 'Retinol', 'Good for: Anti-Aging', 'Good for: Dryness']"
P472342,"['Vegan', 'Clean + Planet Positive', 'Fragrance Free', 'Hypoallergenic', 'Without Parabens', 'Gluten Free']"
P500482,"['Good for: Dullness/Uneven Texture', 'Clean + Planet Positive', 'AHA/Glycolic Acid', 'Good for: Dryness', 'Salicylic Acid', 'Cruelty-Free']"
P480354,"['Clean + Planet Positive', 'Without Silicones', 'Without Parabens', 'Without Sulfates SLS & SLES', 'Good for: Dullness/Uneven Texture']"
P503877,"['Vegan', 'Good for: Dullness/Uneven Texture', 'Clean + Planet Positive', 'Fragrance Free', 'Oil Free', 'Hypoallergenic']"
P418218,"['Community Favorite', 'Good for: Pores', 'Hydrating', 'Clean at Sephora', 'Oil Free', 'Best for Oily, Combo, Normal Skin']"
P454794,"['Community Favorite', 'Good for: Pores', 'Hydrating', 'Clean at Sephora', 'Oil Free', 'Best for Oily, Combo, Normal Skin']"
P441101,"['Hyaluronic Acid', 'Community Favorite', 'Plumping', 'Hydrating', 'Clean at Sephora', 'Good for: Dryness']"
P428661,"['Clean at Sephora', 'Natural Finish', 'Good for: Pores', 'Best for Dry, Combo, Normal Skin', 'Community Favorite']"
P415771,"['Good for: Dullness/Uneven Texture', 'Lactic Acid', 'Community Favorite', 'Clean at Sephora', 'Hydrating', 'Good for: Anti-Aging']"
P473160,"['Good for: Dullness/Uneven Texture', 'Lactic Acid', 'Community Favorite', 'Clean at Sephora', 'Hydrating', 'Good for: Anti-Aging']"
P461537,"['Clean at Sephora', 'Hydrating', 'Hyaluronic Acid', 'Good for: Dryness', 'Best for Dry, Combo, Normal Skin']"
P504595,"['Hyaluronic Acid', 'Clean at Sephora', 'Hydrating', 'Good for: Dryness', 'Best for Dry, Combo, Normal Skin']"
P456446,"['Natural Finish', 'Good for: Pores', 'Clean at Sephora', 'Best for Oily, Combo, Normal Skin']"
P427536,"['allure 2020 Best of Beauty Award Winner', 'Good for: Pores', 'Clean at Sephora', 'Oil Free', 'Best for Oily, Combo, Normal Skin']"
P504615,"['allure 2020 Best of Beauty Award Winner', 'Good for: Pores', 'Clean at Sephora', 'Oil Free', 'Best for Oily, Combo, Normal Skin']"
P399623,"['Good for: Dullness/Uneven Texture', 'Clean at Sephora', 'Good for: Dryness']"
P392235,"['Clean at Sephora', 'Good for: Dryness', 'Without Silicones']"
P460512,"['Natural Finish', 'Good for: Pores', 'Clean at Sephora', 'Best for Oily, Combo, Normal Skin']"
P426340,"['Good for: Dullness/Uneven Texture', 'Good for: Pores', 'Clean at Sephora']"
P439058,"['Good for: Dullness/Uneven Texture', 'Vitamin C', 'Clean at Sephora', 'Good for: Anti-Aging', 'Good for: Dark spots']"
P447780,"['Good for: Loss of firmness', 'Clean at Sephora', 'Hydrating', 'Good for: Anti-Aging', 'Good for: Dryness']"
P466155,"['Hyaluronic Acid', 'Good for: Dullness/Uneven Texture', 'Good for: Loss of firmness', 'Lactic Acid', 'Clean at Sephora', 'Good for: Anti-Aging']"
P454018,"['Clean at Sephora', 'Hydrating', 'Plumping', 'Hyaluronic Acid', 'Good for: Loss of firmness']"
P453225,"['Clean at Sephora', 'Hydrating', 'Plumping', 'Good for: Dryness', 'Community Favorite']"
P474377,"['Good for: Redness', 'Hyaluronic Acid', 'Good for: Dullness/Uneven Texture', 'Hydrating', 'Clean at Sephora', 'Good for: Anti-Aging']"
P503191,"['Good for: Redness', 'Hyaluronic Acid', 'Good for: Dullness/Uneven Texture', 'Hydrating', 'Clean at Sephora', 'Good for: Anti-Aging']"
P422069,"['Good for: Dullness/Uneven Texture', 'Clean at Sephora', 'Good for: Dryness']"
P469546,"['Clean at Sephora', 'Good for: Pores', 'Good for: Anti-Aging', 'Radiant Finish', 'Best for Oily, Combo, Normal Skin']"
P440934,"['Clean at Sephora', 'Natural Finish', 'Good for: Pores', 'Best for Dry, Combo, Normal Skin']"
P413326,"['Good for: Anti-Aging', 'Good for: Dryness', 'Cruelty-Free', 'Vegan', 'Clean at Sephora']"
P420699,"['Good for: Dullness/Uneven Texture', 'Vitamin C', 'Clean at Sephora', 'Good for: Dark spots']"
P481169,"['Radiant Finish', 'Hyaluronic Acid', 'Clean at Sephora', 'Reef Safe SPF', 'Niacinamide', 'Cruelty-Free']"
P500640,"['Radiant Finish', 'Hyaluronic Acid', 'Clean at Sephora', 'Reef Safe SPF', 'Niacinamide', 'Cruelty-Free']"
P417867,"['Good for: Loss of firmness', 'Clean at Sephora', 'Hydrating', 'Good for: Anti-Aging', 'Best for Dry, Combo, Normal Skin']"
P479352,"['Niacinamide', 'Good for: Dullness/Uneven Texture', 'Good for: Pores', 'AHA/Glycolic Acid', 'Clean at Sephora', 'Best for Oily, Combo, Normal Skin']"
P482552,"['Vegan', 'Good for: Dullness/Uneven Texture', 'Good for: Pores', 'Clean at Sephora', 'Best for Oily, Combo, Normal Skin', 'Cruelty-Free']"
P403315,"['Clean at Sephora', 'Good for: Dryness', 'Good for: Dullness/Uneven Texture', 'Good for: Anti-Aging']"
P502469,"['Good for: Dullness/Uneven Texture', 'Woody & Earthy Scent', 'Clean at Sephora', 'Best for Dry, Combo, Normal Skin', 'Cruelty-Free']"
P502491,"['Woody & Earthy Scent', 'Clean at Sephora', 'Good for: Dryness', 'Best for Dry, Combo, Normal Skin', 'Cruelty-Free']"
P502455,"['Woody & Earthy Scent', 'Clean at Sephora', 'Good for: Dryness', 'Best for Dry, Combo, Normal Skin', 'Cruelty-Free']"
P504506,"['Good for: Redness', 'Good for: Dullness/Uneven Texture', 'Good for: Loss of firmness', 'Clean at Sephora', 'Good for: Anti-Aging', 'Cruelty-Free']"
P399622,"['Clean at Sephora', 'Good for: Dryness', 'Good for: Dullness/Uneven Texture', 'Good for: Loss of firmness']"
P460746,['Clean at Sephora']
P504218,"['Hyaluronic Acid', 'Hydrating', 'Clean at Sephora', 'Best for Dry, Combo, Normal Skin']"
P474128,"['Clean at Sephora', 'Good for: Pores', 'Good for: Anti-Aging', 'Radiant Finish', 'Best for Oily, Combo, Normal Skin']"
P468229,"['Good for: Loss of firmness', 'Vitamin C', 'Clean at Sephora', 'Hydrating', 'Good for: Anti-Aging']"
P504327,"['Clean at Sephora', 'Best for Dry, Combo, Normal Skin', 'Cruelty-Free']"
P471582,No Highlights
P504203,"['Good for: Pores', 'Clean at Sephora', 'Hydrating', 'Best for Oily, Combo, Normal Skin']"
P501323,"['Good for: Redness', 'Best for Dry Skin', 'Plumping', 'Clean at Sephora']"
P504303,"['Good for: Redness', 'Clean at Sephora', 'Good for: Dryness']"
P502365,"['Good for: Pores', 'Hydrating', 'Clean at Sephora', 'Best for Oily, Combo, Normal Skin']"
P454795,"['Hyaluronic Acid', 'Community Favorite', 'Plumping', 'Hydrating', 'Clean at Sephora', 'Good for: Dryness']"
P480355,"['allure 2020 Best of Beauty Award Winner', 'Good for: Dullness/Uneven Texture', 'Lactic Acid', 'Community Favorite', 'Plumping', 'Clean at Sephora']"
P428713,"['Vegan', 'Unisex/ Genderless Scent', 'Clean + Planet Positive', 'Without Phthalates', 'Hypoallergenic', 'Cruelty-Free']"
P428714,"['Vegan', 'Unisex/ Genderless Scent', 'Clean + Planet Positive', 'Without Phthalates', 'Hypoallergenic', 'Cruelty-Free']"
P480464,"['Vegan', 'Unisex/ Genderless Scent', 'Layerable Scent', 'Clean + Planet Positive', 'Hypoallergenic', 'Cruelty-Free']"
P468853,"['Vegan', 'Unisex/ Genderless Scent', 'Clean + Planet Positive', 'Without Phthalates', 'Hypoallergenic', 'Cruelty-Free']"
P468854,"['Vegan', 'Unisex/ Genderless Scent', 'Clean + Planet Positive', 'Without Phthalates', 'Hypoallergenic', 'Cruelty-Free']"
P468852,"['Vegan', 'Unisex/ Genderless Scent', 'Clean + Planet Positive', 'Without Phthalates', 'Hypoallergenic', 'Cruelty-Free']"
P480633,"['Vegan', 'Unisex/ Genderless Scent', 'Clean + Planet Positive', 'Without Phthalates', 'Hypoallergenic', 'Cruelty-Free']"
P455880,"['Vegan', 'Unisex/ Genderless Scent', 'Clean + Planet Positive', 'Without Phthalates', 'Hypoallergenic', 'Cruelty-Free']"
P480632,"['Vegan', 'Unisex/ Genderless Scent', 'Clean + Planet Positive', 'Without Phthalates', 'Hypoallergenic', 'Cruelty-Free']"
P428707,"['Vegan', 'Unisex/ Genderless Scent', 'Clean + Planet Positive', 'Without Phthalates', 'Hypoallergenic', 'Cruelty-Free']"
P468851,"['Vegan', 'Unisex/ Genderless Scent', 'Clean + Planet Positive', 'Without Phthalates', 'Hypoallergenic', 'Cruelty-Free']"
P428705,"['Vegan', 'Unisex/ Genderless Scent', 'Clean + Planet Positive', 'Without Phthalates', 'Hypoallergenic', 'Cruelty-Free']"
P428711,"['Vegan', 'Unisex/ Genderless Scent', 'Clean + Planet Positive', 'Without Phthalates', 'Hypoallergenic', 'Cruelty-Free']"
P428704,"['Vegan', 'Unisex/ Genderless Scent', 'Clean + Planet Positive', 'Without Phthalates', 'Hypoallergenic', 'Cruelty-Free']"
P504855,"['Vegan', 'Unisex/ Genderless Scent', 'Clean + Planet Positive', 'Without Phthalates', 'Hypoallergenic', 'Cruelty-Free']"
P428706,"['Vegan', 'Unisex/ Genderless Scent', 'Clean + Planet Positive', 'Without Phthalates', 'Hypoallergenic', 'Cruelty-Free']"
P468855,"['Vegan', 'Unisex/ Genderless Scent', 'Clean + Planet Positive', 'Without Phthalates', 'Hypoallergenic', 'Cruelty-Free']"
P428712,"['Vegan', 'Unisex/ Genderless Scent', 'Clean + Planet Positive', 'Without Phthalates', 'Hypoallergenic', 'Cruelty-Free']"
P504991,"['Vegan', 'Unisex/ Genderless Scent', 'Clean + Planet Positive', 'Without Phthalates', 'Hypoallergenic', 'Cruelty-Free']"
P428709,"['Vegan', 'Unisex/ Genderless Scent', 'Clean + Planet Positive', 'Without Phthalates', 'Hypoallergenic', 'Cruelty-Free']"
P428708,"['Vegan', 'Unisex/ Genderless Scent', 'Clean + Planet Positive', 'Without Phthalates', 'Hypoallergenic', 'Cruelty-Free']"
P428715,"['Clean + Planet Positive', 'Without Phthalates', 'Cruelty-Free']"
P482076,"['Vegan', 'Unisex/ Genderless Scent', 'Clean + Planet Positive', 'Without Phthalates', 'Hypoallergenic', 'Cruelty-Free']"
P455364,"['allure 2020 Best of Beauty Award Winner', 'Best for Normal Skin', 'Good for: Redness', 'Community Favorite', 'Clean at Sephora', 'Good for: Dryness']"
P478030,"['allure 2020 Best of Beauty Award Winner', 'Best for Normal Skin', 'Good for: Redness', 'Community Favorite', 'Clean at Sephora', 'Good for: Dryness']"
P443845,"['allure 2022 Best of Beauty Award Winner', 'Hyaluronic Acid', 'Plumping', 'Good for: Dark Circles', 'Clean at Sephora', 'Hydrating']"
P443840,"['Community Favorite', 'Clean at Sephora', 'Good for: Anti-Aging', 'Good for: Dryness', 'Cruelty-Free']"
P443833,"['Good for: Pores', 'Clean at Sephora', 'Good for: Acne/Blemishes', 'Salicylic Acid', 'Cruelty-Free']"
P443842,"['Good for: Dullness/Uneven Texture', 'Community Favorite', 'Clean at Sephora', 'allure 2021 Best of Beauty Award Winner', 'Good for: Anti-Aging', 'Retinol']"
P448802,"['Good for: Dullness/Uneven Texture', 'Good for: Dark Circles', 'Clean at Sephora', 'Good for: Dark spots', 'Niacinamide', 'Cruelty-Free']"
P480636,"['Hydrating', 'Clean at Sephora', 'All Hair Types', 'Salicylic Acid', 'Good for: Flaky/Dry Scalp']"
P446942,"['Best for Oily Skin', 'Good for: Pores', 'Clean at Sephora', 'Good for: Acne/Blemishes', 'Niacinamide']"
P443830,"['Good for: Dullness/Uneven Texture', 'Clean at Sephora', 'Good for: Anti-Aging', 'Good for: Dryness', 'Cruelty-Free']"
P467655,"['Hyaluronic Acid', 'Clean at Sephora', 'Good for: Acne/Blemishes', 'Salicylic Acid', 'Cruelty-Free']"
P455369,"['Good for: Loss of firmness', 'Plumping', 'Clean at Sephora', 'Good for: Anti-Aging', 'Best for Dry, Combo, Normal Skin']"
P455368,"['Good for: Dullness/Uneven Texture', 'Vitamin C', 'Clean at Sephora', 'Best for Oily, Combo, Normal Skin']"
P455366,"['Best for Normal Skin', 'Clean at Sephora', 'Good for: Anti-Aging', 'Retinol', 'Cruelty-Free']"
P443843,"['Good for: Loss of firmness', 'Clean at Sephora', 'Good for: Anti-Aging', 'Good for: Dryness', 'Cruelty-Free']"
P443846,"['Good for: Loss of firmness', 'Collagen', 'Clean at Sephora', 'Good for: Anti-Aging', 'Cruelty-Free']"
P479354,"['Vegan', 'Good for: Dullness/Uneven Texture', 'Clean at Sephora', 'Hydrating', 'Good for: Dryness', 'Best for Oily, Combo, Normal Skin']"
P443841,"['Good for: Dullness/Uneven Texture', 'Good for: Loss of firmness', 'Vitamin C', 'Clean at Sephora', 'Good for: Anti-Aging', 'Cruelty-Free']"
P450614,"['Vitamin C', 'Clean at Sephora', 'Good for: Dark spots', 'Cruelty-Free']"
P480634,"['Hyaluronic Acid', 'Clean at Sephora', 'Hydrating', 'All Hair Types', 'Good for: Dryness', 'Good for: Frizz']"
P450262,"['Good for: Dullness/Uneven Texture', 'Good for: Dark Circles', 'Clean at Sephora', 'Good for: Dark spots', 'Niacinamide', 'Cruelty-Free']"
P442871,"['Community Favorite', 'Good for: Pores', 'Clean at Sephora', 'Good for: Acne/Blemishes', 'Salicylic Acid', 'Cruelty-Free']"
P447778,"['Best for Normal Skin', 'Good for: Dullness/Uneven Texture', 'Clean at Sephora', 'Good for: Anti-Aging', 'Cruelty-Free']"
P469088,"['Good for: Dullness/Uneven Texture', 'Good for: Dark Circles', 'Clean at Sephora', 'Cruelty-Free']"
P478029,"['Good for: Dark Circles', 'Good for: Dullness/Uneven Texture', 'Cruelty-Free', 'Clean at Sephora']"
P480637,"['Clean at Sephora', 'All Hair Types', 'Good for: Hair Thinning', 'Fragrance Free']"
P450244,"['Good for: Dullness/Uneven Texture', 'Hyaluronic Acid', 'Clean at Sephora', 'Good for: Anti-Aging', 'Good for: Dryness', 'Cruelty-Free']"
P455365,"['Best for Normal Skin', 'Vitamin C', 'Clean at Sephora', 'Good for: Dryness', 'Niacinamide', 'Cruelty-Free']"
P443838,"['Good for: Dullness/Uneven Texture', 'Clean at Sephora', 'AHA/Glycolic Acid', 'Good for: Dark spots', 'Cruelty-Free']"
P501010,"['Clean at Sephora', 'All Hair Types', 'Fragrance Free', 'Cruelty-Free']"
P480635,"['Good for: Volume', 'Clean at Sephora', 'All Hair Types']"
P443837,"['Good for: Pores', 'Clean at Sephora', 'Good for: Acne/Blemishes', 'Cruelty-Free']"
P479353,"['Vegan', 'Hyaluronic Acid', 'Clean at Sephora', 'Hydrating', 'Good for: Dryness']"
P479722,"['Clean at Sephora', 'Retinol', 'AHA/Glycolic Acid', 'Good for: Acne/Blemishes', 'Good for: Dark spots']"
P443834,"['Good for: Dullness/Uneven Texture', 'allure 2019 Best of Beauty Award Winner', 'Clean at Sephora', 'Good for: Acne/Blemishes', 'Good for: Dark spots', 'Cruelty-Free']"
P480638,"['Good for: Damage', 'Clean at Sephora', 'All Hair Types', 'Good for: Frizz', 'Increases Shine']"
P443839,"['Clean at Sephora', 'Good for: Anti-Aging', 'Good for: Dryness', 'Cruelty-Free']"
P448537,"['Good for: Dullness/Uneven Texture', 'Clean at Sephora', 'Good for: Dark spots', 'Cruelty-Free']"
P502749,"['Best for Combination Skin', 'Hyaluronic Acid', 'Clean at Sephora', 'Good for: Acne/Blemishes', 'Cruelty-Free']"
P502691,"['Good for: Dullness/Uneven Texture', 'Clean at Sephora', 'Retinol', 'Good for: Acne/Blemishes', 'Good for: Dark spots', 'Cruelty-Free']"
P474972,"['Clean at Sephora', 'Vegan', 'Cream Formula', 'Good for: Dullness/Uneven Texture']"
P502741,"['Good for: Redness', 'Clean at Sephora', 'Cruelty-Free']"
P502710,"['Best for Oily Skin', 'Good for: Pores', 'Clean at Sephora', 'Good for: Acne/Blemishes', 'Niacinamide', 'Cruelty-Free']"
P502756,"['Best for Dry Skin', 'Hydrating', 'Clean at Sephora', 'Cruelty-Free']"
P469544,"['Good for: Acne/Blemishes', 'Clean at Sephora', 'Best for Oily, Combo, Normal Skin', 'Good for: Pores', 'Salicylic Acid', 'Vitamin C']"
P505711,"['Vegan', 'Hydrating', 'Clean at Sephora', 'UV Protection', 'SPF', 'Cruelty-Free']"
P500775,"['Good for: Redness', 'Hyaluronic Acid', 'Hydrating', 'Clean at Sephora', 'Good for: Dryness', 'Cruelty-Free']"
P476459,"['Vegan', 'Unisex/ Genderless Scent', 'Woody & Earthy Scent', 'Clean + Planet Positive', 'Without Parabens', 'Cruelty-Free']"
P476447,"['Vegan', 'Clean + Planet Positive', 'Gluten Free', 'Cruelty-Free']"
P476538,"['Vegan', 'Clean + Planet Positive', 'Gluten Free', 'Cruelty-Free']"
P480466,"['Vegan', 'Clean + Planet Positive', 'Good for: Hair Thinning', 'Good for: Flaky/Dry Scalp', 'Cruelty-Free', 'Good for: Oily Scalp']"
P476554,"['Good for: Loss of firmness', 'Clean + Planet Positive', 'Collagen', 'Good for: Anti-Aging', 'Good for: Dryness', 'Gluten Free']"
P476553,"['Vegan', 'Good for: Dullness/Uneven Texture', 'Clean + Planet Positive', 'Retinol', 'Good for: Acne/Blemishes', 'Gluten Free']"
P480465,"['Good for: Damage', 'Clean + Planet Positive', 'Good for: Hair Thinning', 'All Hair Types', 'Cruelty-Free']"
P480358,"['Vegan', 'Clean + Planet Positive', 'Gluten Free', 'Cruelty-Free']"
P504049,"['Vegan', 'Good for: Dullness/Uneven Texture', 'Clean + Planet Positive', 'AHA/Glycolic Acid', 'Good for: Acne/Blemishes', 'Cruelty-Free']"
P505209,"['Vegan', 'Clean + Planet Positive', 'Hydrating', 'Good for: Dryness', 'Best for Dry, Combo, Normal Skin', 'Cruelty-Free']"
P503564,"['Good for: Volume', 'Clean at Sephora', 'Good for: Hair Thinning', 'All Hair Types', 'Good for: Flaky/Dry Scalp', 'Cruelty-Free']"
P505210,"['Vegan', 'Clean + Planet Positive', 'Hydrating', 'Good for: Dryness', 'Best for Dry, Combo, Normal Skin', 'Cruelty-Free']"
P427417,"['Vegan', 'Community Favorite', 'Oil Free', 'Without Silicones', 'Niacinamide']"
P500423,"['Vegan', 'Good for: Hair Thinning', 'Fragrance Free', 'Cruelty-Free']"
P442831,"['Vegan', 'Good for: Hair Thinning', 'Without Silicones', 'Alcohol Free']"
P427419,"['Vegan', 'Hyaluronic Acid', 'allure 2019 Best of Beauty Award Winner', 'Community Favorite', 'Without Silicones']"
P442563,"['Vegan', 'Community Favorite', 'AHA/Glycolic Acid', 'Oil Free', 'Without Silicones']"
P427406,"['Community Favorite', 'AHA/Glycolic Acid', 'Oil Free', 'Without Silicones', 'Alcohol Free']"
P427416,"['Vegan', 'Community Favorite', 'Good for: Dark Circles', 'Oil Free', 'Alcohol Free']"
P427414,"['Vegan', 'Community Favorite', 'Without Silicones', 'Alcohol Free', 'Gluten Free']"
P427408,"['Vegan', 'Hydrating', 'Matte Finish', 'Fragrance Free', 'Without Parabens', 'Without Sulfates SLS & SLES']"
P427415,"['Vegan', 'Without Silicones', 'Alcohol Free', 'Gluten Free']"
P427420,"['Vegan', 'Community Favorite', 'Oil Free', 'Without Silicones', 'Alcohol Free']"
P427413,"['Vegan', 'Lactic Acid', 'Community Favorite', 'Without Silicones', 'Alcohol Free']"
P427410,"['Vegan', 'Good for: Dullness/Uneven Texture', 'Vitamin C', 'Good for: Anti-Aging', 'Without Parabens', 'Without Sulfates SLS & SLES']"
P427411,"['Vegan', 'Community Favorite', 'Oil Free', 'Alcohol Free', 'Gluten Free']"
P502999,"['Vegan', 'Liquid Formula', 'All Hair Types', 'Fragrance Free', 'Cruelty-Free']"
P481170,"['Liquid Formula', 'Hydrating', 'All Hair Types', 'Fragrance Free', 'Good for: Flaky/Dry Scalp', 'Cruelty-Free']"
P444718,"['Vegan', 'Hydrating', 'Good for: Dryness', 'Without Parabens', 'Without Sulfates SLS & SLES', 'Gluten Free']"
P447598,"['Vegan', 'Good for: Dullness/Uneven Texture', 'Good for: Dryness', 'Without Parabens', 'Good for: Dark spots', 'Without Sulfates SLS & SLES']"
P427412,"['Vegan', 'Without Silicones', 'Alcohol Free', 'Gluten Free']"
P427418,"['Vegan', 'Good for: Dullness/Uneven Texture', 'Retinol', 'Good for: Anti-Aging', 'Without Parabens', 'Without Sulfates SLS & SLES']"
P442830,"['Vegan', 'Best for Dry Skin', 'Good for: Dryness', 'Without Silicones', 'Alcohol Free', 'Without Sulfates SLS & SLES']"
P448530,"['Vegan', 'Community Favorite', 'Salicylic Acid', 'Without Silicones', 'Alcohol Free']"
P442754,"['Vegan', 'Good for: Anti-Aging', 'Without Parabens', 'Without Sulfates SLS & SLES', 'Good for: Dark spots', 'Gluten Free']"
P442758,"['Vegan', 'Good for: Dullness/Uneven Texture', 'Good for: Acne/Blemishes', 'Without Parabens', 'Without Sulfates SLS & SLES', 'Gluten Free']"
P427409,"['Vegan', 'Good for: Dullness/Uneven Texture', 'Vitamin C', 'Good for: Anti-Aging', 'Without Parabens', 'Gluten Free']"
P481171,"['Vegan', 'Liquid Formula', 'All Hair Types', 'Fragrance Free', 'Good for: Oily Scalp', 'Cruelty-Free']"
P447596,"['Vegan', 'Best for Dry Skin', 'Without Parabens', 'Gluten Free', 'Without Sulfates SLS & SLES']"
P479732,"['Vegan', 'Fragrance Free', 'Good for: Acne/Blemishes', 'Salicylic Acid', 'Without Parabens', 'Cruelty-Free']"
P455900,No Highlights
P481172,"['Vegan', 'Liquid Formula', 'Hydrating', 'All Hair Types', 'Fragrance Free', 'Cruelty-Free']"
P442752,"['Vegan', 'Oil Free', 'Without Silicones', 'Alcohol Free', 'Gluten Free']"
P442753,"['Vegan', 'Good for: Anti-Aging', 'Fragrance Free', 'Without Parabens', 'Without Sulfates SLS & SLES', 'Gluten Free']"
P442757,"['Vegan', 'Good for: Dullness/Uneven Texture', 'Good for: Dryness', 'Without Parabens', 'Without Sulfates SLS & SLES', 'Gluten Free']"
P455899,"['Vegan', 'Best for Dry Skin', 'Good for: Dryness', 'Without Parabens', 'Without Sulfates SLS & SLES', 'Gluten Free']"
P427405,"['Vegan', 'Good for: Anti-Aging', 'Without Phthalates', 'Fragrance Free', 'Without Parabens', 'Without Silicones']"
P442759,"['Vegan', 'Good for: Loss of firmness', 'Good for: Dryness', 'Without Parabens', 'Without Sulfates SLS & SLES', 'Gluten Free']"
P504028,"['Vegan', 'Liquid Formula', 'Good for: Dark Circles', 'Good for: Anti-Aging', 'Fragrance Free', 'Cruelty-Free']"
P455898,"['Vegan', 'Good for: Loss of firmness', 'Good for: Dryness', 'Fragrance Free', 'Without Parabens', 'Without Sulfates SLS & SLES']"
P455338,"['Vegan', 'Loose Powder Formula', 'Good for: Dullness/Uneven Texture', 'Good for: Anti-Aging', 'Without Parabens', 'Without Sulfates SLS & SLES']"
P455339,"['Vegan', 'Good for: Dullness/Uneven Texture', 'Lactic Acid', 'Good for: Anti-Aging', 'Without Parabens', 'Without Sulfates SLS & SLES']"
P427404,"['Vegan', 'Good for: Dullness/Uneven Texture', 'Vitamin C', 'Fragrance Free', 'Without Parabens', 'Gluten Free']"
P503209,"['Good for: Redness', 'Good for: Dullness/Uneven Texture', 'Best for Dry Skin', 'Hydrating', 'Good for: Dryness']"
P442755,"['Vegan', 'Fragrance Free', 'Without Parabens', 'Without Sulfates SLS & SLES', 'Good for: Dark spots', 'Gluten Free']"
P442756,"['Vegan', 'Good for: Anti-Aging', 'Without Parabens', 'Without Sulfates SLS & SLES', 'Good for: Dark spots', 'Gluten Free']"
P442833,"['Vegan', 'Good for: Redness', 'Good for: Loss of firmness', 'Without Parabens', 'Without Sulfates SLS & SLES', 'Gluten Free']"
P482327,"['Vegan', 'Hydrating', 'Good for: Dryness', 'Without Parabens', 'Without Sulfates SLS & SLES', 'Gluten Free']"
P468709,"['Vegan', 'Loose Powder Formula', 'Best for Oily, Combo, Normal Skin', 'Without Silicones', 'Niacinamide']"
P482328,"['Vegan', 'Community Favorite', 'Without Silicones', 'Alcohol Free', 'Gluten Free']"
P447597,"['Vegan', 'Good for: Dullness/Uneven Texture', 'Without Parabens', 'Alcohol Free', 'Without Sulfates SLS & SLES', 'Gluten Free']"
P483496,"['Vegan', 'Fragrance Free', 'Salicylic Acid', 'Good for: Acne/Blemishes', 'Gluten Free', 'Cruelty-Free']"
P455897,"['Vegan', 'Good for: Dullness/Uneven Texture', 'Good for: Anti-Aging', 'Without Parabens', 'Without Sulfates SLS & SLES', 'Gluten Free']"
P479861,"['Vegan', 'Good for: Dullness/Uneven Texture', 'Fragrance Free', 'Best for Oily, Combo, Normal Skin', 'Good for: Dark spots', 'Cruelty-Free']"
P500139,"['Vegan', 'Hyaluronic Acid', 'Good for: Dark Circles', 'Good for: Dryness', 'Alcohol Free', 'Cruelty-Free']"
P505274,"['Vegan', 'Liquid Formula', 'Fragrance Free', 'Oil Free', 'Alcohol Free', 'Cruelty-Free']"
P396033,"['Hypoallergenic', 'Without Sulfates SLS & SLES', 'Vegan']"
P474845,No Highlights
P461466,"['Vegan', 'Hypoallergenic']"
P504702,No Highlights
P483475,"['Fragrance Free', 'Hypoallergenic', 'Alcohol Free', 'Without Sulfates SLS & SLES', 'Cruelty-Free']"
P500018,No Highlights
P504898,"['Fragrance Free', 'Hypoallergenic', 'Alcohol Free', 'Without Sulfates SLS & SLES', 'Cruelty-Free']"
P504073,"['Good for: Dullness/Uneven Texture', 'Without Phthalates', 'Good for: Dryness', 'Hypoallergenic', 'Without Parabens', 'Without Silicones']"
P483697,"['Vegan', 'Clean + Planet Positive', 'Plumping', 'Fragrance Free', 'Hypoallergenic', 'Cruelty-Free']"
P504076,"['Good for: Dullness/Uneven Texture', 'Good for: Pores', 'Without Phthalates', 'Hypoallergenic', 'Without Parabens', 'Without Silicones']"
P483699,"['Vegan', 'Good for: Dullness/Uneven Texture', 'Clean + Planet Positive', 'Fragrance Free', 'Hypoallergenic', 'Cruelty-Free']"
P483700,"['Vegan', 'Clean + Planet Positive', 'Fragrance Free', 'Hypoallergenic', 'Without Parabens', 'Cruelty-Free']"
P483698,"['Vegan', 'Clean + Planet Positive', 'Fragrance Free', 'Good for: Dryness', 'Hypoallergenic', 'Cruelty-Free']"
P483696,"['Vegan', 'Clean + Planet Positive', 'Hydrating', 'Fragrance Free', 'Hypoallergenic', 'Cruelty-Free']"
P483701,"['Vegan', 'Clean + Planet Positive', 'Fragrance Free', 'Hypoallergenic', 'Gluten Free', 'Cruelty-Free']"
P500417,"['Vegan', 'Unisex/ Genderless Scent', 'Layerable Scent', 'Cruelty-Free']"
P500434,"['Vegan', 'Unisex/ Genderless Scent', 'Layerable Scent', 'Floral Scent', 'Cruelty-Free']"
P500451,"['Vegan', 'Unisex/ Genderless Scent', 'Layerable Scent', 'Fresh Scent', 'Cruelty-Free']"
P500446,"['Vegan', 'Unisex/ Genderless Scent', 'Layerable Scent', 'Warm &Spicy Scent', 'Cruelty-Free']"
P500431,"['Vegan', 'Unisex/ Genderless Scent', 'Layerable Scent', 'Floral Scent', 'Cruelty-Free']"
P500409,"['Vegan', 'Unisex/ Genderless Scent', 'Layerable Scent', 'Warm &Spicy Scent', 'Cruelty-Free']"
P500447,"['Vegan', 'Unisex/ Genderless Scent', 'Layerable Scent', 'Fresh Scent', 'Cruelty-Free']"
P500443,"['Vegan', 'Unisex/ Genderless Scent', 'Layerable Scent', 'Floral Scent', 'Cruelty-Free']"
P38221,"['Floral Scent', 'Without Parabens']"
P54900,"['Warm &Spicy Scent', 'Floral Scent', 'Without Parabens']"
P234438,"['Floral Scent', 'Fresh Scent', 'Without Parabens']"
P38220,"['Floral Scent', 'Fresh Scent', 'Without Parabens']"
P440917,No Highlights
P258057,No Highlights
P377472,"['Floral Scent', 'Fresh Scent', 'Without Parabens']"
P392941,"['Floral Scent', 'Fresh Scent', 'Without Parabens']"
P442943,No Highlights
P428443,No Highlights
P428442,No Highlights
P442598,No Highlights
P404752,No Highlights
P440918,No Highlights
P392937,"['Floral Scent', 'Fresh Scent', 'Without Parabens']"
P392935,"['Floral Scent', 'Without Parabens']"
P392931,"['Floral Scent', 'Warm &Spicy Scent', 'Without Parabens']"
P422568,"['Pressed Powder Formula', 'Without Mineral Oil', 'Without Formaldehyde-Releasing Agents', 'Without Formaldehydes', 'Without Parabens', 'Without Sulfates SLS & SLES']"
P416057,"['Full Coverage', 'Satin Finish', 'Long-wearing', 'Without Parabens', 'Without Mineral Oil']"
P436489,"['allure 2021 Best of Beauty Award Winner', 'Warm &Spicy Scent', 'Unisex/ Genderless Scent', 'Layerable Scent']"
P416222,"['Vitamin C', 'Matte Finish', 'Long-wearing', 'Full Coverage', 'Without Parabens', 'Without Sulfates SLS & SLES']"
P393151,"['Warm &Spicy Scent', 'Unisex/ Genderless Scent', 'Layerable Scent']"
P456175,No Highlights
P449372,"['High Shine Finish', 'Light Coverage', 'Without Parabens', 'Without Sulfates SLS & SLES', 'Without Mineral Oil', 'Gluten Free']"
P183301,No Highlights
P406527,No Highlights
P464308,"['allure 2021 Best of Beauty Award Winner', 'Warm &Spicy Scent', 'Unisex/ Genderless Scent', 'Layerable Scent']"
P459506,"['Liquid Formula', 'Medium Coverage', 'Matte Finish', 'Best for Dry, Combo, Normal Skin', 'Hyaluronic Acid', 'Without Sulfates SLS & SLES']"
P422453,"['Stick Formula', 'Medium Coverage', 'Natural Finish', 'Best for Dry, Combo, Normal Skin', 'Without Parabens', 'Gluten Free']"
P406526,"['Unisex/ Genderless Scent', 'Layerable Scent', 'Warm &Spicy Scent']"
P433672,"['Warm &Spicy Scent', 'Unisex/ Genderless Scent', 'Layerable Scent']"
P422574,"['Natural Finish', 'Cream Formula', 'Fragrance Free', 'Without Parabens', 'Without Sulfates SLS & SLES', 'Gluten Free']"
P464304,No Highlights
P464313,No Highlights
P429291,"['Warm &Spicy Scent', 'Unisex/ Genderless Scent', 'Layerable Scent']"
P429018,"['High Shine Finish', 'Medium Coverage', 'Without Parabens', 'Without Silicones', 'Without Sulfates SLS & SLES', 'Gluten Free']"
P393167,"['Woody & Earthy Scent', 'Unisex/ Genderless Scent', 'Layerable Scent']"
P387250,No Highlights
P433669,"['Warm &Spicy Scent', 'Unisex/ Genderless Scent', 'Layerable Scent']"
P433663,"['Warm &Spicy Scent', 'Unisex/ Genderless Scent', 'Layerable Scent']"
P448464,"['Unisex/ Genderless Scent', 'Layerable Scent', 'Warm &Spicy Scent']"
P428452,"['Fresh Scent', 'Unisex/ Genderless Scent', 'Layerable Scent']"
P422571,"['Liquid Formula', 'Without Parabens', 'Without Sulfates SLS & SLES', 'Fragrance Free']"
P455598,"['Floral Scent', 'Unisex/ Genderless Scent', 'Layerable Scent']"
P378133,No Highlights
P430909,"['Floral Scent', 'Unisex/ Genderless Scent']"
P477712,No Highlights
P450194,"['Fresh Scent', 'allure 2020 Best of Beauty Award Winner', 'Unisex/ Genderless Scent', 'Layerable Scent']"
P443930,"['Pressed Powder Formula', 'Without Mineral Oil', 'Without Formaldehydes', 'Without Parabens', 'Without Sulfates SLS & SLES']"
P481356,"['Cream Formula', 'Shimmer Finish', 'Matte Finish', 'Medium Coverage']"
P430910,No Highlights
P433671,"['Unisex/ Genderless Scent', 'Layerable Scent', 'Woody & Earthy Scent']"
P393141,No Highlights
P422552,"['Radiant Finish', 'Pressed Powder Formula']"
P476743,"['Light Coverage', 'Natural Finish', 'Without Phthalates', 'Without Formaldehydes', 'Without Parabens', 'Without Sulfates SLS & SLES']"
P446023,"['Unisex/ Genderless Scent', 'Layerable Scent', 'Fresh Scent']"
P393159,"['Unisex/ Genderless Scent', 'Layerable Scent', 'Woody & Earthy Scent']"
P476744,"['Pressed Powder Formula', 'Natural Finish']"
P468419,No Highlights
P464305,"['allure 2020 Best of Beauty Award Winner', 'Unisex/ Genderless Scent', 'Layerable Scent', 'Fresh Scent']"
P393137,No Highlights
P395693,No Highlights
P393163,"['Warm &Spicy Scent', 'Unisex/ Genderless Scent', 'Layerable Scent']"
P393153,"['Warm &Spicy Scent', 'Unisex/ Genderless Scent', 'Layerable Scent']"
P459414,"['Unisex/ Genderless Scent', 'Layerable Scent', 'Warm &Spicy Scent']"
P392229,"['Unisex/ Genderless Scent', 'Layerable Scent', 'Fresh Scent']"
P460873,"['Floral Scent', 'Unisex/ Genderless Scent', 'Layerable Scent']"
P477827,No Highlights
P478734,"['Unisex/ Genderless Scent', 'Layerable Scent', 'Woody & Earthy Scent']"
P428696,No Highlights
P504169,"['Unisex/ Genderless Scent', 'Layerable Scent', 'Warm &Spicy Scent']"
P443932,"['Light Coverage', 'Natural Finish', 'Without Phthalates', 'Without Formaldehydes', 'Without Parabens', 'Without Sulfates SLS & SLES']"
P481174,"['Cream Formula', 'Matte Finish']"
P428908,"['Refill Available', 'Natural Finish', 'Without Parabens', 'Without Mineral Oil', 'Gluten Free']"
P504167,"['Unisex/ Genderless Scent', 'Layerable Scent', 'Floral Scent']"
P438529,No Highlights
P448155,No Highlights
P501561,"['Unisex/ Genderless Scent', 'Layerable Scent', 'Warm &Spicy Scent']"
P451871,No Highlights
P451872,"['Unisex/ Genderless Scent', 'Layerable Scent', 'Warm &Spicy Scent']"
P450195,No Highlights
P445433,No Highlights
P470554,"['Warm &Spicy Scent', 'Unisex/ Genderless Scent', 'Layerable Scent']"
P464307,No Highlights
P467979,No Highlights
P468710,No Highlights
P503100,"['Pressed Powder Formula', 'Shimmer Finish', 'Without Mineral Oil', 'Without Phthalates', 'Without Parabens', 'Without Triclosan']"
P474863,"['Warm &Spicy Scent', 'Unisex/ Genderless Scent', 'Layerable Scent']"
P479655,"['Unisex/ Genderless Scent', 'Layerable Scent', 'Floral Scent']"
P422546,No Highlights
P411714,No Highlights
P468711,No Highlights
P473735,No Highlights
P483499,"['Natural Finish', 'Pressed Powder Formula', 'Medium Coverage']"
P481173,"['Pressed Powder Formula', 'Medium Coverage', 'Matte Finish']"
P501479,"['Unisex/ Genderless Scent', 'Layerable Scent', 'Floral Scent']"
P474864,"['Warm &Spicy Scent', 'Unisex/ Genderless Scent', 'Layerable Scent']"
P481398,"['Floral Scent', 'Layerable Scent', 'Unisex/ Genderless Scent']"
P481747,"['Without Mineral Oil', 'Matte Finish', 'Without Phthalates', 'Salicylic Acid', 'Without Parabens']"
P481351,"['Woody & Earthy Scent', 'Unisex/ Genderless Scent', 'Layerable Scent']"
P448466,"['Unisex/ Genderless Scent', 'Layerable Scent', 'Warm &Spicy Scent']"
P433910,No Highlights
P430912,No Highlights
P477832,No Highlights
P411725,No Highlights
P502494,"['Unisex/ Genderless Scent', 'Layerable Scent', 'Woody & Earthy Scent']"
P502337,"['Unisex/ Genderless Scent', 'Layerable Scent', 'Woody & Earthy Scent']"
P480194,"['Unisex/ Genderless Scent', 'Floral Scent']"
P501520,"['Unisex/ Genderless Scent', 'Layerable Scent', 'Warm &Spicy Scent']"
P454404,"['Woody & Earthy Scent', 'Unisex/ Genderless Scent', 'Layerable Scent']"
P505166,"['Cream Formula', 'Shimmer Finish', 'Matte Finish']"
P458271,"['Vitamin C', 'Matte Finish', 'Long-wearing', 'Full Coverage', 'Without Parabens', 'Without Sulfates SLS & SLES']"
P505387,"['Hyaluronic Acid', 'Matte Finish', 'Medium Coverage']"
P501516,"['Natural Finish', 'Long-wearing', 'Without Parabens', 'Without Sulfates SLS & SLES']"
P381000,"['Volumizing', 'Lengthening', 'Cruelty-Free']"
P432298,"['Vegan', 'Community Favorite', 'Hydrating', 'Long-wearing', 'Full Coverage', 'Oil Free']"
P397517,"['Vegan', 'Natural Finish', 'Community Favorite', 'Hydrating', 'Long-wearing', 'Medium Coverage']"
P407636,"['Liquid Formula', 'Matte Finish', 'Long-wearing', 'Full Coverage']"
P229406,"['Pressed Powder Formula', 'allure 2018 Best of Beauty Award Winner', 'Long-wearing', 'Matte Finish', 'Without Parabens']"
P378111,"['High Shine Finish', 'Liquid Formula', 'Plumping', 'Hydrating']"
P407907,No Highlights
P387589,"['Vegan', 'Radiant Finish', 'Liquid Formula', 'Community Favorite', 'Hydrating', 'Best for Dry, Combo, Normal Skin']"
P420166,No Highlights
P425608,"['Vegan', 'Volumizing', 'Community Favorite', 'Lengthening', 'Curling']"
P425607,"['High Shine Finish', 'Liquid Formula', 'Plumping', 'Hydrating']"
P426850,No Highlights
P202625,"['Cream Formula', 'Natural Finish', 'Waterproof', 'Long-wearing', 'Prevents Color Fading', 'Cruelty-Free']"
P407908,"['Volumizing', 'Curling', 'Lengthening', 'Waterproof']"
P455201,"['Pressed Powder Formula', 'Hyaluronic Acid', 'Shimmer Finish', 'Matte Finish', 'Gluten Free']"
P429602,No Highlights
P74520,"['High Shine Finish', 'Plumping', 'Hydrating', 'Without Parabens', 'Cruelty-Free']"
P467795,No Highlights
P504072,"['Vegan', 'Pressed Powder Formula', 'Satin Finish', 'Matte Finish', 'Without Parabens', 'Cruelty-Free']"
P429604,No Highlights
P467794,"['High Shine Finish', 'Plumping', 'Hydrating', 'Without Parabens', 'Cruelty-Free']"
P442803,No Highlights
P460018,"['Radiant Finish', 'Hyaluronic Acid', 'Liquid Formula', 'Hydrating', 'Without Parabens']"
P48406,No Highlights
P425855,"['Volumizing', 'Curling', 'Lengthening', 'Waterproof']"
P458586,"['Vegan', 'Matte Finish', 'Long-wearing', 'Waterproof', 'Medium Coverage', 'Oil Free']"
P425602,"['Hydrating', 'Best for Dry, Combo, Normal Skin', 'Radiant Finish', 'Vegan', 'Liquid Formula', 'Community Favorite']"
P471584,"['High Shine Finish', 'Plumping', 'Hydrating', 'Without Parabens', 'Cruelty-Free']"
P444600,"['Vegan', 'Volumizing', 'Lengthening', 'Curling']"
P439069,No Highlights
P447123,No Highlights
P467151,"['Stick Formula', 'Long-wearing', 'Waterproof', 'Without Parabens', 'Gluten Free']"
P441854,"['Vegan', 'Liquid Formula', 'Long-wearing', 'Waterproof', 'Without Parabens']"
P484079,"['Vegan', 'Natural Finish', 'Hyaluronic Acid', 'Hydrating', 'Long-wearing', 'Waterproof']"
P502382,"['High Shine Finish', 'Plumping', 'Hydrating', 'Without Parabens']"
P456594,No Highlights
P480363,"['High Shine Finish', 'Hydrating', 'Cruelty-Free']"
P476747,"['Long-wearing', 'Without Parabens', 'Cruelty-Free']"
P483500,"['Pressed Powder Formula', 'Hyaluronic Acid', 'Cruelty-Free', 'Matte Finish', 'Shimmer Finish']"
P475179,"['Liquid Formula', 'Plumping', 'Matte Finish', 'Long-wearing', 'Without Parabens', 'Cruelty-Free']"
P476746,"['Long-wearing', 'Waterproof', 'Without Parabens', 'Cruelty-Free']"
P501036,"['Satin Finish', 'Full Coverage', 'Without Parabens', 'Cruelty-Free']"
P447768,"['Vegan', 'Volumizing', 'Lengthening', 'Curling']"
P484078,"['Volumizing', 'Natural Finish', 'Without Parabens', 'Cruelty-Free']"
P502503,"['Pressed Powder Formula', 'Metallic Finish', 'Shimmer Finish', 'Matte Finish', 'Without Parabens', 'Cruelty-Free']"
P467266,"['Pressed Powder Formula', 'Without Parabens']"
P467267,"['Pressed Powder Formula', 'Without Parabens']"
P467981,No Highlights
P475178,"['Plumping', 'Hydrating', 'Without Parabens', 'Cruelty-Free']"
P428037,No Highlights
P501013,"['Vegan', 'Loose Powder Formula', 'Natural Finish', 'Hyaluronic Acid', 'Without Parabens', 'Gluten Free']"
P501033,"['Pressed Powder Formula', 'Metallic Finish', 'Shimmer Finish', 'Matte Finish', 'Without Parabens', 'Cruelty-Free']"
P502499,"['Liquid Formula', 'Hydrating', 'Matte Finish', 'Long-wearing', 'Full Coverage', 'Cruelty-Free']"
P501027,"['Light Coverage', 'Natural Finish', 'Pressed Powder Formula', 'Medium Coverage', 'Cruelty-Free']"
P504178,"['Radiant Finish', 'Pressed Powder Formula', 'High Shine Finish', 'Without Parabens', 'Cruelty-Free']"
P473825,"['Vegan', 'Volumizing', 'Natural Finish']"
P473851,"['Vegan', 'Long-wearing', 'Waterproof', 'Without Parabens']"
P473854,"['Long-wearing', 'Waterproof', 'Without Parabens']"
P504182,"['Pressed Powder Formula', 'Metallic Finish', 'Shimmer Finish', 'Matte Finish', 'Without Parabens', 'Cruelty-Free']"
P504037,"['Natural Finish', 'Long-wearing', 'Without Parabens', 'Without Silicones', 'Cruelty-Free']"
P505390,"['Plumping', 'Long-wearing', 'Matte Finish', 'Waterproof', 'Medium Coverage', 'Cruelty-Free']"
P479355,"['Vegan', 'Good for: Redness', 'Good for: Dullness/Uneven Texture', 'Clean at Sephora', 'AHA/Glycolic Acid', 'Good for: Acne/Blemishes', 'Good for: Dark spots', 'Cruelty-Free']"
P470259,"['Vegan', 'Good for: Dullness/Uneven Texture', 'Hydrating', 'Good for: Acne/Blemishes', 'Good for: Dark spots', 'Niacinamide']"
P484080,"['Vegan', 'Clean at Sephora', 'Cruelty-Free']"
P481500,"['Lactic Acid', 'Hydrating', 'Clean at Sephora', 'Retinol', 'AHA/Glycolic Acid', 'Good for: Dryness']"
P474378,"['Good for: Dullness/Uneven Texture', 'Clean at Sephora', 'AHA/Glycolic Acid', 'Good for: Acne/Blemishes', 'Good for: Dark spots', 'Niacinamide']"
P474379,"['Vegan', 'Good for: Redness', 'Hyaluronic Acid', 'Hydrating', 'Good for: Dryness', 'Niacinamide']"
P480529,"['Vegan', 'allure 2020 Best of Beauty Award Winner', 'Hydrating', 'Fresh Scent', 'Clean at Sephora', 'Cruelty-Free']"
P480530,"['Vegan', 'Floral Scent', 'Hydrating', 'Clean at Sephora', 'Good for: Anti-Aging', 'Cruelty-Free']"
P448854,No Highlights
P449342,"['Vegan', 'Radiant Finish', 'Clean at Sephora', 'Fragrance Free', 'Without Silicones', 'allure 2021: Clean Beauty Winner']"
P477829,"['Light Coverage', 'Vegan', 'Natural Finish', 'Clean at Sephora', 'Good for: Acne/Blemishes', 'Reef Safe SPF']"
P502484,"['Vegan', 'Volumizing', 'allure 2022 Clean Beauty Winner', 'Clean at Sephora', 'Lengthening', 'Cruelty-Free']"
P458281,"['Vegan', 'allure 2020 Best of Beauty Award Winner', 'Radiant Finish', 'Clean at Sephora', 'Fragrance Free', 'Cruelty-Free']"
P448852,"['Vegan', 'Good for: Redness', 'Clean at Sephora', 'Fragrance Free', 'Good for: Acne/Blemishes', 'Alcohol Free']"
P504183,"['Vegan', 'Clean at Sephora', 'Hydrating', 'Fragrance Free', 'Gluten Free', 'Cruelty-Free']"
P448855,"['Vegan', 'Good for: Dullness/Uneven Texture', 'Clean at Sephora', 'Good for: Dryness']"
P501332,"['Vegan', 'High Shine Finish', 'Hydrating', 'Clean at Sephora', 'Cruelty-Free']"
P504041,"['Vegan', 'Hydrating', 'Clean at Sephora', 'Long-wearing', 'Fragrance Free', 'Alcohol Free']"
P503943,"['Vegan', 'Natural Finish', 'Clean at Sephora', 'Fragrance Free', 'Without Silicones', 'Cruelty-Free']"
P448853,"['Vegan', 'Good for: Redness', 'Clean at Sephora', 'Fragrance Free', 'Good for: Acne/Blemishes', 'Alcohol Free']"
P500121,"['Vegan', 'Good for: Redness', 'Clean at Sephora', 'Fragrance Free', 'Good for: Acne/Blemishes', 'Alcohol Free']"
P475182,"['Good for: Dullness/Uneven Texture', 'Good for: Pores', 'Clean at Sephora', 'Best for Oily, Combo, Normal Skin', 'Best for Dry, Combo, Normal Skin', 'Cruelty-Free']"
P482757,"['Good for: Dullness/Uneven Texture', 'Good for: Pores', 'Clean at Sephora', 'Best for Oily, Combo, Normal Skin', 'Best for Dry, Combo, Normal Skin', 'Cruelty-Free']"
P475185,"['Good for: Dullness/Uneven Texture', 'Good for: Loss of firmness', 'Hydrating', 'Clean at Sephora', 'Best for Dry, Combo, Normal Skin', 'Cruelty-Free']"
P475203,"['Good for: Dullness/Uneven Texture', 'Good for: Loss of firmness', 'Hydrating', 'Clean at Sephora', 'Best for Dry, Combo, Normal Skin', 'Cruelty-Free']"
P475190,"['Hyaluronic Acid', 'Good for: Loss of firmness', 'Hydrating', 'Good for: Dark Circles', 'Clean at Sephora', 'Cruelty-Free']"
P475181,"['Hyaluronic Acid', 'Good for: Loss of firmness', 'Hydrating', 'Good for: Dark Circles', 'Clean at Sephora', 'Cruelty-Free']"
P475194,"['Good for: Dullness/Uneven Texture', 'Vitamin C', 'Clean at Sephora', 'Fragrance Free', 'Good for: Dark spots', 'Cruelty-Free']"
P481748,"['Good for: Dullness/Uneven Texture', 'Vitamin C', 'Clean at Sephora', 'Hydrating', 'Best for Oily, Combo, Normal Skin', 'Cruelty-Free']"
P482753,"['Without Oxybenzone', 'Vegan', 'Clean at Sephora', 'Reef Safe SPF', 'UV Protection', 'Cruelty-Free']"
P475201,"['Hyaluronic Acid', 'Good for: Loss of firmness', 'Collagen', 'Clean at Sephora', 'Best for Dry, Combo, Normal Skin', 'Cruelty-Free']"
P484081,"['Good for: Loss of firmness', 'Good for: Dark Circles', 'Hydrating', 'Clean at Sephora', 'Good for: Anti-Aging', 'Cruelty-Free']"
P503652,"['Hyaluronic Acid', 'Collagen', 'Clean at Sephora', 'Good for: Dryness', 'Best for Dry, Combo, Normal Skin', 'Cruelty-Free']"
P475180,"['Good for: Dullness/Uneven Texture', 'Hydrating', 'Clean at Sephora', 'Good for: Dryness', 'Best for Dry, Combo, Normal Skin', 'Cruelty-Free']"
P475188,"['Good for: Loss of firmness', 'Good for: Dark Circles', 'Hydrating', 'Clean at Sephora', 'Good for: Anti-Aging', 'Cruelty-Free']"
P501316,"['Good for: Dullness/Uneven Texture', 'Clean at Sephora', 'Good for: Anti-Aging', 'AHA/Glycolic Acid', 'Good for: Dryness', 'Cruelty-Free']"
P475189,"['Good for: Dullness/Uneven Texture', 'Hyaluronic Acid', 'Clean at Sephora', 'AHA/Glycolic Acid', 'Alcohol Free', 'Cruelty-Free']"
P482754,"['Clean at Sephora', 'Reef Safe SPF', 'Best for Oily, Combo, Normal Skin', 'UV Protection', 'Cruelty-Free']"
P475197,"['Good for: Dullness/Uneven Texture', 'Lactic Acid', 'Good for: Pores', 'Clean at Sephora', 'Best for Oily, Combo, Normal Skin', 'Cruelty-Free']"
P475184,"['Good for: Dullness/Uneven Texture', 'Good for: Loss of firmness', 'Hydrating', 'Clean at Sephora', 'Good for: Dark spots', 'Cruelty-Free']"
P475195,"['Good for: Loss of firmness', 'Clean at Sephora', 'Hydrating', 'Good for: Anti-Aging', 'Best for Dry, Combo, Normal Skin', 'Cruelty-Free']"
P475192,"['Good for: Dullness/Uneven Texture', 'Good for: Pores', 'Clean at Sephora', 'Best for Oily, Combo, Normal Skin', 'Without Sulfates SLS & SLES', 'Cruelty-Free']"
P475183,"['Good for: Dullness/Uneven Texture', 'Clean at Sephora', 'Without Parabens', 'Without Sulfates SLS & SLES', 'Cruelty-Free']"
P475204,"['Good for: Redness', 'Good for: Dullness/Uneven Texture', 'Clean at Sephora', 'Fragrance Free', 'Hypoallergenic', 'Cruelty-Free']"
P475193,"['Good for: Dullness/Uneven Texture', 'Good for: Loss of firmness', 'Clean at Sephora', 'Good for: Anti-Aging', 'Fragrance Free', 'Cruelty-Free']"
P475186,"['Good for: Loss of firmness', 'Hydrating', 'Clean at Sephora', 'Good for: Anti-Aging', 'Good for: Dryness', 'Cruelty-Free']"
P475196,"['Good for: Dullness/Uneven Texture', 'Good for: Pores', 'Clean at Sephora', 'Fragrance Free', 'AHA/Glycolic Acid', 'Cruelty-Free']"
P475200,"['Good for: Loss of firmness', 'Good for: Dark Circles', 'Clean at Sephora', 'Good for: Anti-Aging', 'Good for: Dryness', 'Cruelty-Free']"
P475187,"['Good for: Dullness/Uneven Texture', 'Good for: Loss of firmness', 'Clean at Sephora', 'Good for: Anti-Aging', 'Fragrance Free', 'Cruelty-Free']"
P482755,"['Best for Oily Skin', 'Good for: Pores', 'Clean at Sephora', 'Good for: Acne/Blemishes', 'Cruelty-Free']"
P475198,"['Hyaluronic Acid', 'Good for: Loss of firmness', 'Plumping', 'Vitamin C', 'Clean at Sephora', 'Cruelty-Free']"
P475191,"['Good for: Pores', 'Clean at Sephora', 'Good for: Acne/Blemishes', 'Best for Oily, Combo, Normal Skin', 'Without Silicones', 'Cruelty-Free']"
P384903,No Highlights
P389168,No Highlights
P390932,No Highlights
P377005,No Highlights
P398357,No Highlights
P230701,No Highlights
P375640,No Highlights
P377523,No Highlights
P460845,No Highlights
P473738,No Highlights
P442763,No Highlights
P377004,No Highlights
P460010,No Highlights
P377007,No Highlights
P473736,No Highlights
P473737,No Highlights
P473739,No Highlights
P263504,"['Vegan', 'allure 2020 Best of Beauty Award Winner', 'Natural Finish', 'Community Favorite', 'Long-wearing', 'Waterproof']"
P409523,"['Vegan', 'Stick Formula', 'Hydrating', 'Long-wearing', 'Cruelty-Free']"
P133707,"['Vegan', 'Community Favorite', 'Long-wearing', 'Waterproof', 'Without Parabens']"
P309813,"['Matte Finish', 'Shimmer Finish', 'Natural Finish', 'Vegan', 'allure 2021 Best of Beauty Award Winner']"
P384099,"['Cruelty-Free', 'Without Parabens', 'Without Phthalates', 'Pressed Powder Formula', 'Shimmer Finish', 'Matte Finish']"
P284716,"['Vegan', 'Natural Finish', 'Community Favorite', 'Long-wearing', 'Without Parabens']"
P74312,No Highlights
P378821,"['Shimmer Finish', 'Vegan']"
P388225,"['Cruelty-Free', 'Pressed Powder Formula', 'Matte Finish', 'Without Parabens']"
P422455,"['Vegan', 'allure 2020 Best of Beauty Award Winner', 'Natural Finish', 'Community Favorite', 'Long-wearing', 'Waterproof']"
P420913,No Highlights
P219001,No Highlights
P277222,No Highlights
P410548,"['Vegan', 'Liquid Formula', 'Long-wearing', 'Full Coverage']"
P387956,"['Volumizing', 'Lengthening', 'Collagen', 'Without Parabens']"
P422461,"['Vegan', 'Natural Finish', 'Community Favorite', 'Long-wearing', 'Without Parabens']"
P381306,"['Vegan', 'Hydrating', 'Long-wearing', 'Good for: Anti-Aging']"
P447143,"['Vegan', 'Liquid Formula', 'Long-wearing', 'Medium Coverage']"
P440905,"['Long-wearing', 'Waterproof', 'Vegan', 'Without Parabens']"
P440907,No Highlights
P468712,"['Vegan', 'Metallic Finish', 'Shimmer Finish', 'Matte Finish']"
P474380,"['Pressed Powder Formula', 'Long-wearing', 'Vegan', 'Cruelty-Free']"
P467658,"['Vegan', 'Radiant Finish', 'Liquid Formula', 'Long-wearing', 'Hydrating']"
P422458,No Highlights
P447553,"['Vegan', 'Liquid Formula', 'Long-wearing', 'Full Coverage']"
P501181,"['Vegan', 'High Shine Finish', 'Liquid Formula', 'Long-wearing', 'Cruelty-Free']"
P431455,No Highlights
P401771,No Highlights
P432630,"['Vegan', 'Community Favorite', 'Long-wearing', 'Waterproof', 'Without Parabens']"
P387594,No Highlights
P482758,"['Vitamin C', 'Radiant Finish', 'Long-wearing', 'Hydrating', 'Vegan', 'Cruelty-Free']"
P454337,"['Long-wearing', 'Hydrating', 'Vegan', 'Good for: Dullness/Uneven Texture']"
P422460,"['Long-wearing', 'Good for: Anti-Aging', 'Hydrating', 'Vegan']"
P395733,No Highlights
P500430,"['Vegan', 'Pressed Powder Formula', 'Shimmer Finish', 'Matte Finish', 'Long-wearing', 'Cruelty-Free']"
P501510,"['Long-wearing', 'Waterproof', 'Cruelty-Free']"
P503994,"['Vegan', 'Liquid Formula', 'Hydrating', 'Long-wearing', 'Full Coverage', 'Cruelty-Free']"
P415988,No Highlights
P461544,"['Radiant Finish', 'Long-wearing', 'Vegan']"
P453943,"['Matte Finish', 'Long-wearing', 'Vegan']"
P219007,No Highlights
P422466,"['Volumizing', 'Lengthening', 'Collagen', 'Without Parabens']"
P461545,"['Long-wearing', 'Radiant Finish', 'Hydrating', 'Hyaluronic Acid', 'Vegan']"
P437925,"['Vegan', 'Community Favorite', 'Long-wearing', 'Waterproof', 'Without Parabens']"
P446816,"['Community Favorite', 'Long-wearing', 'Waterproof', 'Without Parabens']"
P454606,No Highlights
P454338,No Highlights
P463116,"['Long-wearing', 'Matte Finish', 'Vegan', 'Without Parabens']"
P456357,"['Vegan', 'Long-wearing', 'Waterproof']"
P445423,No Highlights
P445424,No Highlights
P455265,"['Liquid Formula', 'Long-wearing', 'Full Coverage', 'Vegan']"
P463117,"['Long-wearing', 'Hydrating', 'Vegan', 'Good for: Dullness/Uneven Texture']"
P503573,"['Long-wearing', 'Cruelty-Free']"
P456361,No Highlights
P503579,"['Vegan', 'Long-wearing', 'Waterproof', 'Cruelty-Free']"
P482077,"['Vegan', 'Volumizing', 'Long-wearing', 'Curling', 'Cruelty-Free']"
P500474,"['Vegan', 'Volumizing', 'Long-wearing', 'Curling', 'Cruelty-Free']"
P449116,No Highlights
P449117,No Highlights
P500251,No Highlights
P462409,No Highlights
P479501,"['Hydrating', 'Matte Finish']"
P462410,No Highlights
P480365,No Highlights
P479473,"['Radiant Finish', 'Pressed Powder Formula']"
P452943,No Highlights
P470063,No Highlights
P503054,"['Layerable Scent', 'Floral Scent']"
P474381,No Highlights
P504312,"['Layerable Scent', 'Floral Scent']"
P479508,"['Liquid Formula', 'Long-wearing']"
P504337,"['Layerable Scent', 'Floral Scent']"
P479471,"['Cream Formula', 'Shimmer Finish']"
P479491,"['Satin Finish', 'Hydrating', 'Matte Finish']"
P482759,No Highlights
P470062,No Highlights
P500141,No Highlights
P479462,"['Natural Finish', 'Long-wearing', 'Waterproof']"
P479510,"['Radiant Finish', 'Hydrating']"
P503173,No Highlights
P479487,"['Volumizing', 'Long-wearing', 'Lengthening']"
P479463,"['Pressed Powder Formula', 'Shimmer Finish', 'Matte Finish']"
P479479,"['Light Coverage', 'Radiant Finish', 'Pressed Powder Formula', 'Long-wearing']"
P479500,"['Matte Finish', 'Hydrating']"
P479480,"['Light Coverage', 'Radiant Finish', 'Pressed Powder Formula', 'Long-wearing']"
P504451,"['Layerable Scent', 'Warm &Spicy Scent']"
P473007,"['Vegan', 'Clean at Sephora', 'All Hair Types', 'Good for: Hair Thinning', 'Without Parabens', 'Without Silicones']"
P473012,"['Vegan', 'Volumizing', 'Vitamin C', 'Clean at Sephora', 'Good for: Hair Thinning']"
P501535,"['Clean at Sephora', 'All Hair Types', 'Good for: Hair Thinning', 'Good for: Flaky/Dry Scalp', 'Good for: Oily Scalp']"
P473003,"['Good for: Damage', 'Vegan', 'Clean at Sephora', 'Good for: Hair Thinning', 'Good for: Frizz', 'Without Sulfates SLS & SLES']"
P473008,"['Vegan', 'Clean at Sephora', 'All Hair Types', 'Good for: Hair Thinning', 'Good for: Flaky/Dry Scalp', 'Good for: Oily Scalp']"
P500338,"['Vegan', 'Good for: Color Care', 'Clean at Sephora', 'Gluten Free', 'Increases Shine']"
P473005,"['Vegan', 'Good for: Volume', 'Clean at Sephora', 'Good for: Hair Thinning', 'Without Sulfates SLS & SLES', 'Good for: Oily Scalp']"
P473004,"['Good for: Damage', 'Vegan', 'Clean at Sephora', 'Good for: Hair Thinning', 'Good for: Frizz', 'Without Sulfates SLS & SLES']"
P473011,"['Vegan', 'Vitamin C', 'Clean at Sephora', 'Good for: Hair Thinning', 'Gluten Free']"
P473009,"['Vegan', 'Volumizing', 'Clean at Sephora', 'Good for: Hair Thinning', 'Lengthening', 'Without Silicones']"
P483095,"['Vegan', 'Clean at Sephora', 'Good for: Hair Thinning', 'Without Parabens', 'Without Silicones', 'Cruelty-Free']"
P500299,"['Good for: Damage', 'Vegan', 'Clean at Sephora', 'Good for: Hair Thinning', 'Good for: Frizz', 'Without Sulfates SLS & SLES']"
P500312,"['Good for: Damage', 'Vegan', 'Clean at Sephora', 'Good for: Hair Thinning', 'Good for: Frizz', 'Without Sulfates SLS & SLES']"
P473010,"['Vegan', 'Volumizing', 'Clean at Sephora', 'Good for: Hair Thinning', 'Without Silicones']"
P481175,"['Vegan', 'Hyaluronic Acid', 'Vitamin C', 'Clean at Sephora', 'Good for: Hair Thinning', 'Gluten Free']"
P500639,"['Vegan', 'Good for: Color Care', 'Clean at Sephora', 'All Hair Types', 'Gluten Free', 'Increases Shine']"
P504617,"['Vegan', 'Good for: Damage', 'Clean at Sephora', 'All Hair Types', 'Good for: Frizz', 'Without Sulfates SLS & SLES']"
P473006,"['Vegan', 'Good for: Volume', 'Clean at Sephora', 'All Hair Types', 'Good for: Hair Thinning', 'Without Parabens']"
P504453,"['Good for: Damage', 'Vegan', 'Clean at Sephora', 'All Hair Types', 'Good for: Frizz', 'Without Sulfates SLS & SLES']"
P504602,"['Vegan', 'Good for: Damage', 'Clean at Sephora', 'All Hair Types', 'Good for: Dryness', 'Without Sulfates SLS & SLES']"
P504593,"['Vegan', 'Good for: Damage', 'Clean at Sephora', 'All Hair Types', 'Good for: Frizz', 'Without Sulfates SLS & SLES']"
P504600,"['Vegan', 'Good for: Volume', 'Clean at Sephora', 'Good for: Hair Thinning', 'Without Sulfates SLS & SLES', 'Good for: Oily Scalp']"
P429277,"['Vegan', 'allure 2020 Best of Beauty Award Winner', 'Natural Finish', 'Long-wearing', 'Lengthening', 'Cruelty-Free']"
P429278,"['Natural Finish', 'Volumizing', 'Lengthening', 'Hypoallergenic', 'allure 2020 Best of Beauty Award Winner', 'Cruelty-Free']"
P420513,"['Liquid Formula', 'Matte Finish', 'Long-wearing', 'Fragrance Free', 'Strong Hold', 'Vegan']"
P420514,No Highlights
P477378,"['Vegan', 'Volumizing', 'Natural Finish', 'Long-wearing', 'Hypoallergenic', 'Cruelty-Free']"
P468423,No Highlights
P477379,"['Vegan', 'Volumizing', 'Natural Finish', 'Long-wearing', 'Hypoallergenic', 'Cruelty-Free']"
P460561,"['Vegan', 'Gluten Free', 'Volumizing', 'Natural Finish', 'Long-wearing', 'Cruelty-Free']"
P477377,"['Vegan', 'Liquid Formula', 'Long-wearing', 'Without Formaldehydes', 'Without Parabens', 'Cruelty-Free']"
P449085,No Highlights
P471585,"['Lengthening', 'Vegan', 'Long-wearing', 'Without Parabens', 'Without Sulfates SLS & SLES', 'Cruelty-Free']"
P481177,"['Vegan', 'Volumizing', 'Lengthening', 'Without Parabens', 'Without Sulfates SLS & SLES', 'Cruelty-Free']"
P501532,"['Vegan', 'Natural Finish', 'Customizable', 'Long-wearing', 'Hypoallergenic', 'Cruelty-Free']"
P481176,"['Vegan', 'Long-wearing', 'Lengthening', 'Without Parabens', 'Without Sulfates SLS & SLES', 'Cruelty-Free']"
P399992,"['Vegan', 'Hydrating', 'Good for: Frizz', 'Without Sulfates SLS & SLES', 'Increases Shine']"
P421945,"['Good for: Frizz', 'Good for: Hair Thinning', 'UV Protection', 'Prevents Color Fading', 'Vegan', 'Gluten Free']"
P421944,"['Good for: Frizz', 'Good for: Hair Thinning', 'UV Protection', 'Vegan', 'Increases Shine', 'Gluten Free']"
P468714,"['Vegan', 'Volumizing', 'Medium Hold', 'Good for: Volume', 'All Hair Types', 'Without Sulfates SLS & SLES']"
P406901,"['Good for: Damage', 'Increases Shine', 'Hydrating', 'Prevents Color Fading', 'Without Parabens', 'Gluten Free']"
P399995,"['Good for: Damage', 'Increases Shine', 'Prevents Color Fading', 'Vegan', 'Hydrating', 'Gluten Free']"
P399994,"['Good for: Damage', 'Increases Shine', 'Prevents Color Fading', 'Vegan', 'Hydrating', 'Gluten Free']"
P423400,"['Good for: Frizz', 'Heat Protection', 'Increases Shine', 'All Hair Types', 'Vegan', 'Gluten Free']"
P399993,"['Good for: Damage', 'Increases Shine', 'Prevents Color Fading', 'Vegan', 'Hydrating', 'Gluten Free']"
P484084,"['Vegan', 'Heat Protection', 'Good for: Dryness', 'Gluten Free', 'Increases Shine', 'Cruelty-Free']"
P421943,No Highlights
P457414,"['Good for: Color Care', 'Prevents Color Fading', 'Good for: Damage', 'Increases Shine', 'Vegan', 'Reduces Brassiness']"
P442789,"['Good for: Damage', 'Vegan', 'All Hair Types', 'Good for: Frizz', 'Gluten Free', 'Increases Shine']"
P399988,"['Curl-Enhancing', 'Curly Hair', 'Strong Hold', 'Hydrating', 'Good for: Frizz', 'Gluten Free']"
P399991,No Highlights
P410207,No Highlights
P431722,No Highlights
P480642,"['Good for: Flaky/Dry Scalp', 'All Hair Types', 'Good for: Frizz', 'Vegan', 'Cruelty-Free', 'Gluten Free']"
P472076,"['Hydrating', 'Good for: Dryness', 'Good for: Damage', 'Good for: Flaky/Dry Scalp', 'Fragrance Free', 'All Hair Types']"
P471107,"['Vegan', 'Good for: Hair Thinning', 'Good for: Frizz', 'Prevents Color Fading', 'Gluten Free']"
P431723,No Highlights
P413684,No Highlights
P447113,"['Good for: Damage', 'Fresh Scent', 'All Hair Types', 'Without Parabens', 'Gluten Free', 'Good for: Oily Scalp']"
P399999,No Highlights
P452404,"['Curl-Enhancing', 'Curly Hair', 'Strong Hold', 'Hydrating', 'Good for: Frizz', 'Gluten Free']"
P410208,No Highlights
P447114,No Highlights
P468713,"['Without Sulfates SLS & SLES', 'Without Parabens', 'Volumizing', 'Medium Hold', 'Good for: Volume', 'Good for: Hair Thinning']"
P481178,"['Vegan', 'Good for: Color Care', 'Good for: Dryness', 'Reduces Brassiness', 'Gluten Free', 'Cruelty-Free']"
P473852,No Highlights
P452402,No Highlights
P502464,No Highlights
P471108,"['Good for: Damage', 'Vegan', 'Hydrating', 'Good for: Dryness', 'Gluten Free']"
P452403,No Highlights
P417357,No Highlights
P447115,No Highlights
P500885,"['Vegan', 'Good for: Volume', 'All Hair Types', 'Good for: Oily Scalp']"
P476749,"['Vegan', 'Cruelty-Free', 'Gluten Free', 'Hydrating']"
P481395,"['Good for: Color Care', 'Good for: Dryness', 'Reduces Brassiness', 'Vegan', 'Cruelty-Free', 'Gluten Free']"
P399990,No Highlights
P476750,"['Vegan', 'Cruelty-Free', 'Gluten Free', 'Hydrating']"
P484082,"['Good for: Dryness', 'Increases Shine']"
P399996,No Highlights
P484083,"['Vegan', 'Gluten Free', 'Cruelty-Free']"
P163103,No Highlights
P455378,No Highlights
P382751,"['Layerable Scent', 'Fresh Scent']"
P399835,No Highlights
P307000,"['Layerable Scent', 'Warm &Spicy Scent']"
P429981,"['allure 2020 Best of Beauty Award Winner', 'Floral Scent']"
P501782,No Highlights
P395212,"['Floral Scent', 'Layerable Scent']"
P307002,"['Layerable Scent', 'Floral Scent']"
P385465,"['Floral Scent', 'Layerable Scent']"
P411325,"['Woody & Earthy Scent', 'Layerable Scent']"
P432419,"['allure 2020 Best of Beauty Award Winner', 'Floral Scent']"
P468856,No Highlights
P219907,"['Fresh Scent', 'Layerable Scent']"
P443788,No Highlights
P169301,"['Fresh Scent', 'Layerable Scent']"
P432418,"['Floral Scent', 'Layerable Scent']"
P503203,"['Layerable Scent', 'Floral Scent']"
P412536,"['Layerable Scent', 'Floral Scent']"
P442726,"['Layerable Scent', 'Warm &Spicy Scent']"
P413150,"['Woody & Earthy Scent', 'Layerable Scent']"
P464315,No Highlights
P468857,No Highlights
P390009,"['Layerable Scent', 'Fresh Scent']"
P306816,No Highlights
P444196,"['Floral Scent', 'Layerable Scent']"
P478046,No Highlights
P414129,"['Layerable Scent', 'Floral Scent']"
P504912,"['Layerable Scent', 'Floral Scent']"
P442727,"['Layerable Scent', 'Warm &Spicy Scent']"
P503231,"['Layerable Scent', 'Floral Scent']"
P390007,"['Fresh Scent', 'Layerable Scent']"
P431915,"['allure 2020 Best of Beauty Award Winner', 'Floral Scent']"
P390005,"['Fresh Scent', 'Layerable Scent']"
P469828,No Highlights
P483706,"['All Hair Types', 'Fresh Scent']"
P477738,No Highlights
P255506,"['allure 2020 Best of Beauty Award Winner', 'Floral Scent']"
P397836,No Highlights
P446119,"['allure 2020 Best of Beauty Award Winner', 'Floral Scent']"
P429082,No Highlights
P479358,No Highlights
P426305,"['allure 2020 Best of Beauty Award Winner', 'Floral Scent']"
P376737,No Highlights
P479474,No Highlights
P456977,No Highlights
P503641,No Highlights
P484086,"['Vegan', 'Refill Available', 'Floral Scent']"
P484087,"['Vegan', 'Refill Available', 'Floral Scent']"
P405501,No Highlights
P371607,"['Floral Scent', 'Hydrating']"
P445721,No Highlights
P472830,No Highlights
P503240,"['Vegan', 'Floral Scent']"
P461989,No Highlights
P504326,No Highlights
P425705,No Highlights
P428123,"['Without Parabens', 'Without Phthalates']"
P460733,"['Without Phthalates', 'Without Parabens']"
P454982,"['Vegan', 'Without Parabens', 'Without Sulfates SLS & SLES']"
P468858,No Highlights
P483707,No Highlights
P500691,"['Good for: Damage', 'Volumizing', 'Clean + Planet Positive', 'Hydrating', 'All Hair Types', 'Increases Shine']"
P500702,"['Good for: Damage', 'Volumizing', 'Clean + Planet Positive', 'Hydrating', 'All Hair Types', 'Increases Shine']"
P500698,"['Good for: Damage', 'Volumizing', 'Clean + Planet Positive', 'Hydrating', 'All Hair Types', 'Increases Shine']"
P500707,"['Good for: Damage', 'Volumizing', 'Clean + Planet Positive', 'Hydrating', 'All Hair Types', 'Increases Shine']"
P500695,No Highlights
P448865,"['All Hair Types', 'Good for: Frizz', 'Without Parabens', 'Without Sulfates SLS & SLES', 'Increases Shine']"
P480195,"['Vegan', 'Unisex/ Genderless Scent', 'Good for: Hair Thinning', 'Good for: Anti-Aging', 'All Hair Types', 'Cruelty-Free']"
P448169,"['Good for: Damage', 'All Hair Types', 'Good for: Dryness', 'Without Parabens', 'Without Sulfates SLS & SLES']"
P448733,"['Good for: Damage', 'Vegan', 'Good for: Color Care', 'Without Parabens', 'Without Sulfates SLS & SLES']"
P448729,"['Vegan', 'allure 2020 Best of Beauty Award Winner', 'Good for: Volume', 'Without Parabens', 'Without Sulfates SLS & SLES']"
P448739,"['Without Parabens', 'Without Sulfates SLS & SLES']"
P448734,"['Good for: Damage', 'Vegan', 'Good for: Color Care', 'Without Parabens', 'Without Sulfates SLS & SLES']"
P460411,"['All Hair Types', 'Without Parabens', 'Without Sulfates SLS & SLES', 'Good for: Flaky/Dry Scalp', 'Good for: Oily Scalp']"
P480368,"['Good for: Hair Thinning', 'Good for: Volume', 'Good for: Damage', 'Good for: Flaky/Dry Scalp', 'Vegan', 'Cruelty-Free']"
P480373,"['allure 2021 Best of Beauty Award Winner', 'Good for: Hair Thinning', 'All Hair Types', 'Good for: Damage', 'Customizable', 'Vegan']"
P480370,"['Vegan', 'Good for: Hair Thinning', 'Good for: Anti-Aging', 'All Hair Types', 'Fragrance Free', 'Cruelty-Free']"
P448738,"['Good for: Damage', 'All Hair Types', 'Without Parabens', 'Without Sulfates SLS & SLES', 'Increases Shine']"
P455851,No Highlights
P448864,"['Heat Protection', 'Good for: Frizz', 'Wavy Hair', 'Without Parabens', 'Without Sulfates SLS & SLES']"
P480375,"['Good for: Hair Thinning', 'Good for: Damage', 'Good for: Volume', 'Good for: Anti-Aging', 'Vegan', 'Cruelty-Free']"
P448730,"['Vegan', 'allure 2020 Best of Beauty Award Winner', 'Good for: Volume', 'Without Parabens', 'Without Sulfates SLS & SLES']"
P480369,"['Good for: Hair Thinning', 'Good for: Volume', 'Good for: Damage', 'Good for: Flaky/Dry Scalp', 'Vegan', 'Cruelty-Free']"
P455871,No Highlights
P480374,"['Good for: Hair Thinning', 'Good for: Volume', 'Good for: Damage', 'Good for: Anti-Aging', 'Vegan', 'Cruelty-Free']"
P463976,No Highlights
P480371,"['Vegan', 'Good for: Hair Thinning', 'Good for: Anti-Aging', 'All Hair Types', 'Fragrance Free', 'Cruelty-Free']"
P500310,"['Good for: Damage', 'Good for: Color Care', 'Heat Protection', 'Good for: Frizz', 'UV Protection', 'Alcohol Free']"
P448735,No Highlights
P455872,No Highlights
P448736,No Highlights
P460412,"['All Hair Types', 'Without Parabens', 'Without Sulfates SLS & SLES', 'Good for: Flaky/Dry Scalp', 'Good for: Oily Scalp']"
P448731,"['Vegan', 'Good for: Frizz', 'Good for: Dryness', 'Without Parabens', 'Without Sulfates SLS & SLES']"
P455002,No Highlights
P448732,"['Vegan', 'Good for: Frizz', 'Good for: Dryness', 'Without Parabens', 'Without Sulfates SLS & SLES']"
P455854,No Highlights
P448744,"['Medium Hold', 'All Hair Types', 'Without Parabens', 'Without Sulfates SLS & SLES', 'Increases Shine']"
P455001,No Highlights
P468719,"['Hydrating', 'Curl-Enhancing', 'Without Parabens', 'Without Silicones', 'Without Sulfates SLS & SLES']"
P455858,No Highlights
P476039,"['Vegan', 'Good for: Color Care', 'All Hair Types', 'UV Protection', 'Reduces Brassiness', 'Without Sulfates SLS & SLES']"
P502035,"['Vegan', 'Hydrating', 'Good for: Volume', 'Good for: Hair Thinning', 'Good for: Flaky/Dry Scalp', 'Cruelty-Free']"
P455873,No Highlights
P468718,"['Good for: Damage', 'Hydrating', 'Curl-Enhancing', 'Good for: Frizz', 'Without Silicones', 'Without Sulfates SLS & SLES']"
P455852,No Highlights
P468717,"['Good for: Damage', 'Hydrating', 'Curl-Enhancing', 'Good for: Frizz', 'Without Silicones', 'Without Sulfates SLS & SLES']"
P480372,"['Volumizing', 'Vegan', 'Heat Protection', 'Good for: Volume', 'Good for: Hair Thinning', 'Good for: Damage']"
P455833,"['Medium Hold', 'Good for: Volume', 'Without Parabens', 'Straight Hair', 'Without Sulfates SLS & SLES']"
P448737,No Highlights
P448743,"['Medium Hold', 'Good for: Volume', 'Without Parabens', 'Straight Hair', 'Without Sulfates SLS & SLES']"
P455857,No Highlights
P471110,"['Vegan', 'Good for: Damage', 'All Hair Types', 'Without Phthalates', 'Without Sulfates SLS & SLES', 'Good for: Flaky/Dry Scalp']"
P455856,No Highlights
P504317,"['Good for: Damage', 'Vegan', 'Good for: Frizz', 'Good for: Dryness', 'Increases Shine', 'Cruelty-Free']"
P455853,No Highlights
P455855,No Highlights
P504335,"['Good for: Damage', 'Vegan', 'Good for: Frizz', 'Good for: Dryness', 'Increases Shine', 'Cruelty-Free']"
P428669,No Highlights
P455558,No Highlights
P436753,"['Vegan', 'Without Phthalates', 'Without Parabens', 'Without Sulfates SLS & SLES', 'Cruelty-Free']"
P429550,"['Vegan', 'Without Phthalates', 'Without Parabens', 'Without Sulfates SLS & SLES', 'Cruelty-Free']"
P435110,['Fresh Scent']
P435108,['Woody & Earthy Scent']
P467272,['Warm &Spicy Scent']
P455593,['Warm &Spicy Scent']
P469197,['Warm &Spicy Scent']
P435109,['Fresh Scent']
P469127,['Warm &Spicy Scent']
P429555,['Woody & Earthy Scent']
P462411,"['Vegan', 'Warm &Spicy Scent', 'Without Phthalates', 'Without Parabens', 'Without Sulfates SLS & SLES', 'Cruelty-Free']"
P480644,"['Vegan', 'Without Phthalates', 'Without Parabens', 'Without Sulfates SLS & SLES', 'Cruelty-Free']"
P462413,"['Vegan', 'Warm &Spicy Scent', 'Without Phthalates', 'Without Parabens', 'Without Sulfates SLS & SLES', 'Cruelty-Free']"
P474871,"['Vegan', 'Woody & Earthy Scent', 'Without Phthalates', 'Without Parabens', 'Without Sulfates SLS & SLES', 'Cruelty-Free']"
P474133,"['Vegan', 'Floral Scent', 'Without Phthalates', 'Without Parabens', 'Without Sulfates SLS & SLES', 'Cruelty-Free']"
P455592,['Warm &Spicy Scent']
P429556,['Fresh Scent']
P502083,"['Vegan', 'Without Phthalates', 'Without Parabens', 'Without Sulfates SLS & SLES', 'Cruelty-Free']"
P455588,['Floral Scent']
P474134,"['Vegan', 'Floral Scent', 'Without Phthalates', 'Without Parabens', 'Without Sulfates SLS & SLES', 'Cruelty-Free']"
P462415,['Fresh Scent']
P483070,No Highlights
P480376,"['Vegan', 'Fresh Scent', 'Without Phthalates', 'Without Parabens', 'Without Sulfates SLS & SLES', 'Cruelty-Free']"
P435111,['Floral Scent']
P462416,['Fresh Scent']
P474865,"['Vegan', 'Woody & Earthy Scent', 'Without Phthalates', 'Without Parabens', 'Without Sulfates SLS & SLES', 'Cruelty-Free']"
P462414,['Fresh Scent']
P448473,['Floral Scent']
P429560,['Fresh Scent']
P502686,"['Vegan', 'Without Phthalates', 'Without Parabens', 'Without Sulfates SLS & SLES', 'Cruelty-Free']"
P480377,"['Vegan', 'Fresh Scent', 'Without Phthalates', 'Without Parabens', 'Without Sulfates SLS & SLES', 'Cruelty-Free']"
P448472,['Fresh Scent']
P429566,['Woody & Earthy Scent']
P474131,"['Vegan', 'Floral Scent', 'Without Phthalates', 'Without Parabens', 'Without Sulfates SLS & SLES', 'Cruelty-Free']"
P429554,['Warm &Spicy Scent']
P429564,['Woody & Earthy Scent']
P480645,"['Vegan', 'Woody & Earthy Scent', 'Without Phthalates', 'Without Parabens', 'Without Sulfates SLS & SLES', 'Cruelty-Free']"
P448471,['Floral Scent']
P448474,['Fresh Scent']
P429565,['Fresh Scent']
P474135,"['Vegan', 'Floral Scent', 'Without Phthalates', 'Without Parabens', 'Without Sulfates SLS & SLES', 'Cruelty-Free']"
P429559,['Fresh Scent']
P429563,['Warm &Spicy Scent']
P473157,['Woody & Earthy Scent']
P468424,['Floral Scent']
P473158,['Fresh Scent']
P480647,"['Vegan', 'Woody & Earthy Scent', 'Without Phthalates', 'Without Parabens', 'Without Sulfates SLS & SLES', 'Cruelty-Free']"
P448470,['Fresh Scent']
P504704,"['Vegan', 'Without Phthalates', 'Without Parabens', 'Without Sulfates SLS & SLES', 'Cruelty-Free']"
P502075,"['Vegan', 'Without Phthalates', 'Without Parabens', 'Without Sulfates SLS & SLES', 'Cruelty-Free']"
P468425,['Floral Scent']
P480378,"['Without Sulfates SLS & SLES', 'Without Parabens', 'Without Phthalates', 'Cruelty-Free', 'Vegan', 'Fresh Scent']"
P429552,No Highlights
P504687,"['Vegan', 'Without Phthalates', 'Without Parabens', 'Without Sulfates SLS & SLES', 'Gluten Free', 'Cruelty-Free']"
P502044,"['Vegan', 'Without Phthalates', 'Without Parabens', 'Without Sulfates SLS & SLES', 'Cruelty-Free']"
P504688,"['Vegan', 'Without Phthalates', 'Without Parabens', 'Without Sulfates SLS & SLES', 'Gluten Free', 'Cruelty-Free']"
P477455,"['Vegan', 'Without Phthalates', 'Without Parabens', 'Without Sulfates SLS & SLES', 'Cruelty-Free']"
P474132,"['Vegan', 'Floral Scent', 'Without Phthalates', 'Without Parabens', 'Without Sulfates SLS & SLES', 'Cruelty-Free']"
P502042,"['Vegan', 'Without Phthalates', 'Without Parabens', 'Without Sulfates SLS & SLES', 'Cruelty-Free']"
P428668,"['Vegan', 'allure 2020 Best of Beauty Award Winner', 'Hyaluronic Acid', 'Plumping', 'Hydrating']"
P437367,"['Liquid Formula', 'Medium Coverage', 'Natural Finish', 'Long-wearing', 'Vegan']"
P411529,"['Vegan', 'Pressed Powder Formula', 'Matte Finish', 'Medium Coverage', 'Best for Oily, Combo, Normal Skin']"
P414160,"['allure 2020 Best of Beauty Award Winner', 'Volumizing', 'Curling', 'Long-wearing', 'Without Parabens']"
P481391,"['Vegan', 'Natural Finish', 'Cream Formula', 'Clean at Sephora', 'Medium Coverage', 'Gluten Free', 'Cruelty-Free']"
P442231,"['Community Favorite', 'Long-wearing', 'Lengthening']"
P417143,"['Stick Formula', 'Natural Finish', 'Liquid Formula', 'Clean at Sephora', 'Hydrating', 'Medium Coverage']"
P407107,No Highlights
P458941,"['allure 2020 Best of Beauty Award Winner', 'Volumizing', 'Curling', 'Long-wearing', 'Without Parabens']"
P437960,"['Vegan', 'allure 2020 Best of Beauty Award Winner', 'Hyaluronic Acid', 'Plumping', 'Hydrating']"
P476920,"['Vegan', 'Volumizing', 'Clean at Sephora', 'Long-wearing', 'Lengthening', 'Cruelty-Free']"
P481370,"['High Shine Finish', 'Light Coverage', 'Vegan', 'Cruelty-Free', 'Hydrating', 'Gluten Free']"
P503635,"['Vegan', 'Clean at Sephora', 'Satin Finish', 'Good for: Anti-Aging', 'UV Protection', 'SPF']"
P501165,"['Good for: Dullness/Uneven Texture', 'Clean at Sephora', 'Fragrance Free', 'Good for: Dryness', 'Cruelty-Free']"
P501187,"['Good for: Dullness/Uneven Texture', 'Clean at Sephora', 'Fragrance Free', 'Good for: Dryness', 'Cruelty-Free']"
P501188,"['Good for: Dullness/Uneven Texture', 'Clean at Sephora', 'Fragrance Free', 'Good for: Dryness', 'Cruelty-Free']"
P501170,"['Good for: Dullness/Uneven Texture', 'Clean at Sephora', 'Fragrance Free', 'Good for: Dryness', 'Cruelty-Free']"
P501171,"['Good for: Dullness/Uneven Texture', 'Clean at Sephora', 'Fragrance Free', 'Good for: Dryness', 'Cruelty-Free']"
P501189,"['Good for: Dullness/Uneven Texture', 'Clean at Sephora', 'Fragrance Free', 'Good for: Dryness', 'Cruelty-Free']"
P501199,"['Good for: Dullness/Uneven Texture', 'Clean at Sephora', 'Fragrance Free', 'Good for: Dryness', 'Cruelty-Free']"
P501178,"['Good for: Dullness/Uneven Texture', 'Clean at Sephora', 'Fragrance Free', 'Good for: Dryness', 'Cruelty-Free']"
P468431,"['Vegan', 'Stick Formula', 'Clean at Sephora', 'Hydrating']"
P468433,"['Clean at Sephora', 'Stick Formula', 'Vegan', 'Natural Finish']"
P468429,"['Vegan', 'allure 2022 Best of Beauty Award Winner', 'Good for: Redness', 'Good for: Dullness/Uneven Texture', 'Clean at Sephora', 'Without Silicones']"
P469873,"['Gluten Free', 'Liquid Formula', 'High Shine Finish', 'Hydrating', 'Clean at Sephora']"
P501795,"['Vegan', 'Good for: Redness', 'Hydrating', 'Clean at Sephora', 'Best for Dry, Combo, Normal Skin', 'Cruelty-Free']"
P500321,"['Radiant Finish', 'High Shine Finish', 'Plumping', 'Hydrating', 'Clean at Sephora']"
P468430,"['Radiant Finish', 'High Shine Finish', 'Plumping', 'Hydrating', 'Clean at Sephora']"
P500303,"['Vegan', 'Pressed Powder Formula', 'Good for: Dullness/Uneven Texture', 'Good for: Pores', 'Clean at Sephora', 'Cruelty-Free']"
P468432,"['Vegan', 'Good for: Dullness/Uneven Texture', 'Clean at Sephora', 'Hydrating', 'allure 2021 Best of Beauty Award Winner']"
P504318,"['Vegan', 'Natural Finish', 'Cream Formula', 'Clean at Sephora', 'Hydrating', 'Cruelty-Free']"
P468436,"['Clean at Sephora', 'Satin Finish', 'Vegan']"
P468435,"['Clean at Sephora', 'Hydrating', 'Matte Finish']"
P468434,"['Clean at Sephora', 'Pressed Powder Formula', 'Vegan', 'Matte Finish', 'Hydrating']"
P479361,"['Cruelty-Free', 'Vegan', 'Radiant Finish', 'Natural Finish', 'Satin Finish', 'Clean at Sephora']"
P468440,"['Clean at Sephora', 'Vegan']"
P468443,"['Clean at Sephora', 'Vegan']"
P482557,"['Vegan', 'Natural Finish', 'Clean at Sephora', 'Cruelty-Free']"
P468445,"['Clean at Sephora', 'Vegan']"
P502085,"['Vegan', 'Clean at Sephora', 'Cruelty-Free']"
P468441,"['Clean at Sephora', 'Vegan']"
P468444,"['Clean at Sephora', 'Vegan']"
P468437,"['Clean at Sephora', 'Lengthening', 'Volumizing', 'Curling']"
P468442,"['Clean at Sephora', 'Vegan']"
P468438,"['Clean at Sephora', 'Vegan']"
P468439,"['Clean at Sephora', 'Vegan']"
P503578,"['Clean at Sephora', 'Cruelty-Free']"
P455676,"['Vegan', 'Good for: Dark Circles', 'Good for: Pores', 'Good for: Dullness/Uneven Texture', 'Cruelty-Free', 'Clean at Sephora']"
P458216,"['Vegan', 'Good for: Dark Circles', 'Good for: Pores', 'Good for: Dullness/Uneven Texture', 'Cruelty-Free', 'Clean at Sephora']"
P461213,"['Best for Oily, Combo, Normal Skin', 'Good for: Dullness/Uneven Texture', 'Good for: Dark Circles', 'Niacinamide', 'Cruelty-Free', 'Clean at Sephora']"
P471111,"['Vegan', 'Good for: Dullness/Uneven Texture', 'Good for: Acne/Blemishes', 'Good for: Pores', 'Cruelty-Free', 'Clean at Sephora']"
P466163,"['Good for: Loss of firmness', 'Good for: Dryness', 'Plumping', 'Hydrating', 'Cruelty-Free', 'Clean at Sephora']"
P463665,"['Vegan', 'Good for: Dullness/Uneven Texture', 'Good for: Dark Circles', 'Clean at Sephora', 'Good for: Dryness', 'Cruelty-Free']"
P475629,"['Good for: Loss of firmness', 'Plumping', 'Collagen', 'Clean at Sephora', 'Good for: Dryness', 'Cruelty-Free']"
P501790,"['Vegan', 'Vitamin C', 'Clean at Sephora', 'Fragrance Free', 'Good for: Dryness', 'Cruelty-Free']"
P500428,"['Vegan', 'Good for: Loss of firmness', 'Clean at Sephora', 'Good for: Dark Circles', 'Good for: Dryness', 'Cruelty-Free']"
P502771,"['Hyaluronic Acid', 'Good for: Loss of firmness', 'Collagen', 'Good for: Anti-Aging', 'Good for: Dryness', 'Cruelty-Free']"
P481179,"['Fresh Scent', 'Warm &Spicy Scent', 'Woody & Earthy Scent', 'Floral Scent', 'Layerable Scent']"
P479837,"['Unisex/ Genderless Scent', 'Fresh Scent', 'Layerable Scent']"
P479836,"['Unisex/ Genderless Scent', 'Fresh Scent', 'Layerable Scent']"
P481185,"['Unisex/ Genderless Scent', 'Warm &Spicy Scent', 'Layerable Scent']"
P481181,"['Unisex/ Genderless Scent', 'Layerable Scent', 'Warm &Spicy Scent']"
P481184,"['Unisex/ Genderless Scent', 'Warm &Spicy Scent', 'Layerable Scent']"
P481183,"['Unisex/ Genderless Scent', 'Layerable Scent', 'Woody & Earthy Scent']"
P481187,"['Unisex/ Genderless Scent', 'Fresh Scent', 'Layerable Scent']"
P481182,"['Unisex/ Genderless Scent', 'Woody & Earthy Scent', 'Layerable Scent']"
P481186,"['Unisex/ Genderless Scent', 'Fresh Scent', 'Layerable Scent']"
P411387,"['Vegan', 'Refill Available', 'Good for: Pores', 'allure 2021 Best of Beauty Award Winner', 'Best for Oily, Combo, Normal Skin', 'Without Sulfates SLS & SLES']"
P441644,"['Refill Available', 'Community Favorite', 'Good for: Pores', 'Clean + Planet Positive', 'Best for Oily, Combo, Normal Skin', 'Without Sulfates SLS & SLES']"
P440307,"['Vegan', 'Good for: Dullness/Uneven Texture', 'Community Favorite', 'Vitamin C', 'Clean + Planet Positive', 'allure 2021 Best of Beauty Award Winner']"
P461555,"['Good for: Dullness/Uneven Texture', 'allure 2019 Best of Beauty Award Winner', 'Community Favorite', 'Vitamin C', 'Clean + Planet Positive', 'Best for Dry, Combo, Normal Skin']"
P432829,"['Vegan', 'Good for: Redness', 'Best for Dry Skin', 'Clean + Planet Positive', 'Hydrating', 'Fragrance Free']"
P463371,"['Vegan', 'Good for: Redness', 'Best for Dry Skin', 'Clean + Planet Positive', 'Hydrating', 'Fragrance Free']"
P411388,"['Hyaluronic Acid', 'Good for: Pores', 'Plumping', 'Clean + Planet Positive', 'Hydrating', 'Best for Oily, Combo, Normal Skin']"
P430146,"['Good for: Dullness/Uneven Texture', 'Community Favorite', 'Clean + Planet Positive', 'Good for: Anti-Aging', 'Good for: Dryness']"
P466164,"['Vegan', 'Good for: Dullness/Uneven Texture', 'Clean + Planet Positive', 'Vitamin C', 'Good for: Anti-Aging', 'Good for: Dark spots']"
P477830,"['Vegan', 'Hyaluronic Acid', 'Clean + Planet Positive', 'Hydrating', 'Good for: Dryness', 'Best for Oily, Combo, Normal Skin']"
P455934,"['Good for: Dullness/Uneven Texture', 'Clean + Planet Positive', 'Good for: Pores', 'Niacinamide']"
P475630,"['Clean + Planet Positive', 'Good for: Pores', 'Hydrating', 'Good for: Acne/Blemishes', 'Salicylic Acid', 'Alcohol Free']"
P463144,"['Good for: Loss of firmness', 'Clean + Planet Positive', 'Vitamin C', 'Good for: Anti-Aging', 'Good for: Dryness']"
P479362,"['Hyaluronic Acid', 'Plumping', 'Hydrating', 'Fragrance Free', 'Good for: Dryness', 'Best for Dry, Combo, Normal Skin']"
P444980,"['Good for: Redness', 'Good for: Dullness/Uneven Texture', 'Community Favorite', 'Clean + Planet Positive', 'Good for: Dryness']"
P500138,"['Good for: Loss of firmness', 'Clean + Planet Positive', 'Collagen', 'Good for: Anti-Aging', 'Fragrance Free', 'Niacinamide']"
P470065,"['Vegan', 'Best for Oily Skin', 'Good for: Pores', 'Clean + Planet Positive', 'Fragrance Free', 'Niacinamide']"
P416923,"['Hyaluronic Acid', 'Good for: Loss of firmness', 'Clean + Planet Positive', 'Good for: Anti-Aging', 'Good for: Dryness']"
P482329,"['Good for: Dullness/Uneven Texture', 'Clean + Planet Positive', 'Retinol', 'Good for: Anti-Aging', 'Good for: Acne/Blemishes', 'Niacinamide']"
P502479,"['Good for: Dullness/Uneven Texture', 'Lactic Acid', 'Clean + Planet Positive', 'AHA/Glycolic Acid', 'Fragrance Free', 'Good for: Dark spots']"
P473336,"['Vegan', 'Vitamin C', 'Good for: Pores', 'Clean + Planet Positive', 'Cruelty-Free']"
P504313,"['Vegan', 'Good for: Dullness/Uneven Texture', 'Vitamin C', 'Clean + Planet Positive', 'Good for: Dark Circles', 'Hydrating']"
P501474,"['Clean at Sephora', 'Hydrating', 'Good for: Anti-Aging', 'Retinol', 'AHA/Glycolic Acid', 'Good for: Acne/Blemishes']"
P502998,"['Vegan', 'Hyaluronic Acid', 'Clean at Sephora', 'Hydrating', 'Good for: Dryness', 'Best for Dry, Combo, Normal Skin']"
P503872,"['Clean + Planet Positive', 'Good for: Pores', 'Hydrating', 'Good for: Acne/Blemishes', 'Salicylic Acid', 'Alcohol Free']"
P502977,"['Vegan', 'Good for: Pores', 'Clean + Planet Positive', 'Good for: Acne/Blemishes', 'Best for Oily, Combo, Normal Skin', 'Without Sulfates SLS & SLES']"
P502978,"['Vegan', 'Good for: Dullness/Uneven Texture', 'Vitamin C', 'Plumping', 'Clean at Sephora', 'Hydrating']"
P377710,"['High Shine Finish', 'Hydrating', 'Without Phthalates', 'Without Parabens']"
P394534,No Highlights
P218431,"['Light Coverage', 'Radiant Finish', 'Liquid Formula', 'Hydrating']"
P400701,"['Hydrating', 'Satin Finish']"
P448102,No Highlights
P410743,No Highlights
P421456,"['Hyaluronic Acid', 'Liquid Formula', 'Matte Finish', 'Full Coverage', 'SPF', 'Without Sulfates SLS & SLES']"
P470257,No Highlights
P436506,"['allure 2020 Best of Beauty Award Winner', 'Matte Finish', 'Long-wearing', 'Without Phthalates']"
P397615,"['Liquid Formula', 'Radiant Finish', 'Without Sulfates SLS & SLES', 'Without Formaldehydes', 'Without Parabens', 'Community Favorite']"
P410181,['Floral Scent']
P474600,"['Hyaluronic Acid', 'Hydrating', 'Light Coverage', 'Radiant Finish']"
P457250,"['Matte Finish', 'Long-wearing', 'allure 2020 Best of Beauty Award Winner', 'Without Sulfates SLS & SLES', 'Without Parabens', 'Without Phthalates']"
P448106,['Floral Scent']
P474872,"['Matte Finish', 'Long-wearing', 'Without Parabens', 'Without Sulfates SLS & SLES']"
P440971,"['Radiant Finish', 'Hyaluronic Acid']"
P480000,"['High Shine Finish', 'Hydrating']"
P462417,['Floral Scent']
P463666,"['Hydrating', 'Matte Finish', 'Without Parabens', 'Without Sulfates SLS & SLES']"
P479863,"['Vegan', 'Lengthening', 'Without Parabens', 'Without Sulfates SLS & SLES', 'Cruelty-Free']"
P436005,['Woody & Earthy Scent']
P180727,"['Woody & Earthy Scent', 'Layerable Scent']"
P393427,"['Volumizing', 'Long-wearing', 'Lengthening']"
P422335,No Highlights
P501588,"['Satin Finish', 'Hydrating', 'Without Phthalates', 'Full Coverage', 'Without Formaldehydes', 'Without Parabens']"
P467796,"['Hydrating', 'Satin Finish']"
P470066,No Highlights
P477258,No Highlights
P243320,['Woody & Earthy Scent']
P501791,No Highlights
P479693,No Highlights
P502049,No Highlights
P432284,"['Curling', 'Lengthening', 'Long-wearing']"
P500493,"['Light Coverage', 'Natural Finish', 'Hyaluronic Acid', 'Cream Formula', 'Hydrating', 'Without Parabens']"
P410638,['Floral Scent']
P474601,"['Without Parabens', 'Without Mineral Oil', 'Without Silicones', 'Radiant Finish']"
P408986,No Highlights
P458229,['Floral Scent']
P500265,No Highlights
P463984,No Highlights
P455412,No Highlights
P504062,No Highlights
P6303,No Highlights
P474602,"['Best for Oily, Combo, Normal Skin', 'Without Parabens', 'Without Mineral Oil', 'Matte Finish', 'Salicylic Acid']"
P474604,"['Natural Finish', 'Without Mineral Oil', 'Without Parabens']"
P504075,No Highlights
P471294,No Highlights
P432087,"['Fresh Scent', 'Layerable Scent']"
P500062,"['Layerable Scent', 'Woody & Earthy Scent']"
P433904,['Floral Scent']
P500170,No Highlights
P483501,"['Hydrating', 'Satin Finish']"
P383083,No Highlights
P504333,No Highlights
P460446,No Highlights
P467660,No Highlights
P306857,No Highlights
P457262,"['Fresh Scent', 'Layerable Scent']"
P501330,No Highlights
P504430,No Highlights
P467659,No Highlights
P500874,"['Layerable Scent', 'Woody & Earthy Scent']"
P504428,No Highlights
